code_id	group	n	k	d_recorded	distance_trials	distance_method	A_id	B_id	run_dir	src_dir	collected_dir
C11_AAp11_0_0_0_1_1_3_BBp16_0_1_3_3_5_6_k2_d25	C11	396	2	25	600000	dist-m4ri	p11_0_0_0_1_1_3	p16_0_1_3_3_5_6	results/progressive_C11_20260126T125635Z	results/progressive_C11_20260126T125635Z/best_codes/C11_AAp11_0_0_0_1_1_3_BBp16_0_1_3_3_5_6_k2_d25	best_codes/collected/C11_AAp11_0_0_0_1_1_3_BBp16_0_1_3_3_5_6_k2_d25
C11_AAp11_0_0_0_1_1_7_BBp27_0_1_1_5_5_8_k2_d23	C11	396	2	23	600000	dist-m4ri	p11_0_0_0_1_1_7	p27_0_1_1_5_5_8	results/progressive_C11_20260126T125635Z	results/progressive_C11_20260126T125635Z/best_codes/C11_AAp11_0_0_0_1_1_7_BBp27_0_1_1_5_5_8_k2_d23	best_codes/collected/C11_AAp11_0_0_0_1_1_7_BBp27_0_1_1_5_5_8_k2_d23
C11_AAp11_0_0_0_1_1_3_BBp27_0_1_1_5_5_8_k2_d20	C11	396	2	20	600000	dist-m4ri	p11_0_0_0_1_1_3	p27_0_1_1_5_5_8	results/progressive_C11_20260126T125635Z	results/progressive_C11_20260126T125635Z/best_codes/C11_AAp11_0_0_0_1_1_3_BBp27_0_1_1_5_5_8_k2_d20	best_codes/collected/C11_AAp11_0_0_0_1_1_3_BBp27_0_1_1_5_5_8_k2_d20
C11_AAp11_0_0_0_0_0_4_BBp16_0_1_2_2_3_4_k2_d19	C11	396	2	19	600000	dist-m4ri	p11_0_0_0_0_0_4	p16_0_1_2_2_3_4	results/progressive_C11_20260126T125635Z	results/progressive_C11_20260126T125635Z/best_codes/C11_AAp11_0_0_0_0_0_4_BBp16_0_1_2_2_3_4_k2_d19	best_codes/collected/C11_AAp11_0_0_0_0_0_4_BBp16_0_1_2_2_3_4_k2_d19
C11_AAp11_0_0_0_0_0_3_BBp27_0_1_1_5_5_8_k2_d18	C11	396	2	18	600000	dist-m4ri	p11_0_0_0_0_0_3	p27_0_1_1_5_5_8	results/progressive_C11_20260126T125635Z	results/progressive_C11_20260126T125635Z/best_codes/C11_AAp11_0_0_0_0_0_3_BBp27_0_1_1_5_5_8_k2_d18	best_codes/collected/C11_AAp11_0_0_0_0_0_3_BBp27_0_1_1_5_5_8_k2_d18
C11_AAp11_0_0_0_0_0_10_BBp27_0_0_1_4_7_7_k2_d16	C11	396	2	16	600000	dist-m4ri	p11_0_0_0_0_0_10	p27_0_0_1_4_7_7	results/progressive_C11_20260126T125635Z	results/progressive_C11_20260126T125635Z/best_codes/C11_AAp11_0_0_0_0_0_10_BBp27_0_0_1_4_7_7_k2_d16	best_codes/collected/C11_AAp11_0_0_0_0_0_10_BBp27_0_0_1_4_7_7_k2_d16
C11_AAp11_0_0_0_0_0_1_BBp27_0_0_1_4_7_7_k2_d14	C11	396	2	14	600000	dist-m4ri	p11_0_0_0_0_0_1	p27_0_0_1_4_7_7	results/progressive_C11_20260126T125635Z	results/progressive_C11_20260126T125635Z/best_codes/C11_AAp11_0_0_0_0_0_1_BBp27_0_0_1_4_7_7_k2_d14	best_codes/collected/C11_AAp11_0_0_0_0_0_1_BBp27_0_0_1_4_7_7_k2_d14
C11_AAp6_0_0_0_2_8_10_BBp8_0_1_1_5_5_8_k4_d27	C11	396	4	27	600000	dist-m4ri	p6_0_0_0_2_8_10	p8_0_1_1_5_5_8	results/progressive_C11_20260126T125635Z	results/progressive_C11_20260126T125635Z/best_codes/C11_AAp6_0_0_0_2_8_10_BBp8_0_1_1_5_5_8_k4_d27	best_codes/collected/C11_AAp6_0_0_0_2_8_10_BBp8_0_1_1_5_5_8_k4_d27
C11_AAp6_0_0_0_1_7_8_BBp27_0_2_2_4_4_7_k4_d26	C11	396	4	26	600000	dist-m4ri	p6_0_0_0_1_7_8	p27_0_2_2_4_4_7	results/progressive_C11_20260126T125635Z	results/progressive_C11_20260126T125635Z/best_codes/C11_AAp6_0_0_0_1_7_8_BBp27_0_2_2_4_4_7_k4_d26	best_codes/collected/C11_AAp6_0_0_0_1_7_8_BBp27_0_2_2_4_4_7_k4_d26
C11_AAp6_0_0_0_1_2_3_BBp8_0_1_1_5_5_8_k4_d25	C11	396	4	25	600000	dist-m4ri	p6_0_0_0_1_2_3	p8_0_1_1_5_5_8	results/progressive_C11_20260126T125635Z	results/progressive_C11_20260126T125635Z/best_codes/C11_AAp6_0_0_0_1_2_3_BBp8_0_1_1_5_5_8_k4_d25	best_codes/collected/C11_AAp6_0_0_0_1_2_3_BBp8_0_1_1_5_5_8_k4_d25
C11_AAp6_0_0_0_1_2_10_BBp8_0_1_1_5_5_8_k4_d23	C11	396	4	23	600000	dist-m4ri	p6_0_0_0_1_2_10	p8_0_1_1_5_5_8	results/progressive_C11_20260126T125635Z	results/progressive_C11_20260126T125635Z/best_codes/C11_AAp6_0_0_0_1_2_10_BBp8_0_1_1_5_5_8_k4_d23	best_codes/collected/C11_AAp6_0_0_0_1_2_10_BBp8_0_1_1_5_5_8_k4_d23
C11_AAp6_0_0_0_1_2_10_BBp27_0_4_4_9_9_10_k4_d22	C11	396	4	22	600000	dist-m4ri	p6_0_0_0_1_2_10	p27_0_4_4_9_9_10	results/progressive_C11_20260126T125635Z	results/progressive_C11_20260126T125635Z/best_codes/C11_AAp6_0_0_0_1_2_10_BBp27_0_4_4_9_9_10_k4_d22	best_codes/collected/C11_AAp6_0_0_0_1_2_10_BBp27_0_4_4_9_9_10_k4_d22
C11_AAp6_0_0_0_1_1_1_BBp27_0_4_4_9_9_10_k4_d20	C11	396	4	20	600000	dist-m4ri	p6_0_0_0_1_1_1	p27_0_4_4_9_9_10	results/progressive_C11_20260126T125635Z	results/progressive_C11_20260126T125635Z/best_codes/C11_AAp6_0_0_0_1_1_1_BBp27_0_4_4_9_9_10_k4_d20	best_codes/collected/C11_AAp6_0_0_0_1_1_1_BBp27_0_4_4_9_9_10_k4_d20
C11_AAp6_0_0_0_0_2_2_BBp16_0_1_5_5_9_10_k4_d19	C11	396	4	19	600000	dist-m4ri	p6_0_0_0_0_2_2	p16_0_1_5_5_9_10	results/progressive_C11_20260126T125635Z	results/progressive_C11_20260126T125635Z/best_codes/C11_AAp6_0_0_0_0_2_2_BBp16_0_1_5_5_9_10_k4_d19	best_codes/collected/C11_AAp6_0_0_0_0_2_2_BBp16_0_1_5_5_9_10_k4_d19
C11_AAp6_0_0_0_0_1_1_BBp27_0_4_4_9_9_10_k4_d18	C11	396	4	18	600000	dist-m4ri	p6_0_0_0_0_1_1	p27_0_4_4_9_9_10	results/progressive_C11_20260126T125635Z	results/progressive_C11_20260126T125635Z/best_codes/C11_AAp6_0_0_0_0_1_1_BBp27_0_4_4_9_9_10_k4_d18	best_codes/collected/C11_AAp6_0_0_0_0_1_1_BBp27_0_4_4_9_9_10_k4_d18
C11_AAp6_0_0_0_0_1_1_BBp8_0_0_1_4_7_7_k4_d16	C11	396	4	16	600000	dist-m4ri	p6_0_0_0_0_1_1	p8_0_0_1_4_7_7	results/progressive_C11_20260126T125635Z	results/progressive_C11_20260126T125635Z/best_codes/C11_AAp6_0_0_0_0_1_1_BBp8_0_0_1_4_7_7_k4_d16	best_codes/collected/C11_AAp6_0_0_0_0_1_1_BBp8_0_0_1_4_7_7_k4_d16
C11_AAp27_0_0_4_4_7_10_BBp6_0_0_0_0_1_1_k4_d14	C11	396	4	14	600000	dist-m4ri	p27_0_0_4_4_7_10	p6_0_0_0_0_1_1	results/progressive_C11_20260126T125635Z	results/progressive_C11_20260126T125635Z/best_codes/C11_AAp27_0_0_4_4_7_10_BBp6_0_0_0_0_1_1_k4_d14	best_codes/collected/C11_AAp27_0_0_4_4_7_10_BBp6_0_0_0_0_1_1_k4_d14
C11_AAp11_0_0_0_1_1_9_BBp0_0_4_5_6_9_10_k6_d20	C11	396	6	20	600000	dist-m4ri	p11_0_0_0_1_1_9	p0_0_4_5_6_9_10	results/progressive_C11_20260126T125635Z	results/progressive_C11_20260126T125635Z/best_codes/C11_AAp11_0_0_0_1_1_9_BBp0_0_4_5_6_9_10_k6_d20	best_codes/collected/C11_AAp11_0_0_0_1_1_9_BBp0_0_4_5_6_9_10_k6_d20
C11_AAp11_0_0_0_3_3_7_BBp0_0_2_5_6_7_8_k6_d19	C11	396	6	19	600000	dist-m4ri	p11_0_0_0_3_3_7	p0_0_2_5_6_7_8	results/progressive_C11_20260126T125635Z	results/progressive_C11_20260126T125635Z/best_codes/C11_AAp11_0_0_0_3_3_7_BBp0_0_2_5_6_7_8_k6_d19	best_codes/collected/C11_AAp11_0_0_0_3_3_7_BBp0_0_2_5_6_7_8_k6_d19
C11_AAp11_0_0_0_1_1_5_BBp0_0_1_4_5_7_8_k6_d17	C11	396	6	17	600000	dist-m4ri	p11_0_0_0_1_1_5	p0_0_1_4_5_7_8	results/progressive_C11_20260126T125635Z	results/progressive_C11_20260126T125635Z/best_codes/C11_AAp11_0_0_0_1_1_5_BBp0_0_1_4_5_7_8_k6_d17	best_codes/collected/C11_AAp11_0_0_0_1_1_5_BBp0_0_1_4_5_7_8_k6_d17
C11_AAp0_0_3_4_5_6_9_BBp27_0_4_4_9_9_10_k6_d16	C11	396	6	16	600000	dist-m4ri	p0_0_3_4_5_6_9	p27_0_4_4_9_9_10	results/progressive_C11_20260126T125635Z	results/progressive_C11_20260126T125635Z/best_codes/C11_AAp0_0_3_4_5_6_9_BBp27_0_4_4_9_9_10_k6_d16	best_codes/collected/C11_AAp0_0_3_4_5_6_9_BBp27_0_4_4_9_9_10_k6_d16
C11_AAp0_0_3_4_5_6_9_BBp27_0_1_1_5_5_8_k6_d15	C11	396	6	15	600000	dist-m4ri	p0_0_3_4_5_6_9	p27_0_1_1_5_5_8	results/progressive_C11_20260126T125635Z	results/progressive_C11_20260126T125635Z/best_codes/C11_AAp0_0_3_4_5_6_9_BBp27_0_1_1_5_5_8_k6_d15	best_codes/collected/C11_AAp0_0_3_4_5_6_9_BBp27_0_1_1_5_5_8_k6_d15
C11_AAp27_0_0_4_4_7_10_BBp0_0_1_5_6_6_7_k6_d14	C11	396	6	14	600000	dist-m4ri	p27_0_0_4_4_7_10	p0_0_1_5_6_6_7	results/progressive_C11_20260126T125635Z	results/progressive_C11_20260126T125635Z/best_codes/C11_AAp27_0_0_4_4_7_10_BBp0_0_1_5_6_6_7_k6_d14	best_codes/collected/C11_AAp27_0_0_4_4_7_10_BBp0_0_1_5_6_6_7_k6_d14
C11_AAp6_0_0_0_1_3_4_BBp6_0_3_5_8_8_10_k8_d24	C11	396	8	24	600000	dist-m4ri	p6_0_0_0_1_3_4	p6_0_3_5_8_8_10	results/progressive_C11_20260126T125635Z	results/progressive_C11_20260126T125635Z/best_codes/C11_AAp6_0_0_0_1_3_4_BBp6_0_3_5_8_8_10_k8_d24	best_codes/collected/C11_AAp6_0_0_0_1_3_4_BBp6_0_3_5_8_8_10_k8_d24
C11_AAp6_0_0_0_1_2_3_BBp6_0_3_5_8_8_10_k8_d22	C11	396	8	22	600000	dist-m4ri	p6_0_0_0_1_2_3	p6_0_3_5_8_8_10	results/progressive_C11_20260126T125635Z	results/progressive_C11_20260126T125635Z/best_codes/C11_AAp6_0_0_0_1_2_3_BBp6_0_3_5_8_8_10_k8_d22	best_codes/collected/C11_AAp6_0_0_0_1_2_3_BBp6_0_3_5_8_8_10_k8_d22
C11_AAp6_0_0_0_1_2_3_BBp6_0_1_2_7_7_8_k8_d21	C11	396	8	21	600000	dist-m4ri	p6_0_0_0_1_2_3	p6_0_1_2_7_7_8	results/progressive_C11_20260126T125635Z	results/progressive_C11_20260126T125635Z/best_codes/C11_AAp6_0_0_0_1_2_3_BBp6_0_1_2_7_7_8_k8_d21	best_codes/collected/C11_AAp6_0_0_0_1_2_3_BBp6_0_1_2_7_7_8_k8_d21
C11_AAp6_0_0_0_1_2_4_BBp6_0_0_3_6_8_8_k8_d20	C11	396	8	20	600000	dist-m4ri	p6_0_0_0_1_2_4	p6_0_0_3_6_8_8	results/progressive_C11_20260126T125635Z	results/progressive_C11_20260126T125635Z/best_codes/C11_AAp6_0_0_0_1_2_4_BBp6_0_0_3_6_8_8_k8_d20	best_codes/collected/C11_AAp6_0_0_0_1_2_4_BBp6_0_0_3_6_8_8_k8_d20
C11_AAp6_0_0_0_0_2_2_BBp6_0_3_4_6_6_9_k8_d18	C11	396	8	18	600000	dist-m4ri	p6_0_0_0_0_2_2	p6_0_3_4_6_6_9	results/progressive_C11_20260126T125635Z	results/progressive_C11_20260126T125635Z/best_codes/C11_AAp6_0_0_0_0_2_2_BBp6_0_3_4_6_6_9_k8_d18	best_codes/collected/C11_AAp6_0_0_0_0_2_2_BBp6_0_3_4_6_6_9_k8_d18
C11_AAp6_0_0_0_0_1_1_BBp6_0_0_3_6_8_8_k8_d16	C11	396	8	16	600000	dist-m4ri	p6_0_0_0_0_1_1	p6_0_0_3_6_8_8	results/progressive_C11_20260126T125635Z	results/progressive_C11_20260126T125635Z/best_codes/C11_AAp6_0_0_0_0_1_1_BBp6_0_0_3_6_8_8_k8_d16	best_codes/collected/C11_AAp6_0_0_0_0_1_1_BBp6_0_0_3_6_8_8_k8_d16
C11_AAp6_0_0_0_1_4_5_BBp0_0_3_5_6_8_9_k12_d18	C11	396	12	18	600000	dist-m4ri	p6_0_0_0_1_4_5	p0_0_3_5_6_8_9	results/progressive_C11_20260126T125635Z	results/progressive_C11_20260126T125635Z/best_codes/C11_AAp6_0_0_0_1_4_5_BBp0_0_3_5_6_8_9_k12_d18	best_codes/collected/C11_AAp6_0_0_0_1_4_5_BBp0_0_3_5_6_8_9_k12_d18
C11_AAp6_0_0_0_1_2_10_BBp0_0_3_4_6_8_10_k12_d17	C11	396	12	17	600000	dist-m4ri	p6_0_0_0_1_2_10	p0_0_3_4_6_8_10	results/progressive_C11_20260126T125635Z	results/progressive_C11_20260126T125635Z/best_codes/C11_AAp6_0_0_0_1_2_10_BBp0_0_3_4_6_8_10_k12_d17	best_codes/collected/C11_AAp6_0_0_0_1_2_10_BBp0_0_3_4_6_8_10_k12_d17
C11_AAp0_0_1_2_7_8_9_BBp6_0_3_5_8_8_10_k12_d16	C11	396	12	16	600000	dist-m4ri	p0_0_1_2_7_8_9	p6_0_3_5_8_8_10	results/progressive_C11_20260126T125635Z	results/progressive_C11_20260126T125635Z/best_codes/C11_AAp0_0_1_2_7_8_9_BBp6_0_3_5_8_8_10_k12_d16	best_codes/collected/C11_AAp0_0_1_2_7_8_9_BBp6_0_3_5_8_8_10_k12_d16
C11_AAp0_0_3_4_5_6_9_BBp6_0_3_4_6_6_9_k12_d15	C11	396	12	15	600000	dist-m4ri	p0_0_3_4_5_6_9	p6_0_3_4_6_6_9	results/progressive_C11_20260126T125635Z	results/progressive_C11_20260126T125635Z/best_codes/C11_AAp0_0_3_4_5_6_9_BBp6_0_3_4_6_6_9_k12_d15	best_codes/collected/C11_AAp0_0_3_4_5_6_9_BBp6_0_3_4_6_6_9_k12_d15
C11_AAp0_0_3_4_5_6_9_BBp6_0_0_3_6_8_8_k12_d14	C11	396	12	14	600000	dist-m4ri	p0_0_3_4_5_6_9	p6_0_0_3_6_8_8	results/progressive_C11_20260126T125635Z	results/progressive_C11_20260126T125635Z/best_codes/C11_AAp0_0_3_4_5_6_9_BBp6_0_0_3_6_8_8_k12_d14	best_codes/collected/C11_AAp0_0_3_4_5_6_9_BBp6_0_0_3_6_8_8_k12_d14
C12_AAp11_0_1_3_6_7_11_BBp27_0_2_4_5_5_8_k2_d37	C12	432	2	37	400000	dist-m4ri	p11_0_1_3_6_7_11	p27_0_2_4_5_5_8	results/progressive_C12_20260122T153931Z	results/progressive_C12_20260122T153931Z/best_codes/C12_AAp11_0_1_3_6_7_11_BBp27_0_2_4_5_5_8_k2_d37	best_codes/collected/C12_AAp11_0_1_3_6_7_11_BBp27_0_2_4_5_5_8_k2_d37
C12_AAp11_0_1_3_6_7_11_BBp12_0_1_3_7_10_11_k2_d33	C12	432	2	33	400000	dist-m4ri	p11_0_1_3_6_7_11	p12_0_1_3_7_10_11	results/progressive_C12_20260122T153931Z	results/progressive_C12_20260122T153931Z/best_codes/C12_AAp11_0_1_3_6_7_11_BBp12_0_1_3_7_10_11_k2_d33	best_codes/collected/C12_AAp11_0_1_3_6_7_11_BBp12_0_1_3_7_10_11_k2_d33
C12_AAp11_0_0_1_1_6_7_BBp27_0_2_4_5_5_8_k2_d31	C12	432	2	31	400000	dist-m4ri	p11_0_0_1_1_6_7	p27_0_2_4_5_5_8	results/progressive_C12_20260122T153931Z	results/progressive_C12_20260122T153931Z/best_codes/C12_AAp11_0_0_1_1_6_7_BBp27_0_2_4_5_5_8_k2_d31	best_codes/collected/C12_AAp11_0_0_1_1_6_7_BBp27_0_2_4_5_5_8_k2_d31
C12_AAp11_0_0_1_1_6_7_BBp12_0_1_3_7_10_11_k2_d30	C12	432	2	30	400000	dist-m4ri	p11_0_0_1_1_6_7	p12_0_1_3_7_10_11	results/progressive_C12_20260122T153931Z	results/progressive_C12_20260122T153931Z/best_codes/C12_AAp11_0_0_1_1_6_7_BBp12_0_1_3_7_10_11_k2_d30	best_codes/collected/C12_AAp11_0_0_1_1_6_7_BBp12_0_1_3_7_10_11_k2_d30
C12_AAp11_0_0_1_1_3_7_BBp12_0_1_3_7_10_11_k2_d29	C12	432	2	29	400000	dist-m4ri	p11_0_0_1_1_3_7	p12_0_1_3_7_10_11	results/progressive_C12_20260122T153931Z	results/progressive_C12_20260122T153931Z/best_codes/C12_AAp11_0_0_1_1_3_7_BBp12_0_1_3_7_10_11_k2_d29	best_codes/collected/C12_AAp11_0_0_1_1_3_7_BBp12_0_1_3_7_10_11_k2_d29
C12_AAp11_0_0_1_3_9_11_BBp24_0_1_3_6_8_9_k2_d23	C12	432	2	23	400000	dist-m4ri	p11_0_0_1_3_9_11	p24_0_1_3_6_8_9	results/progressive_C12_20260122T153931Z	results/progressive_C12_20260122T153931Z/best_codes/C12_AAp11_0_0_1_3_9_11_BBp24_0_1_3_6_8_9_k2_d23	best_codes/collected/C12_AAp11_0_0_1_3_9_11_BBp24_0_1_3_6_8_9_k2_d23
C12_AAp11_0_0_1_1_3_7_BBp24_0_1_3_6_8_9_k2_d21	C12	432	2	21	400000	dist-m4ri	p11_0_0_1_1_3_7	p24_0_1_3_6_8_9	results/progressive_C12_20260122T153931Z	results/progressive_C12_20260122T153931Z/best_codes/C12_AAp11_0_0_1_1_3_7_BBp24_0_1_3_6_8_9_k2_d21	best_codes/collected/C12_AAp11_0_0_1_1_3_7_BBp24_0_1_3_6_8_9_k2_d21
C12_AAp14_0_2_5_5_6_8_BBp10_0_2_3_5_6_11_k4_d36	C12	432	4	36	400000	dist-m4ri	p14_0_2_5_5_6_8	p10_0_2_3_5_6_11	results/progressive_C12_20260122T153931Z	results/progressive_C12_20260122T153931Z/best_codes/C12_AAp14_0_2_5_5_6_8_BBp10_0_2_3_5_6_11_k4_d36	best_codes/collected/C12_AAp14_0_2_5_5_6_8_BBp10_0_2_3_5_6_11_k4_d36
C12_AAp6_0_2_4_7_8_9_BBp12_0_1_3_7_10_11_k4_d35	C12	432	4	35	400000	dist-m4ri	p6_0_2_4_7_8_9	p12_0_1_3_7_10_11	results/progressive_C12_20260122T153931Z	results/progressive_C12_20260122T153931Z/best_codes/C12_AAp6_0_2_4_7_8_9_BBp12_0_1_3_7_10_11_k4_d35	best_codes/collected/C12_AAp6_0_2_4_7_8_9_BBp12_0_1_3_7_10_11_k4_d35
C12_AAp10_0_1_2_4_9_10_BBp11_0_0_1_2_5_7_k4_d34	C12	432	4	34	400000	dist-m4ri	p10_0_1_2_4_9_10	p11_0_0_1_2_5_7	results/progressive_C12_20260122T153931Z	results/progressive_C12_20260122T153931Z/best_codes/C12_AAp10_0_1_2_4_9_10_BBp11_0_0_1_2_5_7_k4_d34	best_codes/collected/C12_AAp10_0_1_2_4_9_10_BBp11_0_0_1_2_5_7_k4_d34
C12_AAp10_0_0_1_1_5_7_BBp11_0_0_1_2_5_7_k4_d30	C12	432	4	30	400000	dist-m4ri	p10_0_0_1_1_5_7	p11_0_0_1_2_5_7	results/progressive_C12_20260122T153931Z	results/progressive_C12_20260122T153931Z/best_codes/C12_AAp10_0_0_1_1_5_7_BBp11_0_0_1_2_5_7_k4_d30	best_codes/collected/C12_AAp10_0_0_1_1_5_7_BBp11_0_0_1_2_5_7_k4_d30
C12_AAp10_0_0_1_3_4_7_BBp11_0_0_1_2_5_7_k4_d27	C12	432	4	27	400000	dist-m4ri	p10_0_0_1_3_4_7	p11_0_0_1_2_5_7	results/progressive_C12_20260122T153931Z	results/progressive_C12_20260122T153931Z/best_codes/C12_AAp10_0_0_1_3_4_7_BBp11_0_0_1_2_5_7_k4_d27	best_codes/collected/C12_AAp10_0_0_1_3_4_7_BBp11_0_0_1_2_5_7_k4_d27
C12_AAp27_0_1_4_7_8_10_BBp11_0_0_1_2_5_7_k6_d30	C12	432	6	30	400000	dist-m4ri	p27_0_1_4_7_8_10	p11_0_0_1_2_5_7	results/progressive_C12_20260122T153931Z	results/progressive_C12_20260122T153931Z/best_codes/C12_AAp27_0_1_4_7_8_10_BBp11_0_0_1_2_5_7_k6_d30	best_codes/collected/C12_AAp27_0_1_4_7_8_10_BBp11_0_0_1_2_5_7_k6_d30
C12_AAp20_0_1_2_7_10_10_BBp11_0_0_1_2_5_7_k6_d29	C12	432	6	29	400000	dist-m4ri	p20_0_1_2_7_10_10	p11_0_0_1_2_5_7	results/progressive_C12_20260122T153931Z	results/progressive_C12_20260122T153931Z/best_codes/C12_AAp20_0_1_2_7_10_10_BBp11_0_0_1_2_5_7_k6_d29	best_codes/collected/C12_AAp20_0_1_2_7_10_10_BBp11_0_0_1_2_5_7_k6_d29
C12_AAp11_0_0_1_3_9_11_BBp11_0_0_1_2_5_7_k6_d28	C12	432	6	28	400000	dist-m4ri	p11_0_0_1_3_9_11	p11_0_0_1_2_5_7	results/progressive_C12_20260122T153931Z	results/progressive_C12_20260122T153931Z/best_codes/C12_AAp11_0_0_1_3_9_11_BBp11_0_0_1_2_5_7_k6_d28	best_codes/collected/C12_AAp11_0_0_1_3_9_11_BBp11_0_0_1_2_5_7_k6_d28
C12_AAp11_0_0_1_1_3_7_BBp11_0_0_1_3_9_11_k6_d23	C12	432	6	23	400000	dist-m4ri	p11_0_0_1_1_3_7	p11_0_0_1_3_9_11	results/progressive_C12_20260122T153931Z	results/progressive_C12_20260122T153931Z/best_codes/C12_AAp11_0_0_1_1_3_7_BBp11_0_0_1_3_9_11_k6_d23	best_codes/collected/C12_AAp11_0_0_1_1_3_7_BBp11_0_0_1_3_9_11_k6_d23
C12_AAp11_0_0_1_1_3_7_BBp11_0_0_1_2_5_7_k6_d20	C12	432	6	20	400000	dist-m4ri	p11_0_0_1_1_3_7	p11_0_0_1_2_5_7	results/progressive_C12_20260122T153931Z	results/progressive_C12_20260122T153931Z/best_codes/C12_AAp11_0_0_1_1_3_7_BBp11_0_0_1_2_5_7_k6_d20	best_codes/collected/C12_AAp11_0_0_1_1_3_7_BBp11_0_0_1_2_5_7_k6_d20
C12_AAp17_0_1_2_4_5_10_BBp27_0_2_6_9_9_10_k8_d32	C12	432	8	32	400000	dist-m4ri	p17_0_1_2_4_5_10	p27_0_2_6_9_9_10	results/progressive_C12_20260122T153931Z	results/progressive_C12_20260122T153931Z/best_codes/C12_AAp17_0_1_2_4_5_10_BBp27_0_2_6_9_9_10_k8_d32	best_codes/collected/C12_AAp17_0_1_2_4_5_10_BBp27_0_2_6_9_9_10_k8_d32
C12_AAp14_0_2_5_5_6_8_BBp27_0_2_6_9_9_10_k8_d30	C12	432	8	30	400000	dist-m4ri	p14_0_2_5_5_6_8	p27_0_2_6_9_9_10	results/progressive_C12_20260122T153931Z	results/progressive_C12_20260122T153931Z/best_codes/C12_AAp14_0_2_5_5_6_8_BBp27_0_2_6_9_9_10_k8_d30	best_codes/collected/C12_AAp14_0_2_5_5_6_8_BBp27_0_2_6_9_9_10_k8_d30
C12_AAp10_0_1_2_4_9_10_BBp27_0_2_6_9_9_10_k8_d29	C12	432	8	29	400000	dist-m4ri	p10_0_1_2_4_9_10	p27_0_2_6_9_9_10	results/progressive_C12_20260122T153931Z	results/progressive_C12_20260122T153931Z/best_codes/C12_AAp10_0_1_2_4_9_10_BBp27_0_2_6_9_9_10_k8_d29	best_codes/collected/C12_AAp10_0_1_2_4_9_10_BBp27_0_2_6_9_9_10_k8_d29
C12_AAp10_0_0_1_4_6_9_BBp11_0_0_1_3_9_11_k8_d25	C12	432	8	25	400000	dist-m4ri	p10_0_0_1_4_6_9	p11_0_0_1_3_9_11	results/progressive_C12_20260122T153931Z	results/progressive_C12_20260122T153931Z/best_codes/C12_AAp10_0_0_1_4_6_9_BBp11_0_0_1_3_9_11_k8_d25	best_codes/collected/C12_AAp10_0_0_1_4_6_9_BBp11_0_0_1_3_9_11_k8_d25
C12_AAp6_0_1_2_2_6_11_BBp6_0_3_4_5_8_10_k8_d24	C12	432	8	24	400000	dist-m4ri	p6_0_1_2_2_6_11	p6_0_3_4_5_8_10	results/progressive_C12_20260122T153931Z	results/progressive_C12_20260122T153931Z/best_codes/C12_AAp6_0_1_2_2_6_11_BBp6_0_3_4_5_8_10_k8_d24	best_codes/collected/C12_AAp6_0_1_2_2_6_11_BBp6_0_3_4_5_8_10_k8_d24
C12_AAp10_0_0_1_1_5_7_BBp11_0_0_1_3_9_11_k8_d23	C12	432	8	23	400000	dist-m4ri	p10_0_0_1_1_5_7	p11_0_0_1_3_9_11	results/progressive_C12_20260122T153931Z	results/progressive_C12_20260122T153931Z/best_codes/C12_AAp10_0_0_1_1_5_7_BBp11_0_0_1_3_9_11_k8_d23	best_codes/collected/C12_AAp10_0_0_1_1_5_7_BBp11_0_0_1_3_9_11_k8_d23
C12_AAp15_0_0_1_1_5_8_BBp11_0_0_1_2_5_7_k8_d21	C12	432	8	21	400000	dist-m4ri	p15_0_0_1_1_5_8	p11_0_0_1_2_5_7	results/progressive_C12_20260122T153931Z	results/progressive_C12_20260122T153931Z/best_codes/C12_AAp15_0_0_1_1_5_8_BBp11_0_0_1_2_5_7_k8_d21	best_codes/collected/C12_AAp15_0_0_1_1_5_8_BBp11_0_0_1_2_5_7_k8_d21
C12_AAp11_0_2_3_4_8_9_BBp11_0_1_1_2_4_10_k10_d31	C12	432	10	31	400000	dist-m4ri	p11_0_2_3_4_8_9	p11_0_1_1_2_4_10	results/progressive_C12_20260122T153931Z	results/progressive_C12_20260122T153931Z/best_codes/C12_AAp11_0_2_3_4_8_9_BBp11_0_1_1_2_4_10_k10_d31	best_codes/collected/C12_AAp11_0_2_3_4_8_9_BBp11_0_1_1_2_4_10_k10_d31
C12_AAp11_0_1_3_6_7_11_BBp11_0_0_1_3_9_11_k10_d29	C12	432	10	29	400000	dist-m4ri	p11_0_1_3_6_7_11	p11_0_0_1_3_9_11	results/progressive_C12_20260122T153931Z	results/progressive_C12_20260122T153931Z/best_codes/C12_AAp11_0_1_3_6_7_11_BBp11_0_0_1_3_9_11_k10_d29	best_codes/collected/C12_AAp11_0_1_3_6_7_11_BBp11_0_0_1_3_9_11_k10_d29
C12_AAp11_0_2_3_7_9_11_BBp27_0_2_6_9_9_10_k10_d24	C12	432	10	24	400000	dist-m4ri	p11_0_2_3_7_9_11	p27_0_2_6_9_9_10	results/progressive_C12_20260122T153931Z	results/progressive_C12_20260122T153931Z/best_codes/C12_AAp11_0_2_3_7_9_11_BBp27_0_2_6_9_9_10_k10_d24	best_codes/collected/C12_AAp11_0_2_3_7_9_11_BBp27_0_2_6_9_9_10_k10_d24
C12_AAp27_0_2_3_3_6_10_BBp6_0_2_3_5_5_10_k10_d21	C12	432	10	21	400000	dist-m4ri	p27_0_2_3_3_6_10	p6_0_2_3_5_5_10	results/progressive_C12_20260122T153931Z	results/progressive_C12_20260122T153931Z/best_codes/C12_AAp27_0_2_3_3_6_10_BBp6_0_2_3_5_5_10_k10_d21	best_codes/collected/C12_AAp27_0_2_3_3_6_10_BBp6_0_2_3_5_5_10_k10_d21
C12_AAp24_0_3_4_6_9_11_BBp6_0_2_3_5_5_10_k10_d20	C12	432	10	20	400000	dist-m4ri	p24_0_3_4_6_9_11	p6_0_2_3_5_5_10	results/progressive_C12_20260122T153931Z	results/progressive_C12_20260122T153931Z/best_codes/C12_AAp24_0_3_4_6_9_11_BBp6_0_2_3_5_5_10_k10_d20	best_codes/collected/C12_AAp24_0_3_4_6_9_11_BBp6_0_2_3_5_5_10_k10_d20
C12_AAp6_0_1_2_5_7_9_BBp17_0_2_7_8_10_11_k12_d29	C12	432	12	29	400000	dist-m4ri	p6_0_1_2_5_7_9	p17_0_2_7_8_10_11	results/progressive_C12_20260122T153931Z	results/progressive_C12_20260122T153931Z/best_codes/C12_AAp6_0_1_2_5_7_9_BBp17_0_2_7_8_10_11_k12_d29	best_codes/collected/C12_AAp6_0_1_2_5_7_9_BBp17_0_2_7_8_10_11_k12_d29
C12_AAp10_0_2_5_8_9_11_BBp11_0_0_1_3_9_11_k12_d28	C12	432	12	28	400000	dist-m4ri	p10_0_2_5_8_9_11	p11_0_0_1_3_9_11	results/progressive_C12_20260122T153931Z	results/progressive_C12_20260122T153931Z/best_codes/C12_AAp10_0_2_5_8_9_11_BBp11_0_0_1_3_9_11_k12_d28	best_codes/collected/C12_AAp10_0_2_5_8_9_11_BBp11_0_0_1_3_9_11_k12_d28
C12_AAp10_0_1_6_7_9_10_BBp11_0_0_1_3_9_11_k12_d26	C12	432	12	26	400000	dist-m4ri	p10_0_1_6_7_9_10	p11_0_0_1_3_9_11	results/progressive_C12_20260122T153931Z	results/progressive_C12_20260122T153931Z/best_codes/C12_AAp10_0_1_6_7_9_10_BBp11_0_0_1_3_9_11_k12_d26	best_codes/collected/C12_AAp10_0_1_6_7_9_10_BBp11_0_0_1_3_9_11_k12_d26
C12_AAp10_0_2_5_5_6_8_BBp11_0_0_1_3_9_11_k12_d24	C12	432	12	24	400000	dist-m4ri	p10_0_2_5_5_6_8	p11_0_0_1_3_9_11	results/progressive_C12_20260122T153931Z	results/progressive_C12_20260122T153931Z/best_codes/C12_AAp10_0_2_5_5_6_8_BBp11_0_0_1_3_9_11_k12_d24	best_codes/collected/C12_AAp10_0_2_5_5_6_8_BBp11_0_0_1_3_9_11_k12_d24
C12_AAp10_0_1_2_4_9_10_BBp11_0_0_1_3_9_11_k12_d23	C12	432	12	23	400000	dist-m4ri	p10_0_1_2_4_9_10	p11_0_0_1_3_9_11	results/progressive_C12_20260122T153931Z	results/progressive_C12_20260122T153931Z/best_codes/C12_AAp10_0_1_2_4_9_10_BBp11_0_0_1_3_9_11_k12_d23	best_codes/collected/C12_AAp10_0_1_2_4_9_10_BBp11_0_0_1_3_9_11_k12_d23
C12_AAp11_0_2_3_7_9_11_BBp11_0_2_8_10_11_11_k14_d27	C12	432	14	27	400000	dist-m4ri	p11_0_2_3_7_9_11	p11_0_2_8_10_11_11	results/progressive_C12_20260122T153931Z	results/progressive_C12_20260122T153931Z/best_codes/C12_AAp11_0_2_3_7_9_11_BBp11_0_2_8_10_11_11_k14_d27	best_codes/collected/C12_AAp11_0_2_3_7_9_11_BBp11_0_2_8_10_11_11_k14_d27
C12_AAp27_0_2_3_3_6_10_BBp11_0_1_1_2_4_10_k14_d22	C12	432	14	22	400000	dist-m4ri	p27_0_2_3_3_6_10	p11_0_1_1_2_4_10	results/progressive_C12_20260122T153931Z	results/progressive_C12_20260122T153931Z/best_codes/C12_AAp27_0_2_3_3_6_10_BBp11_0_1_1_2_4_10_k14_d22	best_codes/collected/C12_AAp27_0_2_3_3_6_10_BBp11_0_1_1_2_4_10_k14_d22
C12_AAp11_0_2_3_7_9_11_BBp11_0_1_1_2_4_10_k14_d21	C12	432	14	21	400000	dist-m4ri	p11_0_2_3_7_9_11	p11_0_1_1_2_4_10	results/progressive_C12_20260122T153931Z	results/progressive_C12_20260122T153931Z/best_codes/C12_AAp11_0_2_3_7_9_11_BBp11_0_1_1_2_4_10_k14_d21	best_codes/collected/C12_AAp11_0_2_3_7_9_11_BBp11_0_1_1_2_4_10_k14_d21
C12_AAp24_0_3_4_6_9_11_BBp11_0_0_1_3_9_11_k14_d20	C12	432	14	20	400000	dist-m4ri	p24_0_3_4_6_9_11	p11_0_0_1_3_9_11	results/progressive_C12_20260122T153931Z	results/progressive_C12_20260122T153931Z/best_codes/C12_AAp24_0_3_4_6_9_11_BBp11_0_0_1_3_9_11_k14_d20	best_codes/collected/C12_AAp24_0_3_4_6_9_11_BBp11_0_0_1_3_9_11_k14_d20
C12_AAp6_0_2_4_7_8_9_BBp11_0_0_1_3_9_11_k16_d23	C12	432	16	23	400000	dist-m4ri	p6_0_2_4_7_8_9	p11_0_0_1_3_9_11	results/progressive_C12_20260122T153931Z	results/progressive_C12_20260122T153931Z/best_codes/C12_AAp6_0_2_4_7_8_9_BBp11_0_0_1_3_9_11_k16_d23	best_codes/collected/C12_AAp6_0_2_4_7_8_9_BBp11_0_0_1_3_9_11_k16_d23
C12_AAp6_0_1_2_5_7_9_BBp11_0_0_1_3_9_11_k16_d22	C12	432	16	22	400000	dist-m4ri	p6_0_1_2_5_7_9	p11_0_0_1_3_9_11	results/progressive_C12_20260122T153931Z	results/progressive_C12_20260122T153931Z/best_codes/C12_AAp6_0_1_2_5_7_9_BBp11_0_0_1_3_9_11_k16_d22	best_codes/collected/C12_AAp6_0_1_2_5_7_9_BBp11_0_0_1_3_9_11_k16_d22
C15_AAp11_0_1_8_9_11_13_BBp8_0_1_2_10_10_12_k2_d44	C15	540	2	44	200000	dist-m4ri	p11_0_1_8_9_11_13	p8_0_1_2_10_10_12	results/progressive_C15_20260126T111959Z	results/progressive_C15_20260126T111959Z/best_codes/C15_AAp11_0_1_8_9_11_13_BBp8_0_1_2_10_10_12_k2_d44	best_codes/collected/C15_AAp11_0_1_8_9_11_13_BBp8_0_1_2_10_10_12_k2_d44
C15_AAp15_0_0_1_10_10_13_BBp16_0_1_7_11_12_14_k2_d39	C15	540	2	39	200000	dist-m4ri	p15_0_0_1_10_10_13	p16_0_1_7_11_12_14	results/progressive_C15_20260126T111959Z	results/progressive_C15_20260126T111959Z/best_codes/C15_AAp15_0_0_1_10_10_13_BBp16_0_1_7_11_12_14_k2_d39	best_codes/collected/C15_AAp15_0_0_1_10_10_13_BBp16_0_1_7_11_12_14_k2_d39
C15_AAp10_0_0_1_12_13_13_BBp11_0_2_4_6_7_14_k4_d37	C15	540	4	37	200000	dist-m4ri	p10_0_0_1_12_13_13	p11_0_2_4_6_7_14	results/progressive_C15_20260126T111959Z	results/progressive_C15_20260126T111959Z/best_codes/C15_AAp10_0_0_1_12_13_13_BBp11_0_2_4_6_7_14_k4_d37	best_codes/collected/C15_AAp10_0_0_1_12_13_13_BBp11_0_2_4_6_7_14_k4_d37
C15_AAp10_0_0_1_12_13_13_BBp10_0_0_1_1_5_10_k4_d30	C15	540	4	30	200000	dist-m4ri	p10_0_0_1_12_13_13	p10_0_0_1_1_5_10	results/progressive_C15_20260126T111959Z	results/progressive_C15_20260126T111959Z/best_codes/C15_AAp10_0_0_1_12_13_13_BBp10_0_0_1_1_5_10_k4_d30	best_codes/collected/C15_AAp10_0_0_1_12_13_13_BBp10_0_0_1_1_5_10_k4_d30
C15_AAp11_0_1_8_9_11_13_BBp11_0_0_1_11_11_13_k6_d32	C15	540	6	32	200000	dist-m4ri	p11_0_1_8_9_11_13	p11_0_0_1_11_11_13	results/progressive_C15_20260126T111959Z	results/progressive_C15_20260126T111959Z/best_codes/C15_AAp11_0_1_8_9_11_13_BBp11_0_0_1_11_11_13_k6_d32	best_codes/collected/C15_AAp11_0_1_8_9_11_13_BBp11_0_0_1_11_11_13_k6_d32
C15_AAp11_0_0_1_1_12_13_BBp11_0_2_4_6_7_14_k6_d31	C15	540	6	31	200000	dist-m4ri	p11_0_0_1_1_12_13	p11_0_2_4_6_7_14	results/progressive_C15_20260126T111959Z	results/progressive_C15_20260126T111959Z/best_codes/C15_AAp11_0_0_1_1_12_13_BBp11_0_2_4_6_7_14_k6_d31	best_codes/collected/C15_AAp11_0_0_1_1_12_13_BBp11_0_2_4_6_7_14_k6_d31
C15_AAp16_0_1_3_4_8_14_BBp10_0_0_1_1_3_10_k8_d42	C15	540	8	42	200000	dist-m4ri	p16_0_1_3_4_8_14	p10_0_0_1_1_3_10	results/progressive_C15_20260126T111959Z	results/progressive_C15_20260126T111959Z/best_codes/C15_AAp16_0_1_3_4_8_14_BBp10_0_0_1_1_3_10_k8_d42	best_codes/collected/C15_AAp16_0_1_3_4_8_14_BBp10_0_0_1_1_3_10_k8_d42
C2_AAp11_0_0_0_0_0_1_BBp12_0_0_0_1_1_1_k2_d8	C2	72	2	8	400	dist-m4ri	p11_0_0_0_0_0_1	p12_0_0_0_1_1_1	results/smoke_progressive_20260122_133121	results/smoke_progressive_20260122_133121/best_codes/C2_AAp11_0_0_0_0_0_1_BBp12_0_0_0_1_1_1_k2_d8	best_codes/collected/C2_AAp11_0_0_0_0_0_1_BBp12_0_0_0_1_1_1_k2_d8
C2_AAp11_0_0_0_0_0_1_BBp11_0_0_0_0_0_1_k2_d6	C2	72	2	6	100	dist-m4ri	p11_0_0_0_0_0_1	p11_0_0_0_0_0_1	results/smoke_histogram_table_20260122_153440	results/smoke_histogram_table_20260122_153440/best_codes/C2_AAp11_0_0_0_0_0_1_BBp11_0_0_0_0_0_1_k2_d6	best_codes/collected/C2_AAp11_0_0_0_0_0_1_BBp11_0_0_0_0_0_1_k2_d6
C2xC2_AAp12_0_0_0_1_2_2_BBp12_0_0_1_2_2_3_k2_d14	C2xC2	144	2	14	400	dist-m4ri	p12_0_0_0_1_2_2	p12_0_0_1_2_2_3	results/progressive_C2xC2_20260122T140241Z	results/progressive_C2xC2_20260122T140241Z/best_codes/C2xC2_AAp12_0_0_0_1_2_2_BBp12_0_0_1_2_2_3_k2_d14	best_codes/collected/C2xC2_AAp12_0_0_0_1_2_2_BBp12_0_0_1_2_2_3_k2_d14
C2xC2_AAp12_0_0_0_1_2_2_BBp12_0_0_0_1_3_3_k2_d12	C2xC2	144	2	12	200000	dist-m4ri	p12_0_0_0_1_2_2	p12_0_0_0_1_3_3	results/progressive_C2xC2_20260122T124756Z	results/progressive_C2xC2_20260122T124756Z/best_codes/C2xC2_AAp12_0_0_0_1_2_2_BBp12_0_0_0_1_3_3_k2_d12	best_codes/collected/C2xC2_AAp12_0_0_0_1_2_2_BBp12_0_0_0_1_3_3_k2_d12
C2xC2_AAp12_0_0_0_1_2_3_BBp20_0_0_0_1_2_3_k2_d12	C2xC2	144	2	12	20000	dist-m4ri	p12_0_0_0_1_2_3	p20_0_0_0_1_2_3	results/exhaustive_C2xC2_td11_eval500000_20260126T103605Z	results/exhaustive_C2xC2_td11_eval500000_20260126T103605Z/best_codes/C2xC2_AAp12_0_0_0_1_2_3_BBp20_0_0_0_1_2_3_k2_d12	best_codes/collected/C2xC2_AAp12_0_0_0_1_2_3_BBp20_0_0_0_1_2_3_k2_d12
C2xC2_AAp12_0_0_0_1_2_2_BBp6_0_0_0_1_2_3_k4_d12	C2xC2	144	4	12	40000	dist-m4ri	p12_0_0_0_1_2_2	p6_0_0_0_1_2_3	results/progressive_C2xC2_20260122T123514Z	results/progressive_C2xC2_20260122T123514Z/best_codes/C2xC2_AAp12_0_0_0_1_2_2_BBp6_0_0_0_1_2_3_k4_d12	best_codes/collected/C2xC2_AAp12_0_0_0_1_2_2_BBp6_0_0_0_1_2_3_k4_d12
C2xC2_AAp12_0_0_0_1_2_3_BBp6_0_0_0_1_2_3_k4_d12	C2xC2	144	4	12	20000	dist-m4ri	p12_0_0_0_1_2_3	p6_0_0_0_1_2_3	results/exhaustive_C2xC2_td11_eval500000_20260126T103605Z	results/exhaustive_C2xC2_td11_eval500000_20260126T103605Z/best_codes/C2xC2_AAp12_0_0_0_1_2_3_BBp6_0_0_0_1_2_3_k4_d12	best_codes/collected/C2xC2_AAp12_0_0_0_1_2_3_BBp6_0_0_0_1_2_3_k4_d12
C2xC2_AAp12_0_0_0_1_2_2_BBp15_0_0_1_2_3_3_k4_d10	C2xC2	144	4	10	8000	dist-m4ri	p12_0_0_0_1_2_2	p15_0_0_1_2_3_3	results/progressive_C2xC2_20260122T142251Z	results/progressive_C2xC2_20260122T142251Z/best_codes/C2xC2_AAp12_0_0_0_1_2_2_BBp15_0_0_1_2_3_3_k4_d10	best_codes/collected/C2xC2_AAp12_0_0_0_1_2_2_BBp15_0_0_1_2_3_3_k4_d10
C2xC2_AAp12_0_0_0_1_2_3_BBp15_0_1_1_2_2_3_k4_d10	C2xC2	144	4	10	20000	dist-m4ri	p12_0_0_0_1_2_3	p15_0_1_1_2_2_3	results/exhaustive_C2xC2_td10_qfast1000_qslow10000_20260126T100927Z	results/exhaustive_C2xC2_td10_qfast1000_qslow10000_20260126T100927Z/best_codes/C2xC2_AAp12_0_0_0_1_2_3_BBp15_0_1_1_2_2_3_k4_d10	best_codes/collected/C2xC2_AAp12_0_0_0_1_2_3_BBp15_0_1_1_2_2_3_k4_d10
C2xC2_AAp12_0_0_0_1_2_2_BBp12_0_0_0_1_2_2_k4_d6	C2xC2	144	4	6	8000	dist-m4ri	p12_0_0_0_1_2_2	p12_0_0_0_1_2_2	results/progressive_C2xC2_20260122T141802Z	results/progressive_C2xC2_20260122T141802Z/best_codes/C2xC2_AAp12_0_0_0_1_2_2_BBp12_0_0_0_1_2_2_k4_d6	best_codes/collected/C2xC2_AAp12_0_0_0_1_2_2_BBp12_0_0_0_1_2_2_k4_d6
C2xC2_AAp12_0_0_0_1_2_2_BBp6_0_0_1_1_2_3_k6_d12	C2xC2	144	6	12	200000	dist-m4ri	p12_0_0_0_1_2_2	p6_0_0_1_1_2_3	results/progressive_C2xC2_20260122T124756Z	results/progressive_C2xC2_20260122T124756Z/best_codes/C2xC2_AAp12_0_0_0_1_2_2_BBp6_0_0_1_1_2_3_k6_d12	best_codes/collected/C2xC2_AAp12_0_0_0_1_2_2_BBp6_0_0_1_1_2_3_k6_d12
C2xC2_AAp12_0_0_0_1_2_3_BBp6_0_0_1_1_2_3_k6_d12	C2xC2	144	6	12	20000	dist-m4ri	p12_0_0_0_1_2_3	p6_0_0_1_1_2_3	results/exhaustive_C2xC2_td11_eval500000_20260126T103605Z	results/exhaustive_C2xC2_td11_eval500000_20260126T103605Z/best_codes/C2xC2_AAp12_0_0_0_1_2_3_BBp6_0_0_1_1_2_3_k6_d12	best_codes/collected/C2xC2_AAp12_0_0_0_1_2_3_BBp6_0_0_1_1_2_3_k6_d12
C2xC2_AAp15_0_0_1_2_3_3_BBp15_0_0_1_2_3_3_k6_d6	C2xC2	144	6	6	8000	dist-m4ri	p15_0_0_1_2_3_3	p15_0_0_1_2_3_3	results/progressive_C2xC2_20260122T141802Z	results/progressive_C2xC2_20260122T141802Z/best_codes/C2xC2_AAp15_0_0_1_2_3_3_BBp15_0_0_1_2_3_3_k6_d6	best_codes/collected/C2xC2_AAp15_0_0_1_2_3_3_BBp15_0_0_1_2_3_3_k6_d6
C2xC2_AAp6_0_0_0_1_2_3_BBp6_0_0_1_1_2_3_k8_d12	C2xC2	144	8	12	200000	dist-m4ri	p6_0_0_0_1_2_3	p6_0_0_1_1_2_3	results/progressive_C2xC2_20260122T124756Z	results/progressive_C2xC2_20260122T124756Z/best_codes/C2xC2_AAp6_0_0_0_1_2_3_BBp6_0_0_1_1_2_3_k8_d12	best_codes/collected/C2xC2_AAp6_0_0_0_1_2_3_BBp6_0_0_1_1_2_3_k8_d12
C2xC2_AAp15_0_0_1_2_3_3_BBp6_0_0_0_1_2_3_k8_d10	C2xC2	144	8	10	8000	dist-m4ri	p15_0_0_1_2_3_3	p6_0_0_0_1_2_3	results/progressive_C2xC2_20260122T142251Z	results/progressive_C2xC2_20260122T142251Z/best_codes/C2xC2_AAp15_0_0_1_2_3_3_BBp6_0_0_0_1_2_3_k8_d10	best_codes/collected/C2xC2_AAp15_0_0_1_2_3_3_BBp6_0_0_0_1_2_3_k8_d10
C2xC2_AAp15_0_1_1_2_2_3_BBp6_0_0_0_1_2_3_k8_d10	C2xC2	144	8	10	20000	dist-m4ri	p15_0_1_1_2_2_3	p6_0_0_0_1_2_3	results/exhaustive_C2xC2_td10_qfast1000_qslow10000_20260126T100927Z	results/exhaustive_C2xC2_td10_qfast1000_qslow10000_20260126T100927Z/best_codes/C2xC2_AAp15_0_1_1_2_2_3_BBp6_0_0_0_1_2_3_k8_d10	best_codes/collected/C2xC2_AAp15_0_1_1_2_2_3_BBp6_0_0_0_1_2_3_k8_d10
C2xC2_AAp6_0_0_1_1_2_3_BBp6_0_0_1_2_2_3_k10_d10	C2xC2	144	10	10	8000	dist-m4ri	p6_0_0_1_1_2_3	p6_0_0_1_2_2_3	results/progressive_C2xC2_20260122T142251Z	results/progressive_C2xC2_20260122T142251Z/best_codes/C2xC2_AAp6_0_0_1_1_2_3_BBp6_0_0_1_2_2_3_k10_d10	best_codes/collected/C2xC2_AAp6_0_0_1_1_2_3_BBp6_0_0_1_2_2_3_k10_d10
C2xC2_AAp13_0_0_1_1_1_2_BBp15_0_0_1_2_3_3_k10_d6	C2xC2	144	10	6	8000	dist-m4ri	p13_0_0_1_1_1_2	p15_0_0_1_2_3_3	results/progressive_C2xC2_20260122T141802Z	results/progressive_C2xC2_20260122T141802Z/best_codes/C2xC2_AAp13_0_0_1_1_1_2_BBp15_0_0_1_2_3_3_k10_d6	best_codes/collected/C2xC2_AAp13_0_0_1_1_1_2_BBp15_0_0_1_2_3_3_k10_d6
C2xC2_AAp6_0_0_0_1_2_3_BBp6_0_0_0_1_2_3_k12_d6	C2xC2	144	12	6	8000	dist-m4ri	p6_0_0_0_1_2_3	p6_0_0_0_1_2_3	results/progressive_C2xC2_20260122T141802Z	results/progressive_C2xC2_20260122T141802Z/best_codes/C2xC2_AAp6_0_0_0_1_2_3_BBp6_0_0_0_1_2_3_k12_d6	best_codes/collected/C2xC2_AAp6_0_0_0_1_2_3_BBp6_0_0_0_1_2_3_k12_d6
C2xC2_AAp0_0_0_0_1_1_2_BBp15_0_0_1_2_3_3_k13_d3	C2xC2	144	13	3	400	dist-m4ri	p0_0_0_0_1_1_2	p15_0_0_1_2_3_3	results/progressive_C2xC2_20260122T140241Z	results/progressive_C2xC2_20260122T140241Z/best_codes/C2xC2_AAp0_0_0_0_1_1_2_BBp15_0_0_1_2_3_3_k13_d3	best_codes/collected/C2xC2_AAp0_0_0_0_1_1_2_BBp15_0_0_1_2_3_3_k13_d3
C2xC2_AAp0_0_0_1_1_1_2_BBp6_0_0_1_1_2_3_k14_d6	C2xC2	144	14	6	400	dist-m4ri	p0_0_0_1_1_1_2	p6_0_0_1_1_2_3	results/progressive_C2xC2_20260122T140241Z	results/progressive_C2xC2_20260122T140241Z/best_codes/C2xC2_AAp0_0_0_1_1_1_2_BBp6_0_0_1_1_2_3_k14_d6	best_codes/collected/C2xC2_AAp0_0_0_1_1_1_2_BBp6_0_0_1_1_2_3_k14_d6
C2xC2_AAp0_0_1_1_1_1_2_BBp15_0_0_1_2_3_3_k14_d4	C2xC2	144	14	4	400	dist-m4ri	p0_0_1_1_1_1_2	p15_0_0_1_2_3_3	results/progressive_C2xC2_20260122T140241Z	results/progressive_C2xC2_20260122T140241Z/best_codes/C2xC2_AAp0_0_1_1_1_1_2_BBp15_0_0_1_2_3_3_k14_d4	best_codes/collected/C2xC2_AAp0_0_1_1_1_1_2_BBp15_0_0_1_2_3_3_k14_d4
C2xC2_AAp0_0_0_1_1_2_2_BBp6_0_0_0_1_2_3_k16_d6	C2xC2	144	16	6	400	dist-m4ri	p0_0_0_1_1_2_2	p6_0_0_0_1_2_3	results/progressive_C2xC2_20260122T140241Z	results/progressive_C2xC2_20260122T140241Z/best_codes/C2xC2_AAp0_0_0_1_1_2_2_BBp6_0_0_0_1_2_3_k16_d6	best_codes/collected/C2xC2_AAp0_0_0_1_1_2_2_BBp6_0_0_0_1_2_3_k16_d6
C2xC2_AAp0_0_1_1_1_1_2_BBp6_0_0_0_1_2_3_k16_d4	C2xC2	144	16	4	400	dist-m4ri	p0_0_1_1_1_1_2	p6_0_0_0_1_2_3	results/progressive_C2xC2_20260122T140241Z	results/progressive_C2xC2_20260122T140241Z/best_codes/C2xC2_AAp0_0_1_1_1_1_2_BBp6_0_0_0_1_2_3_k16_d4	best_codes/collected/C2xC2_AAp0_0_1_1_1_1_2_BBp6_0_0_0_1_2_3_k16_d4
C2xC2_AAp13_0_1_1_1_2_3_BBp13_0_1_1_1_2_3_k18_d6	C2xC2	144	18	6	400	dist-m4ri	p13_0_1_1_1_2_3	p13_0_1_1_1_2_3	results/progressive_C2xC2_20260122T140241Z	results/progressive_C2xC2_20260122T140241Z/best_codes/C2xC2_AAp13_0_1_1_1_2_3_BBp13_0_1_1_1_2_3_k18_d6	best_codes/collected/C2xC2_AAp13_0_1_1_1_2_3_BBp13_0_1_1_1_2_3_k18_d6
C2xC2_AAp13_0_0_1_1_1_2_BBp13_0_0_1_1_1_2_k18_d5	C2xC2	144	18	5	8000	dist-m4ri	p13_0_0_1_1_1_2	p13_0_0_1_1_1_2	results/progressive_C2xC2_20260122T141802Z	results/progressive_C2xC2_20260122T141802Z/best_codes/C2xC2_AAp13_0_0_1_1_1_2_BBp13_0_0_1_1_1_2_k18_d5	best_codes/collected/C2xC2_AAp13_0_0_1_1_1_2_BBp13_0_0_1_1_1_2_k18_d5
C2xC2_AAp13_0_0_1_1_1_2_BBp13_0_1_1_1_1_2_k20_d4	C2xC2	144	20	4	400	dist-m4ri	p13_0_0_1_1_1_2	p13_0_1_1_1_1_2	results/progressive_C2xC2_20260122T140241Z	results/progressive_C2xC2_20260122T140241Z/best_codes/C2xC2_AAp13_0_0_1_1_1_2_BBp13_0_1_1_1_1_2_k20_d4	best_codes/collected/C2xC2_AAp13_0_0_1_1_1_2_BBp13_0_1_1_1_1_2_k20_d4
C2xC2_AAp0_0_0_0_1_1_2_BBp13_0_0_2_2_2_3_k21_d3	C2xC2	144	21	3	400	dist-m4ri	p0_0_0_0_1_1_2	p13_0_0_2_2_2_3	results/progressive_C2xC2_20260122T140241Z	results/progressive_C2xC2_20260122T140241Z/best_codes/C2xC2_AAp0_0_0_0_1_1_2_BBp13_0_0_2_2_2_3_k21_d3	best_codes/collected/C2xC2_AAp0_0_0_0_1_1_2_BBp13_0_0_2_2_2_3_k21_d3
C2xC2_AAp0_0_0_1_1_1_2_BBp13_0_0_1_1_1_2_k22_d4	C2xC2	144	22	4	400	dist-m4ri	p0_0_0_1_1_1_2	p13_0_0_1_1_1_2	results/progressive_C2xC2_20260122T140241Z	results/progressive_C2xC2_20260122T140241Z/best_codes/C2xC2_AAp0_0_0_1_1_1_2_BBp13_0_0_1_1_1_2_k22_d4	best_codes/collected/C2xC2_AAp0_0_0_1_1_1_2_BBp13_0_0_1_1_1_2_k22_d4
C2xC2_AAp0_0_0_0_1_1_2_BBp13_0_0_1_1_1_2_k23_d3	C2xC2	144	23	3	400	dist-m4ri	p0_0_0_0_1_1_2	p13_0_0_1_1_1_2	results/progressive_C2xC2_20260122T140241Z	results/progressive_C2xC2_20260122T140241Z/best_codes/C2xC2_AAp0_0_0_0_1_1_2_BBp13_0_0_1_1_1_2_k23_d3	best_codes/collected/C2xC2_AAp0_0_0_0_1_1_2_BBp13_0_0_1_1_1_2_k23_d3
C2xC2_AAp0_0_0_1_1_1_2_BBp13_0_1_1_1_1_2_k24_d4	C2xC2	144	24	4	400	dist-m4ri	p0_0_0_1_1_1_2	p13_0_1_1_1_1_2	results/progressive_C2xC2_20260122T140241Z	results/progressive_C2xC2_20260122T140241Z/best_codes/C2xC2_AAp0_0_0_1_1_1_2_BBp13_0_1_1_1_1_2_k24_d4	best_codes/collected/C2xC2_AAp0_0_0_1_1_1_2_BBp13_0_1_1_1_1_2_k24_d4
C2xC2_AAp13_0_1_1_1_1_2_BBp13_0_1_1_1_1_2_k26_d4	C2xC2	144	26	4	400	dist-m4ri	p13_0_1_1_1_1_2	p13_0_1_1_1_1_2	results/progressive_C2xC2_20260122T140241Z	results/progressive_C2xC2_20260122T140241Z/best_codes/C2xC2_AAp13_0_1_1_1_1_2_BBp13_0_1_1_1_1_2_k26_d4	best_codes/collected/C2xC2_AAp13_0_1_1_1_1_2_BBp13_0_1_1_1_1_2_k26_d4
C2xC2_AAp0_0_0_0_1_1_2_BBp13_0_1_1_1_1_2_k27_d3	C2xC2	144	27	3	400	dist-m4ri	p0_0_0_0_1_1_2	p13_0_1_1_1_1_2	results/progressive_C2xC2_20260122T140241Z	results/progressive_C2xC2_20260122T140241Z/best_codes/C2xC2_AAp0_0_0_0_1_1_2_BBp13_0_1_1_1_1_2_k27_d3	best_codes/collected/C2xC2_AAp0_0_0_0_1_1_2_BBp13_0_1_1_1_1_2_k27_d3
C2xC2_AAp0_0_0_1_1_1_2_BBp0_0_0_1_1_1_2_k28_d4	C2xC2	144	28	4	400	dist-m4ri	p0_0_0_1_1_1_2	p0_0_0_1_1_1_2	results/progressive_C2xC2_20260122T140241Z	results/progressive_C2xC2_20260122T140241Z/best_codes/C2xC2_AAp0_0_0_1_1_1_2_BBp0_0_0_1_1_1_2_k28_d4	best_codes/collected/C2xC2_AAp0_0_0_1_1_1_2_BBp0_0_0_1_1_1_2_k28_d4
C2xC2_AAp0_0_0_1_1_1_2_BBp0_0_1_1_1_1_2_k30_d4	C2xC2	144	30	4	400	dist-m4ri	p0_0_0_1_1_1_2	p0_0_1_1_1_1_2	results/progressive_C2xC2_20260122T140241Z	results/progressive_C2xC2_20260122T140241Z/best_codes/C2xC2_AAp0_0_0_1_1_1_2_BBp0_0_1_1_1_1_2_k30_d4	best_codes/collected/C2xC2_AAp0_0_0_1_1_1_2_BBp0_0_1_1_1_1_2_k30_d4
C2xC2_AAp0_0_1_1_1_1_2_BBp6_0_0_0_0_0_0_k32_d4	C2xC2	144	32	4	400	dist-m4ri	p0_0_1_1_1_1_2	p6_0_0_0_0_0_0	results/progressive_C2xC2_20260122T140241Z	results/progressive_C2xC2_20260122T140241Z/best_codes/C2xC2_AAp0_0_1_1_1_1_2_BBp6_0_0_0_0_0_0_k32_d4	best_codes/collected/C2xC2_AAp0_0_1_1_1_1_2_BBp6_0_0_0_0_0_0_k32_d4
C2xC2_AAp0_0_0_0_0_0_1_BBp0_0_0_1_1_2_2_k32_d3	C2xC2	144	32	3	400	dist-m4ri	p0_0_0_0_0_0_1	p0_0_0_1_1_2_2	results/progressive_C2xC2_20260122T140241Z	results/progressive_C2xC2_20260122T140241Z/best_codes/C2xC2_AAp0_0_0_0_0_0_1_BBp0_0_0_1_1_2_2_k32_d3	best_codes/collected/C2xC2_AAp0_0_0_0_0_0_1_BBp0_0_0_1_1_2_2_k32_d3
C2xC2_AAp0_0_1_1_1_1_2_BBp0_0_1_1_1_1_3_k34_d4	C2xC2	144	34	4	400	dist-m4ri	p0_0_1_1_1_1_2	p0_0_1_1_1_1_3	results/progressive_C2xC2_20260122T140241Z	results/progressive_C2xC2_20260122T140241Z/best_codes/C2xC2_AAp0_0_1_1_1_1_2_BBp0_0_1_1_1_1_3_k34_d4	best_codes/collected/C2xC2_AAp0_0_1_1_1_1_2_BBp0_0_1_1_1_1_3_k34_d4
C2xC2_AAp0_0_0_0_0_0_1_BBp0_0_0_1_1_1_2_k34_d3	C2xC2	144	34	3	400	dist-m4ri	p0_0_0_0_0_0_1	p0_0_0_1_1_1_2	results/progressive_C2xC2_20260122T140241Z	results/progressive_C2xC2_20260122T140241Z/best_codes/C2xC2_AAp0_0_0_0_0_0_1_BBp0_0_0_1_1_1_2_k34_d3	best_codes/collected/C2xC2_AAp0_0_0_0_0_0_1_BBp0_0_0_1_1_1_2_k34_d3
C2xC2_AAp0_0_1_1_1_1_2_BBp0_0_1_1_1_1_2_k36_d4	C2xC2	144	36	4	400	dist-m4ri	p0_0_1_1_1_1_2	p0_0_1_1_1_1_2	results/progressive_C2xC2_20260122T140241Z	results/progressive_C2xC2_20260122T140241Z/best_codes/C2xC2_AAp0_0_1_1_1_1_2_BBp0_0_1_1_1_1_2_k36_d4	best_codes/collected/C2xC2_AAp0_0_1_1_1_1_2_BBp0_0_1_1_1_1_2_k36_d4
C2xC2_AAp0_0_0_0_0_0_1_BBp0_0_0_0_1_1_2_k38_d3	C2xC2	144	38	3	400	dist-m4ri	p0_0_0_0_0_0_1	p0_0_0_0_1_1_2	results/progressive_C2xC2_20260122T140241Z	results/progressive_C2xC2_20260122T140241Z/best_codes/C2xC2_AAp0_0_0_0_0_0_1_BBp0_0_0_0_1_1_2_k38_d3	best_codes/collected/C2xC2_AAp0_0_0_0_0_0_1_BBp0_0_0_0_1_1_2_k38_d3
C2xC2_AAp0_0_0_0_0_0_2_BBp0_0_1_1_1_1_2_k40_d3	C2xC2	144	40	3	400	dist-m4ri	p0_0_0_0_0_0_2	p0_0_1_1_1_1_2	results/progressive_C2xC2_20260122T140241Z	results/progressive_C2xC2_20260122T140241Z/best_codes/C2xC2_AAp0_0_0_0_0_0_2_BBp0_0_1_1_1_1_2_k40_d3	best_codes/collected/C2xC2_AAp0_0_0_0_0_0_2_BBp0_0_1_1_1_1_2_k40_d3
C2xC2_AAp0_0_0_0_0_0_0_BBp13_0_1_1_1_1_2_k42_d3	C2xC2	144	42	3	400	dist-m4ri	p0_0_0_0_0_0_0	p13_0_1_1_1_1_2	results/progressive_C2xC2_20260122T140241Z	results/progressive_C2xC2_20260122T140241Z/best_codes/C2xC2_AAp0_0_0_0_0_0_0_BBp13_0_1_1_1_1_2_k42_d3	best_codes/collected/C2xC2_AAp0_0_0_0_0_0_0_BBp13_0_1_1_1_1_2_k42_d3
C2xC2_AAp0_0_0_0_0_0_1_BBp0_0_0_0_0_1_1_k44_d3	C2xC2	144	44	3	400	dist-m4ri	p0_0_0_0_0_0_1	p0_0_0_0_0_1_1	results/progressive_C2xC2_20260122T140241Z	results/progressive_C2xC2_20260122T140241Z/best_codes/C2xC2_AAp0_0_0_0_0_0_1_BBp0_0_0_0_0_1_1_k44_d3	best_codes/collected/C2xC2_AAp0_0_0_0_0_0_1_BBp0_0_0_0_0_1_1_k44_d3
C2xC2_AAp0_0_0_0_0_0_0_BBp0_0_1_1_1_1_2_k48_d3	C2xC2	144	48	3	400	dist-m4ri	p0_0_0_0_0_0_0	p0_0_1_1_1_1_2	results/progressive_C2xC2_20260122T140241Z	results/progressive_C2xC2_20260122T140241Z/best_codes/C2xC2_AAp0_0_0_0_0_0_0_BBp0_0_1_1_1_1_2_k48_d3	best_codes/collected/C2xC2_AAp0_0_0_0_0_0_0_BBp0_0_1_1_1_1_2_k48_d3
C2xC2_AAp0_0_0_0_0_0_1_BBp0_0_0_0_0_0_2_k50_d3	C2xC2	144	50	3	400	dist-m4ri	p0_0_0_0_0_0_1	p0_0_0_0_0_0_2	results/progressive_C2xC2_20260122T140241Z	results/progressive_C2xC2_20260122T140241Z/best_codes/C2xC2_AAp0_0_0_0_0_0_1_BBp0_0_0_0_0_0_2_k50_d3	best_codes/collected/C2xC2_AAp0_0_0_0_0_0_1_BBp0_0_0_0_0_0_2_k50_d3
C2xC2_AAp0_0_0_0_0_0_1_BBp0_0_0_0_0_0_1_k52_d3	C2xC2	144	52	3	400	dist-m4ri	p0_0_0_0_0_0_1	p0_0_0_0_0_0_1	results/progressive_C2xC2_20260122T140241Z	results/progressive_C2xC2_20260122T140241Z/best_codes/C2xC2_AAp0_0_0_0_0_0_1_BBp0_0_0_0_0_0_1_k52_d3	best_codes/collected/C2xC2_AAp0_0_0_0_0_0_1_BBp0_0_0_0_0_0_1_k52_d3
C2xC2_AAp0_0_0_0_0_0_0_BBp0_0_0_0_0_0_1_k60_d3	C2xC2	144	60	3	400	dist-m4ri	p0_0_0_0_0_0_0	p0_0_0_0_0_0_1	results/progressive_C2xC2_20260122T140241Z	results/progressive_C2xC2_20260122T140241Z/best_codes/C2xC2_AAp0_0_0_0_0_0_0_BBp0_0_0_0_0_0_1_k60_d3	best_codes/collected/C2xC2_AAp0_0_0_0_0_0_0_BBp0_0_0_0_0_0_1_k60_d3
C2xC2_AAp0_0_0_0_0_0_0_BBp0_0_0_0_0_0_0_k72_d3	C2xC2	144	72	3	400	dist-m4ri	p0_0_0_0_0_0_0	p0_0_0_0_0_0_0	results/progressive_C2xC2_20260122T140241Z	results/progressive_C2xC2_20260122T140241Z/best_codes/C2xC2_AAp0_0_0_0_0_0_0_BBp0_0_0_0_0_0_0_k72_d3	best_codes/collected/C2xC2_AAp0_0_0_0_0_0_0_BBp0_0_0_0_0_0_0_k72_d3
C2xC2xC2_AAp11_0_0_1_2_2_7_BBp11_0_0_1_2_4_5_k4_d20	C2xC2xC2	288	4	20	50000	dist-m4ri	p11_0_0_1_2_2_7	p11_0_0_1_2_4_5	results/progressive_c2xc2xc2_d16_20260121_133928	results/progressive_c2xc2xc2_d16_20260121_133928/best_codes/C2xC2xC2_AAp11_0_0_1_2_2_7_BBp11_0_0_1_2_4_5_k4_d20	best_codes/collected/C2xC2xC2_AAp11_0_0_1_2_2_7_BBp11_0_0_1_2_4_5_k4_d20
C2xC2xC2_AAp11_0_0_1_2_4_4_BBp11_0_0_1_2_2_6_k4_d19	C2xC2xC2	288	4	19	50000	dist-m4ri	p11_0_0_1_2_4_4	p11_0_0_1_2_2_6	results/progressive_c2xc2xc2_d16_20260121_133928	results/progressive_c2xc2xc2_d16_20260121_133928/best_codes/C2xC2xC2_AAp11_0_0_1_2_4_4_BBp11_0_0_1_2_2_6_k4_d19	best_codes/collected/C2xC2xC2_AAp11_0_0_1_2_4_4_BBp11_0_0_1_2_2_6_k4_d19
C2xC2xC2_AAp11_0_0_1_2_2_4_BBp11_0_0_1_2_3_6_k4_d18	C2xC2xC2	288	4	18	50000	dist-m4ri	p11_0_0_1_2_2_4	p11_0_0_1_2_3_6	results/progressive_c2xc2xc2_d16_20260121_133928	results/progressive_c2xc2xc2_d16_20260121_133928/best_codes/C2xC2xC2_AAp11_0_0_1_2_2_4_BBp11_0_0_1_2_3_6_k4_d18	best_codes/collected/C2xC2xC2_AAp11_0_0_1_2_2_4_BBp11_0_0_1_2_3_6_k4_d18
C2xC2xC2_AAp11_0_0_1_2_2_4_BBp11_0_0_1_2_2_5_k4_d12	C2xC2xC2	288	4	12	100000	dist-m4ri	p11_0_0_1_2_2_4	p11_0_0_1_2_2_5	results/progressive_C2xC2xC2_20260123T121342Z	results/progressive_C2xC2xC2_20260123T121342Z/best_codes/C2xC2xC2_AAp11_0_0_1_2_2_4_BBp11_0_0_1_2_2_5_k4_d12	best_codes/collected/C2xC2xC2_AAp11_0_0_1_2_2_4_BBp11_0_0_1_2_2_5_k4_d12
C2xC2xC2_AAp11_0_0_1_2_2_6_BBp6_0_1_2_4_5_7_k8_d20	C2xC2xC2	288	8	20	50000	dist-m4ri	p11_0_0_1_2_2_6	p6_0_1_2_4_5_7	results/progressive_c2xc2xc2_d16_20260121_133928	results/progressive_c2xc2xc2_d16_20260121_133928/best_codes/C2xC2xC2_AAp11_0_0_1_2_2_6_BBp6_0_1_2_4_5_7_k8_d20	best_codes/collected/C2xC2xC2_AAp11_0_0_1_2_2_6_BBp6_0_1_2_4_5_7_k8_d20
C2xC2xC2_AAp11_0_0_1_2_2_6_BBp11_0_1_2_5_6_7_k8_d19	C2xC2xC2	288	8	19	50000	dist-m4ri	p11_0_0_1_2_2_6	p11_0_1_2_5_6_7	results/progressive_c2xc2xc2_d16_20260121_133928	results/progressive_c2xc2xc2_d16_20260121_133928/best_codes/C2xC2xC2_AAp11_0_0_1_2_2_6_BBp11_0_1_2_5_6_7_k8_d19	best_codes/collected/C2xC2xC2_AAp11_0_0_1_2_2_6_BBp11_0_1_2_5_6_7_k8_d19
C2xC2xC2_AAp11_0_1_3_4_5_7_BBp11_0_0_1_2_2_4_k8_d17	C2xC2xC2	288	8	17	50000	dist-m4ri	p11_0_1_3_4_5_7	p11_0_0_1_2_2_4	results/progressive_c2xc2xc2_d16_20260121_133928	results/progressive_c2xc2xc2_d16_20260121_133928/best_codes/C2xC2xC2_AAp11_0_1_3_4_5_7_BBp11_0_0_1_2_2_4_k8_d17	best_codes/collected/C2xC2xC2_AAp11_0_1_3_4_5_7_BBp11_0_0_1_2_2_4_k8_d17
C2xC2xC2_AAp11_0_0_1_2_2_4_BBp6_0_1_2_3_4_6_k8_d16	C2xC2xC2	288	8	16	50000	dist-m4ri	p11_0_0_1_2_2_4	p6_0_1_2_3_4_6	results/progressive_c2xc2xc2_d16_20260121_133928	results/progressive_c2xc2xc2_d16_20260121_133928/best_codes/C2xC2xC2_AAp11_0_0_1_2_2_4_BBp6_0_1_2_3_4_6_k8_d16	best_codes/collected/C2xC2xC2_AAp11_0_0_1_2_2_4_BBp6_0_1_2_3_4_6_k8_d16
C2xC2xC2_AAp15_0_1_2_3_4_7_BBp6_0_1_2_3_4_7_k12_d18	C2xC2xC2	288	12	18	50000	dist-m4ri	p15_0_1_2_3_4_7	p6_0_1_2_3_4_7	results/progressive_c2xc2xc2_d16_20260121_133928	results/progressive_c2xc2xc2_d16_20260121_133928/best_codes/C2xC2xC2_AAp15_0_1_2_3_4_7_BBp6_0_1_2_3_4_7_k12_d18	best_codes/collected/C2xC2xC2_AAp15_0_1_2_3_4_7_BBp6_0_1_2_3_4_7_k12_d18
C2xC2xC2_AAp11_0_1_2_4_5_6_BBp6_0_1_2_3_4_7_k12_d17	C2xC2xC2	288	12	17	50000	dist-m4ri	p11_0_1_2_4_5_6	p6_0_1_2_3_4_7	results/progressive_c2xc2xc2_d16_20260121_133928	results/progressive_c2xc2xc2_d16_20260121_133928/best_codes/C2xC2xC2_AAp11_0_1_2_4_5_6_BBp6_0_1_2_3_4_7_k12_d17	best_codes/collected/C2xC2xC2_AAp11_0_1_2_4_5_6_BBp6_0_1_2_3_4_7_k12_d17
C2xC2xC2_AAp11_0_1_2_4_5_6_BBp6_0_1_2_3_4_6_k12_d14	C2xC2xC2	288	12	14	100000	dist-m4ri	p11_0_1_2_4_5_6	p6_0_1_2_3_4_6	results/progressive_C2xC2xC2_20260123T121342Z	results/progressive_C2xC2xC2_20260123T121342Z/best_codes/C2xC2xC2_AAp11_0_1_2_4_5_6_BBp6_0_1_2_3_4_6_k12_d14	best_codes/collected/C2xC2xC2_AAp11_0_1_2_4_5_6_BBp6_0_1_2_3_4_6_k12_d14
C2xC2xC2_AAp11_0_0_2_4_5_6_BBp11_0_0_2_5_6_7_k14_d12	C2xC2xC2	288	14	12	100000	dist-m4ri	p11_0_0_2_4_5_6	p11_0_0_2_5_6_7	results/progressive_C2xC2xC2_20260123T121342Z	results/progressive_C2xC2xC2_20260123T121342Z/best_codes/C2xC2xC2_AAp11_0_0_2_4_5_6_BBp11_0_0_2_5_6_7_k14_d12	best_codes/collected/C2xC2xC2_AAp11_0_0_2_4_5_6_BBp11_0_0_2_5_6_7_k14_d12
C2xC2xC2_AAp11_0_0_2_4_5_6_BBp11_0_1_2_4_5_6_k14_d8	C2xC2xC2	288	14	8	100000	dist-m4ri	p11_0_0_2_4_5_6	p11_0_1_2_4_5_6	results/progressive_C2xC2xC2_20260123T121342Z	results/progressive_C2xC2xC2_20260123T121342Z/best_codes/C2xC2xC2_AAp11_0_0_2_4_5_6_BBp11_0_1_2_4_5_6_k14_d8	best_codes/collected/C2xC2xC2_AAp11_0_0_2_4_5_6_BBp11_0_1_2_4_5_6_k14_d8
C2xC2xC2_AAp6_0_1_2_3_4_6_BBp6_0_1_2_4_5_7_k16_d16	C2xC2xC2	288	16	16	20000	dist-m4ri	p6_0_1_2_3_4_6	p6_0_1_2_4_5_7	results/progressive_c2xc2xc2_d16_20260120_153538	results/progressive_c2xc2xc2_d16_20260120_153538/best_codes/C2xC2xC2_AAp6_0_1_2_3_4_6_BBp6_0_1_2_4_5_7_k16_d16	best_codes/collected/C2xC2xC2_AAp6_0_1_2_3_4_6_BBp6_0_1_2_4_5_7_k16_d16
C2xC2xC2_AAp6_0_2_3_5_6_7_BBp6_0_0_1_4_6_7_k16_d16	C2xC2xC2	288	16	16	50000	dist-m4ri	p6_0_2_3_5_6_7	p6_0_0_1_4_6_7	results/progressive_c2xc2xc2_d16_20260121_133928	results/progressive_c2xc2xc2_d16_20260121_133928/best_codes/C2xC2xC2_AAp6_0_2_3_5_6_7_BBp6_0_0_1_4_6_7_k16_d16	best_codes/collected/C2xC2xC2_AAp6_0_2_3_5_6_7_BBp6_0_0_1_4_6_7_k16_d16
C2xC2xC2_AAp11_0_1_2_4_5_6_BBp11_0_1_3_4_6_7_k16_d14	C2xC2xC2	288	16	14	100000	dist-m4ri	p11_0_1_2_4_5_6	p11_0_1_3_4_6_7	results/progressive_C2xC2xC2_20260123T121342Z	results/progressive_C2xC2xC2_20260123T121342Z/best_codes/C2xC2xC2_AAp11_0_1_2_4_5_6_BBp11_0_1_3_4_6_7_k16_d14	best_codes/collected/C2xC2xC2_AAp11_0_1_2_4_5_6_BBp11_0_1_3_4_6_7_k16_d14
C2xC2xC2_AAp6_0_1_2_3_4_6_BBp6_0_1_2_3_4_7_k16_d12	C2xC2xC2	288	16	12	100000	dist-m4ri	p6_0_1_2_3_4_6	p6_0_1_2_3_4_7	results/progressive_C2xC2xC2_20260123T121342Z	results/progressive_C2xC2xC2_20260123T121342Z/best_codes/C2xC2xC2_AAp6_0_1_2_3_4_6_BBp6_0_1_2_3_4_7_k16_d12	best_codes/collected/C2xC2xC2_AAp6_0_1_2_3_4_6_BBp6_0_1_2_3_4_7_k16_d12
C2xC2xC2_AAp6_0_0_0_1_4_6_BBp6_0_1_2_3_5_6_k18_d15	C2xC2xC2	288	18	15	100000	dist-m4ri	p6_0_0_0_1_4_6	p6_0_1_2_3_5_6	results/progressive_C2xC2xC2_20260123T121342Z	results/progressive_C2xC2xC2_20260123T121342Z/best_codes/C2xC2xC2_AAp6_0_0_0_1_4_6_BBp6_0_1_2_3_5_6_k18_d15	best_codes/collected/C2xC2xC2_AAp6_0_0_0_1_4_6_BBp6_0_1_2_3_5_6_k18_d15
C2xC2xC2_AAp0_0_1_2_3_4_6_BBp11_0_0_2_4_5_6_k18_d12	C2xC2xC2	288	18	12	100000	dist-m4ri	p0_0_1_2_3_4_6	p11_0_0_2_4_5_6	results/progressive_C2xC2xC2_20260123T121342Z	results/progressive_C2xC2xC2_20260123T121342Z/best_codes/C2xC2xC2_AAp0_0_1_2_3_4_6_BBp11_0_0_2_4_5_6_k18_d12	best_codes/collected/C2xC2xC2_AAp0_0_1_2_3_4_6_BBp11_0_0_2_4_5_6_k18_d12
C2xC2xC2_AAp0_0_1_2_2_4_5_BBp11_0_0_2_4_5_6_k20_d12	C2xC2xC2	288	20	12	100000	dist-m4ri	p0_0_1_2_2_4_5	p11_0_0_2_4_5_6	results/progressive_C2xC2xC2_20260123T121342Z	results/progressive_C2xC2xC2_20260123T121342Z/best_codes/C2xC2xC2_AAp0_0_1_2_2_4_5_BBp11_0_0_2_4_5_6_k20_d12	best_codes/collected/C2xC2xC2_AAp0_0_1_2_2_4_5_BBp11_0_0_2_4_5_6_k20_d12
C2xC2xC2_AAp0_0_1_2_3_4_6_BBp6_0_1_2_3_4_6_k24_d12	C2xC2xC2	288	24	12	100000	dist-m4ri	p0_0_1_2_3_4_6	p6_0_1_2_3_4_6	results/progressive_C2xC2xC2_20260123T121342Z	results/progressive_C2xC2xC2_20260123T121342Z/best_codes/C2xC2xC2_AAp0_0_1_2_3_4_6_BBp6_0_1_2_3_4_6_k24_d12	best_codes/collected/C2xC2xC2_AAp0_0_1_2_3_4_6_BBp6_0_1_2_3_4_6_k24_d12
C2xC2xC2_AAp0_0_1_2_3_4_6_BBp0_0_1_2_3_4_7_k36_d8	C2xC2xC2	288	36	8	100000	dist-m4ri	p0_0_1_2_3_4_6	p0_0_1_2_3_4_7	results/progressive_C2xC2xC2_20260123T121342Z	results/progressive_C2xC2xC2_20260123T121342Z/best_codes/C2xC2xC2_AAp0_0_1_2_3_4_6_BBp0_0_1_2_3_4_7_k36_d8	best_codes/collected/C2xC2xC2_AAp0_0_1_2_3_4_6_BBp0_0_1_2_3_4_7_k36_d8
C2xC2xC2xC2_AAp11_0_1_2_4_10_11_BBp11_0_1_11_12_13_14_k8_d50	C2xC2xC2xC2	576	8	50	50000	dist-m4ri	p11_0_1_2_4_10_11	p11_0_1_11_12_13_14	results/progressive_C2xC2xC2xC2_20260121T170340Z	results/progressive_C2xC2xC2xC2_20260121T170340Z/best_codes/C2xC2xC2xC2_AAp11_0_1_2_4_10_11_BBp11_0_1_11_12_13_14_k8_d50	best_codes/collected/C2xC2xC2xC2_AAp11_0_1_2_4_10_11_BBp11_0_1_11_12_13_14_k8_d50
C2xC2xC2xC2_AAp11_0_1_2_10_11_13_BBp11_0_1_10_12_14_15_k8_d49	C2xC2xC2xC2	576	8	49	50000	dist-m4ri	p11_0_1_2_10_11_13	p11_0_1_10_12_14_15	results/progressive_C2xC2xC2xC2_20260121T170340Z	results/progressive_C2xC2xC2xC2_20260121T170340Z/best_codes/C2xC2xC2xC2_AAp11_0_1_2_10_11_13_BBp11_0_1_10_12_14_15_k8_d49	best_codes/collected/C2xC2xC2xC2_AAp11_0_1_2_10_11_13_BBp11_0_1_10_12_14_15_k8_d49
C2xC2xC2xC2_AAp11_0_1_10_12_13_15_BBp11_0_1_2_10_11_14_k8_d43	C2xC2xC2xC2	576	8	43	50000	dist-m4ri	p11_0_1_10_12_13_15	p11_0_1_2_10_11_14	results/progressive_C2xC2xC2xC2_20260121T170340Z	results/progressive_C2xC2xC2xC2_20260121T170340Z/best_codes/C2xC2xC2xC2_AAp11_0_1_10_12_13_15_BBp11_0_1_2_10_11_14_k8_d43	best_codes/collected/C2xC2xC2xC2_AAp11_0_1_10_12_13_15_BBp11_0_1_2_10_11_14_k8_d43
C2xC2xC2xC2_AAp11_0_1_10_13_14_15_BBp11_0_1_11_12_13_14_k8_d42	C2xC2xC2xC2	576	8	42	50000	dist-m4ri	p11_0_1_10_13_14_15	p11_0_1_11_12_13_14	results/progressive_C2xC2xC2xC2_20260121T170340Z	results/progressive_C2xC2xC2xC2_20260121T170340Z/best_codes/C2xC2xC2xC2_AAp11_0_1_10_13_14_15_BBp11_0_1_11_12_13_14_k8_d42	best_codes/collected/C2xC2xC2xC2_AAp11_0_1_10_13_14_15_BBp11_0_1_11_12_13_14_k8_d42
C2xC2xC2xC2_AAp11_0_1_10_12_14_15_BBp11_0_1_10_12_13_14_k8_d31	C2xC2xC2xC2	576	8	31	50000	dist-m4ri	p11_0_1_10_12_14_15	p11_0_1_10_12_13_14	results/progressive_C2xC2xC2xC2_20260121T170340Z	results/progressive_C2xC2xC2xC2_20260121T170340Z/best_codes/C2xC2xC2xC2_AAp11_0_1_10_12_14_15_BBp11_0_1_10_12_13_14_k8_d31	best_codes/collected/C2xC2xC2xC2_AAp11_0_1_10_12_14_15_BBp11_0_1_10_12_13_14_k8_d31
C2xC2xC2xC2_AAp11_0_1_10_13_14_15_BBp11_0_1_10_12_13_15_k8_d30	C2xC2xC2xC2	576	8	30	50000	dist-m4ri	p11_0_1_10_13_14_15	p11_0_1_10_12_13_15	results/progressive_C2xC2xC2xC2_20260121T165015Z	results/progressive_C2xC2xC2xC2_20260121T165015Z/best_codes/C2xC2xC2xC2_AAp11_0_1_10_13_14_15_BBp11_0_1_10_12_13_15_k8_d30	best_codes/collected/C2xC2xC2xC2_AAp11_0_1_10_13_14_15_BBp11_0_1_10_12_13_15_k8_d30
C2xC2xC2xC2_AAp11_0_1_10_12_13_14_BBp11_0_1_10_12_14_15_k8_d29	C2xC2xC2xC2	576	8	29	50000	dist-m4ri	p11_0_1_10_12_13_14	p11_0_1_10_12_14_15	results/progressive_C2xC2xC2xC2_20260121T170340Z	results/progressive_C2xC2xC2xC2_20260121T170340Z/best_codes/C2xC2xC2xC2_AAp11_0_1_10_12_13_14_BBp11_0_1_10_12_14_15_k8_d29	best_codes/collected/C2xC2xC2xC2_AAp11_0_1_10_12_13_14_BBp11_0_1_10_12_14_15_k8_d29
C2xC2xC2xC2_AAp11_0_1_10_12_13_15_BBp11_0_1_10_13_14_15_k8_d29	C2xC2xC2xC2	576	8	29	1000000	dist-m4ri	p11_0_1_10_12_13_15	p11_0_1_10_13_14_15	results/progressive_C2xC2xC2xC2_20260122T131021Z	results/progressive_C2xC2xC2xC2_20260122T131021Z/best_codes/C2xC2xC2xC2_AAp11_0_1_10_12_13_15_BBp11_0_1_10_13_14_15_k8_d29	best_codes/collected/C2xC2xC2xC2_AAp11_0_1_10_12_13_15_BBp11_0_1_10_13_14_15_k8_d29
C2xC2xC2xC2_AAp11_0_1_10_12_14_15_BBp11_0_1_10_12_13_14_k8_d29	C2xC2xC2xC2	576	8	29	50000	dist-m4ri	p11_0_1_10_12_14_15	p11_0_1_10_12_13_14	results/progressive_C2xC2xC2xC2_20260121T165015Z	results/progressive_C2xC2xC2xC2_20260121T165015Z/best_codes/C2xC2xC2xC2_AAp11_0_1_10_12_14_15_BBp11_0_1_10_12_13_14_k8_d29	best_codes/collected/C2xC2xC2xC2_AAp11_0_1_10_12_14_15_BBp11_0_1_10_12_13_14_k8_d29
C2xC2xC2xC2_AAp11_0_1_10_12_13_14_BBp11_0_1_10_12_14_15_k8_d24	C2xC2xC2xC2	576	8	24	50000	dist-m4ri	p11_0_1_10_12_13_14	p11_0_1_10_12_14_15	results/progressive_C2xC2xC2xC2_20260121T165015Z	results/progressive_C2xC2xC2xC2_20260121T165015Z/best_codes/C2xC2xC2xC2_AAp11_0_1_10_12_13_14_BBp11_0_1_10_12_14_15_k8_d24	best_codes/collected/C2xC2xC2xC2_AAp11_0_1_10_12_13_14_BBp11_0_1_10_12_14_15_k8_d24
C2xC2xC2xC2_AAp6_0_3_4_5_6_9_BBp11_0_1_2_10_13_14_k12_d27	C2xC2xC2xC2	576	12	27	50000	dist-m4ri	p6_0_3_4_5_6_9	p11_0_1_2_10_13_14	results/progressive_C2xC2xC2xC2_20260121T170340Z	results/progressive_C2xC2xC2xC2_20260121T170340Z/best_codes/C2xC2xC2xC2_AAp6_0_3_4_5_6_9_BBp11_0_1_2_10_13_14_k12_d27	best_codes/collected/C2xC2xC2xC2_AAp6_0_3_4_5_6_9_BBp11_0_1_2_10_13_14_k12_d27
C2xC2xC2xC2_AAp11_0_1_10_12_13_14_BBp6_0_8_10_11_13_14_k12_d24	C2xC2xC2xC2	576	12	24	1000000	dist-m4ri	p11_0_1_10_12_13_14	p6_0_8_10_11_13_14	results/progressive_C2xC2xC2xC2_20260122T131021Z	results/progressive_C2xC2xC2xC2_20260122T131021Z/best_codes/C2xC2xC2xC2_AAp11_0_1_10_12_13_14_BBp6_0_8_10_11_13_14_k12_d24	best_codes/collected/C2xC2xC2xC2_AAp11_0_1_10_12_13_14_BBp6_0_8_10_11_13_14_k12_d24
C2xC2xC2xC2_AAp11_0_1_2_10_11_14_BBp6_0_3_4_5_6_9_k12_d24	C2xC2xC2xC2	576	12	24	50000	dist-m4ri	p11_0_1_2_10_11_14	p6_0_3_4_5_6_9	results/progressive_C2xC2xC2xC2_20260121T170340Z	results/progressive_C2xC2xC2xC2_20260121T170340Z/best_codes/C2xC2xC2xC2_AAp11_0_1_2_10_11_14_BBp6_0_3_4_5_6_9_k12_d24	best_codes/collected/C2xC2xC2xC2_AAp11_0_1_2_10_11_14_BBp6_0_3_4_5_6_9_k12_d24
C2xC2xC2xC2_AAp11_0_1_11_12_13_15_BBp11_0_1_2_4_11_14_k16_d34	C2xC2xC2xC2	576	16	34	50000	dist-m4ri	p11_0_1_11_12_13_15	p11_0_1_2_4_11_14	results/progressive_C2xC2xC2xC2_20260121T170340Z	results/progressive_C2xC2xC2xC2_20260121T170340Z/best_codes/C2xC2xC2xC2_AAp11_0_1_11_12_13_15_BBp11_0_1_2_4_11_14_k16_d34	best_codes/collected/C2xC2xC2xC2_AAp11_0_1_11_12_13_15_BBp11_0_1_2_4_11_14_k16_d34
C2xC2xC2xC2_AAp11_0_1_10_12_14_15_BBp11_0_1_11_12_13_14_k16_d28	C2xC2xC2xC2	576	16	28	50000	dist-m4ri	p11_0_1_10_12_14_15	p11_0_1_11_12_13_14	results/progressive_C2xC2xC2xC2_20260121T170340Z	results/progressive_C2xC2xC2xC2_20260121T170340Z/best_codes/C2xC2xC2xC2_AAp11_0_1_10_12_14_15_BBp11_0_1_11_12_13_14_k16_d28	best_codes/collected/C2xC2xC2xC2_AAp11_0_1_10_12_14_15_BBp11_0_1_11_12_13_14_k16_d28
C2xC2xC2xC2_AAp11_0_1_10_12_14_15_BBp6_0_3_4_5_6_9_k16_d27	C2xC2xC2xC2	576	16	27	50000	dist-m4ri	p11_0_1_10_12_14_15	p6_0_3_4_5_6_9	results/progressive_C2xC2xC2xC2_20260121T170340Z	results/progressive_C2xC2xC2xC2_20260121T170340Z/best_codes/C2xC2xC2xC2_AAp11_0_1_10_12_14_15_BBp6_0_3_4_5_6_9_k16_d27	best_codes/collected/C2xC2xC2xC2_AAp11_0_1_10_12_14_15_BBp6_0_3_4_5_6_9_k16_d27
C2xC2xC2xC2_AAp11_0_1_10_12_13_14_BBp11_0_1_11_12_14_15_k16_d24	C2xC2xC2xC2	576	16	24	50000	dist-m4ri	p11_0_1_10_12_13_14	p11_0_1_11_12_14_15	results/progressive_C2xC2xC2xC2_20260121T165015Z	results/progressive_C2xC2xC2xC2_20260121T165015Z/best_codes/C2xC2xC2xC2_AAp11_0_1_10_12_13_14_BBp11_0_1_11_12_14_15_k16_d24	best_codes/collected/C2xC2xC2xC2_AAp11_0_1_10_12_13_14_BBp11_0_1_11_12_14_15_k16_d24
C2xC2xC2xC2_AAp11_0_1_10_12_13_14_BBp6_0_3_4_5_6_9_k16_d24	C2xC2xC2xC2	576	16	24	50000	dist-m4ri	p11_0_1_10_12_13_14	p6_0_3_4_5_6_9	results/progressive_C2xC2xC2xC2_20260121T170340Z	results/progressive_C2xC2xC2xC2_20260121T170340Z/best_codes/C2xC2xC2xC2_AAp11_0_1_10_12_13_14_BBp6_0_3_4_5_6_9_k16_d24	best_codes/collected/C2xC2xC2xC2_AAp11_0_1_10_12_13_14_BBp6_0_3_4_5_6_9_k16_d24
C2xC6_AAp11_0_2_4_5_6_7_BBp11_0_0_3_5_5_11_k2_d35	C2xC6	432	2	35	200000	dist-m4ri	p11_0_2_4_5_6_7	p11_0_0_3_5_5_11	results/progressive_C2xC6_20260123T121832Z	results/progressive_C2xC6_20260123T121832Z/best_codes/C2xC6_AAp11_0_2_4_5_6_7_BBp11_0_0_3_5_5_11_k2_d35	best_codes/collected/C2xC6_AAp11_0_2_4_5_6_7_BBp11_0_0_3_5_5_11_k2_d35
C2xC6_AAp11_0_0_1_2_10_11_BBp11_0_0_1_2_5_6_k2_d33	C2xC6	432	2	33	200000	dist-m4ri	p11_0_0_1_2_10_11	p11_0_0_1_2_5_6	results/progressive_C2xC6_20260123T121832Z	results/progressive_C2xC6_20260123T121832Z/best_codes/C2xC6_AAp11_0_0_1_2_10_11_BBp11_0_0_1_2_5_6_k2_d33	best_codes/collected/C2xC6_AAp11_0_0_1_2_10_11_BBp11_0_0_1_2_5_6_k2_d33
C2xC6_AAp11_0_0_1_1_3_10_BBp11_0_0_3_5_5_11_k2_d30	C2xC6	432	2	30	200000	dist-m4ri	p11_0_0_1_1_3_10	p11_0_0_3_5_5_11	results/progressive_C2xC6_20260123T121832Z	results/progressive_C2xC6_20260123T121832Z/best_codes/C2xC6_AAp11_0_0_1_1_3_10_BBp11_0_0_3_5_5_11_k2_d30	best_codes/collected/C2xC6_AAp11_0_0_1_1_3_10_BBp11_0_0_3_5_5_11_k2_d30
C2xC6_AAp11_0_0_1_2_10_11_BBp11_0_0_1_2_5_6_k2_d29	C2xC6	432	2	29	400000	dist-m4ri	p11_0_0_1_2_10_11	p11_0_0_1_2_5_6	results/progressive_C2xC6_20260122T163700Z	results/progressive_C2xC6_20260122T163700Z/best_codes/C2xC6_AAp11_0_0_1_2_10_11_BBp11_0_0_1_2_5_6_k2_d29	best_codes/collected/C2xC6_AAp11_0_0_1_2_10_11_BBp11_0_0_1_2_5_6_k2_d29
C2xC6_AAp11_0_0_1_1_3_10_BBp11_0_0_3_5_5_11_k2_d27	C2xC6	432	2	27	400000	dist-m4ri	p11_0_0_1_1_3_10	p11_0_0_3_5_5_11	results/progressive_C2xC6_20260122T163700Z	results/progressive_C2xC6_20260122T163700Z/best_codes/C2xC6_AAp11_0_0_1_1_3_10_BBp11_0_0_3_5_5_11_k2_d27	best_codes/collected/C2xC6_AAp11_0_0_1_1_3_10_BBp11_0_0_3_5_5_11_k2_d27
C2xC6_AAp11_0_0_1_2_10_10_BBp11_0_0_1_2_3_11_k2_d20	C2xC6	432	2	20	200000	dist-m4ri	p11_0_0_1_2_10_10	p11_0_0_1_2_3_11	results/progressive_C2xC6_20260123T121832Z	results/progressive_C2xC6_20260123T121832Z/best_codes/C2xC6_AAp11_0_0_1_2_10_10_BBp11_0_0_1_2_3_11_k2_d20	best_codes/collected/C2xC6_AAp11_0_0_1_2_10_10_BBp11_0_0_1_2_3_11_k2_d20
C2xC6_AAp11_0_2_4_5_6_7_BBp14_0_1_3_4_6_11_k4_d38	C2xC6	432	4	38	200000	dist-m4ri	p11_0_2_4_5_6_7	p14_0_1_3_4_6_11	results/progressive_C2xC6_20260123T121832Z	results/progressive_C2xC6_20260123T121832Z/best_codes/C2xC6_AAp11_0_2_4_5_6_7_BBp14_0_1_3_4_6_11_k4_d38	best_codes/collected/C2xC6_AAp11_0_2_4_5_6_7_BBp14_0_1_3_4_6_11_k4_d38
C2xC6_AAp15_0_4_7_8_8_9_BBp10_0_5_6_7_9_10_k4_d37	C2xC6	432	4	37	200000	dist-m4ri	p15_0_4_7_8_8_9	p10_0_5_6_7_9_10	results/progressive_C2xC6_20260123T121832Z	results/progressive_C2xC6_20260123T121832Z/best_codes/C2xC6_AAp15_0_4_7_8_8_9_BBp10_0_5_6_7_9_10_k4_d37	best_codes/collected/C2xC6_AAp15_0_4_7_8_8_9_BBp10_0_5_6_7_9_10_k4_d37
C2xC6_AAp10_0_0_1_1_3_9_BBp10_0_5_6_7_9_10_k4_d35	C2xC6	432	4	35	200000	dist-m4ri	p10_0_0_1_1_3_9	p10_0_5_6_7_9_10	results/progressive_C2xC6_20260123T121832Z	results/progressive_C2xC6_20260123T121832Z/best_codes/C2xC6_AAp10_0_0_1_1_3_9_BBp10_0_5_6_7_9_10_k4_d35	best_codes/collected/C2xC6_AAp10_0_0_1_1_3_9_BBp10_0_5_6_7_9_10_k4_d35
C2xC6_AAp15_0_0_1_10_11_11_BBp10_0_5_6_7_9_10_k4_d35	C2xC6	432	4	35	400000	dist-m4ri	p15_0_0_1_10_11_11	p10_0_5_6_7_9_10	results/progressive_C2xC6_20260122T163700Z	results/progressive_C2xC6_20260122T163700Z/best_codes/C2xC6_AAp15_0_0_1_10_11_11_BBp10_0_5_6_7_9_10_k4_d35	best_codes/collected/C2xC6_AAp15_0_0_1_10_11_11_BBp10_0_5_6_7_9_10_k4_d35
C2xC6_AAp10_0_0_1_1_3_6_BBp14_0_1_3_4_6_11_k4_d34	C2xC6	432	4	34	200000	dist-m4ri	p10_0_0_1_1_3_6	p14_0_1_3_4_6_11	results/progressive_C2xC6_20260123T121832Z	results/progressive_C2xC6_20260123T121832Z/best_codes/C2xC6_AAp10_0_0_1_1_3_6_BBp14_0_1_3_4_6_11_k4_d34	best_codes/collected/C2xC6_AAp10_0_0_1_1_3_6_BBp14_0_1_3_4_6_11_k4_d34
C2xC6_AAp15_0_0_1_10_11_11_BBp10_0_5_6_7_9_10_k4_d32	C2xC6	432	4	32	200000	dist-m4ri	p15_0_0_1_10_11_11	p10_0_5_6_7_9_10	results/progressive_C2xC6_20260123T121832Z	results/progressive_C2xC6_20260123T121832Z/best_codes/C2xC6_AAp15_0_0_1_10_11_11_BBp10_0_5_6_7_9_10_k4_d32	best_codes/collected/C2xC6_AAp15_0_0_1_10_11_11_BBp10_0_5_6_7_9_10_k4_d32
C2xC6_AAp11_0_0_1_1_3_10_BBp10_0_5_6_7_9_10_k4_d30	C2xC6	432	4	30	200000	dist-m4ri	p11_0_0_1_1_3_10	p10_0_5_6_7_9_10	results/progressive_C2xC6_20260123T121832Z	results/progressive_C2xC6_20260123T121832Z/best_codes/C2xC6_AAp11_0_0_1_1_3_10_BBp10_0_5_6_7_9_10_k4_d30	best_codes/collected/C2xC6_AAp11_0_0_1_1_3_10_BBp10_0_5_6_7_9_10_k4_d30
C2xC6_AAp11_0_0_1_1_3_10_BBp10_0_5_6_7_9_10_k4_d29	C2xC6	432	4	29	400000	dist-m4ri	p11_0_0_1_1_3_10	p10_0_5_6_7_9_10	results/progressive_C2xC6_20260122T163700Z	results/progressive_C2xC6_20260122T163700Z/best_codes/C2xC6_AAp11_0_0_1_1_3_10_BBp10_0_5_6_7_9_10_k4_d29	best_codes/collected/C2xC6_AAp11_0_0_1_1_3_10_BBp10_0_5_6_7_9_10_k4_d29
C2xC6_AAp10_0_0_1_1_3_6_BBp10_0_5_6_7_9_10_k4_d28	C2xC6	432	4	28	200000	dist-m4ri	p10_0_0_1_1_3_6	p10_0_5_6_7_9_10	results/progressive_C2xC6_20260123T121832Z	results/progressive_C2xC6_20260123T121832Z/best_codes/C2xC6_AAp10_0_0_1_1_3_6_BBp10_0_5_6_7_9_10_k4_d28	best_codes/collected/C2xC6_AAp10_0_0_1_1_3_6_BBp10_0_5_6_7_9_10_k4_d28
C2xC6_AAp11_0_0_1_2_10_10_BBp15_0_0_5_10_10_11_k4_d28	C2xC6	432	4	28	400000	dist-m4ri	p11_0_0_1_2_10_10	p15_0_0_5_10_10_11	results/progressive_C2xC6_20260122T163700Z	results/progressive_C2xC6_20260122T163700Z/best_codes/C2xC6_AAp11_0_0_1_2_10_10_BBp15_0_0_5_10_10_11_k4_d28	best_codes/collected/C2xC6_AAp11_0_0_1_2_10_10_BBp15_0_0_5_10_10_11_k4_d28
C2xC6_AAp11_0_0_1_2_10_10_BBp15_0_0_5_10_10_11_k4_d26	C2xC6	432	4	26	200000	dist-m4ri	p11_0_0_1_2_10_10	p15_0_0_5_10_10_11	results/progressive_C2xC6_20260123T121832Z	results/progressive_C2xC6_20260123T121832Z/best_codes/C2xC6_AAp11_0_0_1_2_10_10_BBp15_0_0_5_10_10_11_k4_d26	best_codes/collected/C2xC6_AAp11_0_0_1_2_10_10_BBp15_0_0_5_10_10_11_k4_d26
C2xC6_AAp11_0_0_1_1_3_10_BBp11_0_0_1_2_3_11_k4_d20	C2xC6	432	4	20	200000	dist-m4ri	p11_0_0_1_1_3_10	p11_0_0_1_2_3_11	results/progressive_C2xC6_20260123T121832Z	results/progressive_C2xC6_20260123T121832Z/best_codes/C2xC6_AAp11_0_0_1_1_3_10_BBp11_0_0_1_2_3_11_k4_d20	best_codes/collected/C2xC6_AAp11_0_0_1_1_3_10_BBp11_0_0_1_2_3_11_k4_d20
C2xC6_AAp11_0_0_1_2_10_10_BBp15_0_0_1_10_10_11_k4_d19	C2xC6	432	4	19	200000	dist-m4ri	p11_0_0_1_2_10_10	p15_0_0_1_10_10_11	results/progressive_C2xC6_20260123T121832Z	results/progressive_C2xC6_20260123T121832Z/best_codes/C2xC6_AAp11_0_0_1_2_10_10_BBp15_0_0_1_10_10_11_k4_d19	best_codes/collected/C2xC6_AAp11_0_0_1_2_10_10_BBp15_0_0_1_10_10_11_k4_d19
C2xC6_AAp15_0_0_1_7_10_10_BBp28_0_1_2_3_7_11_k6_d28	C2xC6	432	6	28	200000	dist-m4ri	p15_0_0_1_7_10_10	p28_0_1_2_3_7_11	results/progressive_C2xC6_20260123T121832Z	results/progressive_C2xC6_20260123T121832Z/best_codes/C2xC6_AAp15_0_0_1_7_10_10_BBp28_0_1_2_3_7_11_k6_d28	best_codes/collected/C2xC6_AAp15_0_0_1_7_10_10_BBp28_0_1_2_3_7_11_k6_d28
C2xC6_AAp15_0_0_1_7_10_10_BBp28_0_1_2_3_7_11_k6_d27	C2xC6	432	6	27	400000	dist-m4ri	p15_0_0_1_7_10_10	p28_0_1_2_3_7_11	results/progressive_C2xC6_20260122T163700Z	results/progressive_C2xC6_20260122T163700Z/best_codes/C2xC6_AAp15_0_0_1_7_10_10_BBp28_0_1_2_3_7_11_k6_d27	best_codes/collected/C2xC6_AAp15_0_0_1_7_10_10_BBp28_0_1_2_3_7_11_k6_d27
C2xC6_AAp15_0_0_1_7_10_10_BBp23_0_2_6_7_10_11_k6_d26	C2xC6	432	6	26	200000	dist-m4ri	p15_0_0_1_7_10_10	p23_0_2_6_7_10_11	results/progressive_C2xC6_20260123T121832Z	results/progressive_C2xC6_20260123T121832Z/best_codes/C2xC6_AAp15_0_0_1_7_10_10_BBp23_0_2_6_7_10_11_k6_d26	best_codes/collected/C2xC6_AAp15_0_0_1_7_10_10_BBp23_0_2_6_7_10_11_k6_d26
C2xC6_AAp28_0_3_4_5_7_11_BBp15_0_0_1_6_11_11_k6_d24	C2xC6	432	6	24	200000	dist-m4ri	p28_0_3_4_5_7_11	p15_0_0_1_6_11_11	results/progressive_C2xC6_20260123T121832Z	results/progressive_C2xC6_20260123T121832Z/best_codes/C2xC6_AAp28_0_3_4_5_7_11_BBp15_0_0_1_6_11_11_k6_d24	best_codes/collected/C2xC6_AAp28_0_3_4_5_7_11_BBp15_0_0_1_6_11_11_k6_d24
C2xC6_AAp11_0_0_1_1_3_10_BBp11_0_0_5_5_6_11_k6_d23	C2xC6	432	6	23	400000	dist-m4ri	p11_0_0_1_1_3_10	p11_0_0_5_5_6_11	results/progressive_C2xC6_20260122T163700Z	results/progressive_C2xC6_20260122T163700Z/best_codes/C2xC6_AAp11_0_0_1_1_3_10_BBp11_0_0_5_5_6_11_k6_d23	best_codes/collected/C2xC6_AAp11_0_0_1_1_3_10_BBp11_0_0_5_5_6_11_k6_d23
C2xC6_AAp15_0_0_1_6_7_11_BBp23_0_2_6_7_10_11_k6_d22	C2xC6	432	6	22	200000	dist-m4ri	p15_0_0_1_6_7_11	p23_0_2_6_7_10_11	results/progressive_C2xC6_20260123T121832Z	results/progressive_C2xC6_20260123T121832Z/best_codes/C2xC6_AAp15_0_0_1_6_7_11_BBp23_0_2_6_7_10_11_k6_d22	best_codes/collected/C2xC6_AAp15_0_0_1_6_7_11_BBp23_0_2_6_7_10_11_k6_d22
C2xC6_AAp15_0_0_1_10_11_11_BBp28_0_1_2_3_7_11_k6_d21	C2xC6	432	6	21	200000	dist-m4ri	p15_0_0_1_10_11_11	p28_0_1_2_3_7_11	results/progressive_C2xC6_20260123T121832Z	results/progressive_C2xC6_20260123T121832Z/best_codes/C2xC6_AAp15_0_0_1_10_11_11_BBp28_0_1_2_3_7_11_k6_d21	best_codes/collected/C2xC6_AAp15_0_0_1_10_11_11_BBp28_0_1_2_3_7_11_k6_d21
C2xC6_AAp15_0_0_1_10_11_11_BBp23_0_2_6_7_10_11_k6_d20	C2xC6	432	6	20	200000	dist-m4ri	p15_0_0_1_10_11_11	p23_0_2_6_7_10_11	results/progressive_C2xC6_20260123T121832Z	results/progressive_C2xC6_20260123T121832Z/best_codes/C2xC6_AAp15_0_0_1_10_11_11_BBp23_0_2_6_7_10_11_k6_d20	best_codes/collected/C2xC6_AAp15_0_0_1_10_11_11_BBp23_0_2_6_7_10_11_k6_d20
C2xC6_AAp11_0_0_1_2_10_10_BBp29_0_1_2_2_5_6_k6_d18	C2xC6	432	6	18	200000	dist-m4ri	p11_0_0_1_2_10_10	p29_0_1_2_2_5_6	results/progressive_C2xC6_20260123T121832Z	results/progressive_C2xC6_20260123T121832Z/best_codes/C2xC6_AAp11_0_0_1_2_10_10_BBp29_0_1_2_2_5_6_k6_d18	best_codes/collected/C2xC6_AAp11_0_0_1_2_10_10_BBp29_0_1_2_2_5_6_k6_d18
C2xC6_AAp15_0_0_1_10_11_11_BBp15_0_0_5_10_10_11_k6_d16	C2xC6	432	6	16	200000	dist-m4ri	p15_0_0_1_10_11_11	p15_0_0_5_10_10_11	results/progressive_C2xC6_20260123T121832Z	results/progressive_C2xC6_20260123T121832Z/best_codes/C2xC6_AAp15_0_0_1_10_11_11_BBp15_0_0_5_10_10_11_k6_d16	best_codes/collected/C2xC6_AAp15_0_0_1_10_11_11_BBp15_0_0_5_10_10_11_k6_d16
C2xC6_AAp15_0_4_5_6_10_11_BBp21_0_4_6_7_9_10_k8_d35	C2xC6	432	8	35	200000	dist-m4ri	p15_0_4_5_6_10_11	p21_0_4_6_7_9_10	results/progressive_C2xC6_20260123T121832Z	results/progressive_C2xC6_20260123T121832Z/best_codes/C2xC6_AAp15_0_4_5_6_10_11_BBp21_0_4_6_7_9_10_k8_d35	best_codes/collected/C2xC6_AAp15_0_4_5_6_10_11_BBp21_0_4_6_7_9_10_k8_d35
C2xC6_AAp15_0_3_10_10_11_11_BBp21_0_4_6_7_9_10_k8_d34	C2xC6	432	8	34	200000	dist-m4ri	p15_0_3_10_10_11_11	p21_0_4_6_7_9_10	results/progressive_C2xC6_20260123T121832Z	results/progressive_C2xC6_20260123T121832Z/best_codes/C2xC6_AAp15_0_3_10_10_11_11_BBp21_0_4_6_7_9_10_k8_d34	best_codes/collected/C2xC6_AAp15_0_3_10_10_11_11_BBp21_0_4_6_7_9_10_k8_d34
C2xC6_AAp10_0_1_6_8_9_11_BBp17_0_1_3_4_6_10_k8_d32	C2xC6	432	8	32	400000	dist-m4ri	p10_0_1_6_8_9_11	p17_0_1_3_4_6_10	results/progressive_C2xC6_20260122T163700Z	results/progressive_C2xC6_20260122T163700Z/best_codes/C2xC6_AAp10_0_1_6_8_9_11_BBp17_0_1_3_4_6_10_k8_d32	best_codes/collected/C2xC6_AAp10_0_1_6_8_9_11_BBp17_0_1_3_4_6_10_k8_d32
C2xC6_AAp10_0_1_6_8_9_11_BBp17_0_4_6_7_9_10_k8_d32	C2xC6	432	8	32	200000	dist-m4ri	p10_0_1_6_8_9_11	p17_0_4_6_7_9_10	results/progressive_C2xC6_20260123T121832Z	results/progressive_C2xC6_20260123T121832Z/best_codes/C2xC6_AAp10_0_1_6_8_9_11_BBp17_0_4_6_7_9_10_k8_d32	best_codes/collected/C2xC6_AAp10_0_1_6_8_9_11_BBp17_0_4_6_7_9_10_k8_d32
C2xC6_AAp14_0_2_3_5_6_7_BBp17_0_1_3_4_6_10_k8_d31	C2xC6	432	8	31	200000	dist-m4ri	p14_0_2_3_5_6_7	p17_0_1_3_4_6_10	results/progressive_C2xC6_20260123T121832Z	results/progressive_C2xC6_20260123T121832Z/best_codes/C2xC6_AAp14_0_2_3_5_6_7_BBp17_0_1_3_4_6_10_k8_d31	best_codes/collected/C2xC6_AAp14_0_2_3_5_6_7_BBp17_0_1_3_4_6_10_k8_d31
C2xC6_AAp17_0_2_3_5_9_11_BBp10_0_0_1_1_6_6_k8_d30	C2xC6	432	8	30	200000	dist-m4ri	p17_0_2_3_5_9_11	p10_0_0_1_1_6_6	results/progressive_C2xC6_20260123T121832Z	results/progressive_C2xC6_20260123T121832Z/best_codes/C2xC6_AAp17_0_2_3_5_9_11_BBp10_0_0_1_1_6_6_k8_d30	best_codes/collected/C2xC6_AAp17_0_2_3_5_9_11_BBp10_0_0_1_1_6_6_k8_d30
C2xC6_AAp10_0_1_6_8_9_11_BBp16_0_1_5_8_9_10_k8_d29	C2xC6	432	8	29	200000	dist-m4ri	p10_0_1_6_8_9_11	p16_0_1_5_8_9_10	results/progressive_C2xC6_20260123T121832Z	results/progressive_C2xC6_20260123T121832Z/best_codes/C2xC6_AAp10_0_1_6_8_9_11_BBp16_0_1_5_8_9_10_k8_d29	best_codes/collected/C2xC6_AAp10_0_1_6_8_9_11_BBp16_0_1_5_8_9_10_k8_d29
C2xC6_AAp23_0_4_6_7_8_11_BBp10_0_0_1_1_6_6_k8_d26	C2xC6	432	8	26	200000	dist-m4ri	p23_0_4_6_7_8_11	p10_0_0_1_1_6_6	results/progressive_C2xC6_20260123T121832Z	results/progressive_C2xC6_20260123T121832Z/best_codes/C2xC6_AAp23_0_4_6_7_8_11_BBp10_0_0_1_1_6_6_k8_d26	best_codes/collected/C2xC6_AAp23_0_4_6_7_8_11_BBp10_0_0_1_1_6_6_k8_d26
C2xC6_AAp23_0_4_6_7_8_11_BBp10_0_5_6_7_9_10_k8_d26	C2xC6	432	8	26	400000	dist-m4ri	p23_0_4_6_7_8_11	p10_0_5_6_7_9_10	results/progressive_C2xC6_20260122T163700Z	results/progressive_C2xC6_20260122T163700Z/best_codes/C2xC6_AAp23_0_4_6_7_8_11_BBp10_0_5_6_7_9_10_k8_d26	best_codes/collected/C2xC6_AAp23_0_4_6_7_8_11_BBp10_0_5_6_7_9_10_k8_d26
C2xC6_AAp10_0_1_6_8_9_11_BBp11_0_0_1_1_6_7_k8_d25	C2xC6	432	8	25	400000	dist-m4ri	p10_0_1_6_8_9_11	p11_0_0_1_1_6_7	results/progressive_C2xC6_20260122T163700Z	results/progressive_C2xC6_20260122T163700Z/best_codes/C2xC6_AAp10_0_1_6_8_9_11_BBp11_0_0_1_1_6_7_k8_d25	best_codes/collected/C2xC6_AAp10_0_1_6_8_9_11_BBp11_0_0_1_1_6_7_k8_d25
C2xC6_AAp11_0_0_1_1_3_10_BBp10_0_0_1_1_6_6_k8_d24	C2xC6	432	8	24	200000	dist-m4ri	p11_0_0_1_1_3_10	p10_0_0_1_1_6_6	results/progressive_C2xC6_20260123T121832Z	results/progressive_C2xC6_20260123T121832Z/best_codes/C2xC6_AAp11_0_0_1_1_3_10_BBp10_0_0_1_1_6_6_k8_d24	best_codes/collected/C2xC6_AAp11_0_0_1_1_3_10_BBp10_0_0_1_1_6_6_k8_d24
C2xC6_AAp11_0_0_1_1_3_10_BBp10_0_0_1_1_6_6_k8_d23	C2xC6	432	8	23	400000	dist-m4ri	p11_0_0_1_1_3_10	p10_0_0_1_1_6_6	results/progressive_C2xC6_20260122T163700Z	results/progressive_C2xC6_20260122T163700Z/best_codes/C2xC6_AAp11_0_0_1_1_3_10_BBp10_0_0_1_1_6_6_k8_d23	best_codes/collected/C2xC6_AAp11_0_0_1_1_3_10_BBp10_0_0_1_1_6_6_k8_d23
C2xC6_AAp10_0_0_1_1_3_6_BBp11_0_0_1_1_6_7_k8_d16	C2xC6	432	8	16	200000	dist-m4ri	p10_0_0_1_1_3_6	p11_0_0_1_1_6_7	results/progressive_C2xC6_20260123T121832Z	results/progressive_C2xC6_20260123T121832Z/best_codes/C2xC6_AAp10_0_0_1_1_3_6_BBp11_0_0_1_1_6_7_k8_d16	best_codes/collected/C2xC6_AAp10_0_0_1_1_3_6_BBp11_0_0_1_1_6_7_k8_d16
C2xC6_AAp11_0_0_1_1_3_10_BBp11_0_0_1_1_6_7_k10_d24	C2xC6	432	10	24	200000	dist-m4ri	p11_0_0_1_1_3_10	p11_0_0_1_1_6_7	results/progressive_C2xC6_20260123T121832Z	results/progressive_C2xC6_20260123T121832Z/best_codes/C2xC6_AAp11_0_0_1_1_3_10_BBp11_0_0_1_1_6_7_k10_d24	best_codes/collected/C2xC6_AAp11_0_0_1_1_3_10_BBp11_0_0_1_1_6_7_k10_d24
C2xC6_AAp14_0_2_3_5_9_10_BBp21_0_4_6_7_9_10_k12_d29	C2xC6	432	12	29	200000	dist-m4ri	p14_0_2_3_5_9_10	p21_0_4_6_7_9_10	results/progressive_C2xC6_20260123T121832Z	results/progressive_C2xC6_20260123T121832Z/best_codes/C2xC6_AAp14_0_2_3_5_9_10_BBp21_0_4_6_7_9_10_k12_d29	best_codes/collected/C2xC6_AAp14_0_2_3_5_9_10_BBp21_0_4_6_7_9_10_k12_d29
C2xC6_AAp23_0_4_6_7_8_11_BBp21_0_2_3_5_6_8_k12_d28	C2xC6	432	12	28	200000	dist-m4ri	p23_0_4_6_7_8_11	p21_0_2_3_5_6_8	results/progressive_C2xC6_20260123T121832Z	results/progressive_C2xC6_20260123T121832Z/best_codes/C2xC6_AAp23_0_4_6_7_8_11_BBp21_0_2_3_5_6_8_k12_d28	best_codes/collected/C2xC6_AAp23_0_4_6_7_8_11_BBp21_0_2_3_5_6_8_k12_d28
C2xC6_AAp23_0_4_6_7_8_11_BBp11_0_1_6_6_7_10_k12_d24	C2xC6	432	12	24	400000	dist-m4ri	p23_0_4_6_7_8_11	p11_0_1_6_6_7_10	results/progressive_C2xC6_20260122T163700Z	results/progressive_C2xC6_20260122T163700Z/best_codes/C2xC6_AAp23_0_4_6_7_8_11_BBp11_0_1_6_6_7_10_k12_d24	best_codes/collected/C2xC6_AAp23_0_4_6_7_8_11_BBp11_0_1_6_6_7_10_k12_d24
C2xC6_AAp28_0_3_4_5_7_11_BBp11_0_0_2_2_3_11_k12_d24	C2xC6	432	12	24	200000	dist-m4ri	p28_0_3_4_5_7_11	p11_0_0_2_2_3_11	results/progressive_C2xC6_20260123T121832Z	results/progressive_C2xC6_20260123T121832Z/best_codes/C2xC6_AAp28_0_3_4_5_7_11_BBp11_0_0_2_2_3_11_k12_d24	best_codes/collected/C2xC6_AAp28_0_3_4_5_7_11_BBp11_0_0_2_2_3_11_k12_d24
C2xC6_AAp23_0_4_6_7_8_11_BBp11_0_0_2_2_3_11_k12_d23	C2xC6	432	12	23	200000	dist-m4ri	p23_0_4_6_7_8_11	p11_0_0_2_2_3_11	results/progressive_C2xC6_20260123T121832Z	results/progressive_C2xC6_20260123T121832Z/best_codes/C2xC6_AAp23_0_4_6_7_8_11_BBp11_0_0_2_2_3_11_k12_d23	best_codes/collected/C2xC6_AAp23_0_4_6_7_8_11_BBp11_0_0_2_2_3_11_k12_d23
C2xC6_AAp28_0_3_4_5_7_11_BBp17_0_0_1_5_8_10_k12_d22	C2xC6	432	12	22	200000	dist-m4ri	p28_0_3_4_5_7_11	p17_0_0_1_5_8_10	results/progressive_C2xC6_20260123T121832Z	results/progressive_C2xC6_20260123T121832Z/best_codes/C2xC6_AAp28_0_3_4_5_7_11_BBp17_0_0_1_5_8_10_k12_d22	best_codes/collected/C2xC6_AAp28_0_3_4_5_7_11_BBp17_0_0_1_5_8_10_k12_d22
C2xC6_AAp23_0_4_6_7_8_11_BBp17_0_0_1_5_8_10_k12_d21	C2xC6	432	12	21	200000	dist-m4ri	p23_0_4_6_7_8_11	p17_0_0_1_5_8_10	results/progressive_C2xC6_20260123T121832Z	results/progressive_C2xC6_20260123T121832Z/best_codes/C2xC6_AAp23_0_4_6_7_8_11_BBp17_0_0_1_5_8_10_k12_d21	best_codes/collected/C2xC6_AAp23_0_4_6_7_8_11_BBp17_0_0_1_5_8_10_k12_d21
C2xC6_AAp23_0_4_6_7_8_11_BBp11_0_0_1_2_3_6_k12_d20	C2xC6	432	12	20	200000	dist-m4ri	p23_0_4_6_7_8_11	p11_0_0_1_2_3_6	results/progressive_C2xC6_20260123T121832Z	results/progressive_C2xC6_20260123T121832Z/best_codes/C2xC6_AAp23_0_4_6_7_8_11_BBp11_0_0_1_2_3_6_k12_d20	best_codes/collected/C2xC6_AAp23_0_4_6_7_8_11_BBp11_0_0_1_2_3_6_k12_d20
C2xC6_AAp15_0_0_1_10_11_11_BBp11_0_0_1_1_6_7_k12_d18	C2xC6	432	12	18	200000	dist-m4ri	p15_0_0_1_10_11_11	p11_0_0_1_1_6_7	results/progressive_C2xC6_20260123T121832Z	results/progressive_C2xC6_20260123T121832Z/best_codes/C2xC6_AAp15_0_0_1_10_11_11_BBp11_0_0_1_1_6_7_k12_d18	best_codes/collected/C2xC6_AAp15_0_0_1_10_11_11_BBp11_0_0_1_1_6_7_k12_d18
C2xC6_AAp23_0_4_6_7_8_11_BBp15_0_3_7_7_8_8_k14_d21	C2xC6	432	14	21	200000	dist-m4ri	p23_0_4_6_7_8_11	p15_0_3_7_7_8_8	results/progressive_C2xC6_20260123T121832Z	results/progressive_C2xC6_20260123T121832Z/best_codes/C2xC6_AAp23_0_4_6_7_8_11_BBp15_0_3_7_7_8_8_k14_d21	best_codes/collected/C2xC6_AAp23_0_4_6_7_8_11_BBp15_0_3_7_7_8_8_k14_d21
C2xC6_AAp15_0_0_1_10_11_11_BBp15_0_1_6_7_9_10_k14_d20	C2xC6	432	14	20	200000	dist-m4ri	p15_0_0_1_10_11_11	p15_0_1_6_7_9_10	results/progressive_C2xC6_20260123T121832Z	results/progressive_C2xC6_20260123T121832Z/best_codes/C2xC6_AAp15_0_0_1_10_11_11_BBp15_0_1_6_7_9_10_k14_d20	best_codes/collected/C2xC6_AAp15_0_0_1_10_11_11_BBp15_0_1_6_7_9_10_k14_d20
C2xC6_AAp14_0_2_3_5_6_7_BBp21_0_2_3_5_6_8_k16_d27	C2xC6	432	16	27	200000	dist-m4ri	p14_0_2_3_5_6_7	p21_0_2_3_5_6_8	results/progressive_C2xC6_20260123T121832Z	results/progressive_C2xC6_20260123T121832Z/best_codes/C2xC6_AAp14_0_2_3_5_6_7_BBp21_0_2_3_5_6_8_k16_d27	best_codes/collected/C2xC6_AAp14_0_2_3_5_6_7_BBp21_0_2_3_5_6_8_k16_d27
C2xC6_AAp10_0_1_6_8_9_11_BBp21_0_2_3_5_6_8_k16_d24	C2xC6	432	16	24	200000	dist-m4ri	p10_0_1_6_8_9_11	p21_0_2_3_5_6_8	results/progressive_C2xC6_20260123T121832Z	results/progressive_C2xC6_20260123T121832Z/best_codes/C2xC6_AAp10_0_1_6_8_9_11_BBp21_0_2_3_5_6_8_k16_d24	best_codes/collected/C2xC6_AAp10_0_1_6_8_9_11_BBp21_0_2_3_5_6_8_k16_d24
C2xC6_AAp10_0_1_6_8_9_11_BBp17_0_0_1_5_8_10_k16_d21	C2xC6	432	16	21	200000	dist-m4ri	p10_0_1_6_8_9_11	p17_0_0_1_5_8_10	results/progressive_C2xC6_20260123T121832Z	results/progressive_C2xC6_20260123T121832Z/best_codes/C2xC6_AAp10_0_1_6_8_9_11_BBp17_0_0_1_5_8_10_k16_d21	best_codes/collected/C2xC6_AAp10_0_1_6_8_9_11_BBp17_0_0_1_5_8_10_k16_d21
C2xC6_AAp11_0_0_1_1_3_7_BBp15_0_1_6_7_9_10_k16_d19	C2xC6	432	16	19	200000	dist-m4ri	p11_0_0_1_1_3_7	p15_0_1_6_7_9_10	results/progressive_C2xC6_20260123T121832Z	results/progressive_C2xC6_20260123T121832Z/best_codes/C2xC6_AAp11_0_0_1_1_3_7_BBp15_0_1_6_7_9_10_k16_d19	best_codes/collected/C2xC6_AAp11_0_0_1_1_3_7_BBp15_0_1_6_7_9_10_k16_d19
C2xC6_AAp2_0_2_3_6_7_11_BBp11_0_0_1_1_6_7_k16_d18	C2xC6	432	16	18	200000	dist-m4ri	p2_0_2_3_6_7_11	p11_0_0_1_1_6_7	results/progressive_C2xC6_20260123T121832Z	results/progressive_C2xC6_20260123T121832Z/best_codes/C2xC6_AAp2_0_2_3_6_7_11_BBp11_0_0_1_1_6_7_k16_d18	best_codes/collected/C2xC6_AAp2_0_2_3_6_7_11_BBp11_0_0_1_1_6_7_k16_d18
C2xC6_AAp23_0_4_6_7_8_11_BBp29_0_1_2_2_5_6_k16_d16	C2xC6	432	16	16	200000	dist-m4ri	p23_0_4_6_7_8_11	p29_0_1_2_2_5_6	results/progressive_C2xC6_20260123T121832Z	results/progressive_C2xC6_20260123T121832Z/best_codes/C2xC6_AAp23_0_4_6_7_8_11_BBp29_0_1_2_2_5_6_k16_d16	best_codes/collected/C2xC6_AAp23_0_4_6_7_8_11_BBp29_0_1_2_2_5_6_k16_d16
C2xC6_AAp15_0_0_1_7_8_8_BBp15_0_1_6_7_9_10_k18_d19	C2xC6	432	18	19	200000	dist-m4ri	p15_0_0_1_7_8_8	p15_0_1_6_7_9_10	results/progressive_C2xC6_20260123T121832Z	results/progressive_C2xC6_20260123T121832Z/best_codes/C2xC6_AAp15_0_0_1_7_8_8_BBp15_0_1_6_7_9_10_k18_d19	best_codes/collected/C2xC6_AAp15_0_0_1_7_8_8_BBp15_0_1_6_7_9_10_k18_d19
C2xC6_AAp2_0_7_8_8_9_11_BBp16_0_1_5_8_9_10_k20_d16	C2xC6	432	20	16	200000	dist-m4ri	p2_0_7_8_8_9_11	p16_0_1_5_8_9_10	results/progressive_C2xC6_20260123T121832Z	results/progressive_C2xC6_20260123T121832Z/best_codes/C2xC6_AAp2_0_7_8_8_9_11_BBp16_0_1_5_8_9_10_k20_d16	best_codes/collected/C2xC6_AAp2_0_7_8_8_9_11_BBp16_0_1_5_8_9_10_k20_d16
C6_AAp8_0_1_2_2_4_4_BBp11_0_1_2_3_3_4_k2_d19	C6	216	2	19	20000	dist-m4ri	p8_0_1_2_2_4_4	p11_0_1_2_3_3_4	results/progressive_C6_20260122T153528Z	results/progressive_C6_20260122T153528Z/best_codes/C6_AAp8_0_1_2_2_4_4_BBp11_0_1_2_3_3_4_k2_d19	best_codes/collected/C6_AAp8_0_1_2_2_4_4_BBp11_0_1_2_3_3_4_k2_d19
C6_AAp11_0_1_3_3_4_5_BBp11_0_0_1_3_4_5_k2_d18	C6	216	2	18	100000	dist-m4ri	p11_0_1_3_3_4_5	p11_0_0_1_3_4_5	results/progressive_C6_20260122T144811Z	results/progressive_C6_20260122T144811Z/best_codes/C6_AAp11_0_1_3_3_4_5_BBp11_0_0_1_3_4_5_k2_d18	best_codes/collected/C6_AAp11_0_1_3_3_4_5_BBp11_0_0_1_3_4_5_k2_d18
C6_AAp11_0_0_2_2_3_5_BBp11_0_0_1_3_4_5_k2_d17	C6	216	2	17	100000	dist-m4ri	p11_0_0_2_2_3_5	p11_0_0_1_3_4_5	results/progressive_C6_20260122T144811Z	results/progressive_C6_20260122T144811Z/best_codes/C6_AAp11_0_0_2_2_3_5_BBp11_0_0_1_3_4_5_k2_d17	best_codes/collected/C6_AAp11_0_0_2_2_3_5_BBp11_0_0_1_3_4_5_k2_d17
C6_AAp11_0_0_2_2_3_5_BBp11_0_0_1_1_2_5_k2_d15	C6	216	2	15	20000	dist-m4ri	p11_0_0_2_2_3_5	p11_0_0_1_1_2_5	results/progressive_C6_20260122T153528Z	results/progressive_C6_20260122T153528Z/best_codes/C6_AAp11_0_0_2_2_3_5_BBp11_0_0_1_1_2_5_k2_d15	best_codes/collected/C6_AAp11_0_0_2_2_3_5_BBp11_0_0_1_1_2_5_k2_d15
C6_AAp10_0_1_3_3_4_5_BBp8_0_0_1_2_4_5_k4_d18	C6	216	4	18	20000	dist-m4ri	p10_0_1_3_3_4_5	p8_0_0_1_2_4_5	results/progressive_C6_20260122T153528Z	results/progressive_C6_20260122T153528Z/best_codes/C6_AAp10_0_1_3_3_4_5_BBp8_0_0_1_2_4_5_k4_d18	best_codes/collected/C6_AAp10_0_1_3_3_4_5_BBp8_0_0_1_2_4_5_k4_d18
C6_AAp10_0_0_2_3_5_5_BBp12_0_2_2_3_4_4_k4_d17	C6	216	4	17	100000	dist-m4ri	p10_0_0_2_3_5_5	p12_0_2_2_3_4_4	results/progressive_C6_20260122T144811Z	results/progressive_C6_20260122T144811Z/best_codes/C6_AAp10_0_0_2_3_5_5_BBp12_0_2_2_3_4_4_k4_d17	best_codes/collected/C6_AAp10_0_0_2_3_5_5_BBp12_0_2_2_3_4_4_k4_d17
C6_AAp10_0_1_1_2_5_5_BBp10_0_1_1_4_5_5_k4_d16	C6	216	4	16	100000	dist-m4ri	p10_0_1_1_2_5_5	p10_0_1_1_4_5_5	results/progressive_C6_20260122T144811Z	results/progressive_C6_20260122T144811Z/best_codes/C6_AAp10_0_1_1_2_5_5_BBp10_0_1_1_4_5_5_k4_d16	best_codes/collected/C6_AAp10_0_1_1_2_5_5_BBp10_0_1_1_4_5_5_k4_d16
C6_AAp11_0_0_2_2_3_5_BBp11_0_0_2_3_3_4_k6_d16	C6	216	6	16	100000	dist-m4ri	p11_0_0_2_2_3_5	p11_0_0_2_3_3_4	results/progressive_C6_20260122T144811Z	results/progressive_C6_20260122T144811Z/best_codes/C6_AAp11_0_0_2_2_3_5_BBp11_0_0_2_3_3_4_k6_d16	best_codes/collected/C6_AAp11_0_0_2_2_3_5_BBp11_0_0_2_3_3_4_k6_d16
C6_AAp11_0_0_2_2_3_5_BBp11_0_0_1_3_3_5_k6_d15	C6	216	6	15	20000	dist-m4ri	p11_0_0_2_2_3_5	p11_0_0_1_3_3_5	results/progressive_C6_20260122T153528Z	results/progressive_C6_20260122T153528Z/best_codes/C6_AAp11_0_0_2_2_3_5_BBp11_0_0_1_3_3_5_k6_d15	best_codes/collected/C6_AAp11_0_0_2_2_3_5_BBp11_0_0_1_3_3_5_k6_d15
C6_AAp10_0_1_3_3_4_5_BBp11_0_0_1_3_3_5_k8_d16	C6	216	8	16	100000	dist-m4ri	p10_0_1_3_3_4_5	p11_0_0_1_3_3_5	results/progressive_C6_20260122T144811Z	results/progressive_C6_20260122T144811Z/best_codes/C6_AAp10_0_1_3_3_4_5_BBp11_0_0_1_3_3_5_k8_d16	best_codes/collected/C6_AAp10_0_1_3_3_4_5_BBp11_0_0_1_3_3_5_k8_d16
C6_AAp10_0_1_1_2_5_5_BBp11_0_0_1_3_3_5_k8_d15	C6	216	8	15	20000	dist-m4ri	p10_0_1_1_2_5_5	p11_0_0_1_3_3_5	results/progressive_C6_20260122T153528Z	results/progressive_C6_20260122T153528Z/best_codes/C6_AAp10_0_1_1_2_5_5_BBp11_0_0_1_3_3_5_k8_d15	best_codes/collected/C6_AAp10_0_1_1_2_5_5_BBp11_0_0_1_3_3_5_k8_d15
C6_AAp27_0_0_1_1_2_3_BBp11_0_0_2_3_3_4_k10_d16	C6	216	10	16	100000	dist-m4ri	p27_0_0_1_1_2_3	p11_0_0_2_3_3_4	results/progressive_C6_20260122T144811Z	results/progressive_C6_20260122T144811Z/best_codes/C6_AAp27_0_0_1_1_2_3_BBp11_0_0_2_3_3_4_k10_d16	best_codes/collected/C6_AAp27_0_0_1_1_2_3_BBp11_0_0_2_3_3_4_k10_d16
C6_AAp27_0_0_1_1_2_3_BBp11_0_0_1_3_3_5_k10_d15	C6	216	10	15	20000	dist-m4ri	p27_0_0_1_1_2_3	p11_0_0_1_3_3_5	results/progressive_C6_20260122T153528Z	results/progressive_C6_20260122T153528Z/best_codes/C6_AAp27_0_0_1_1_2_3_BBp11_0_0_1_3_3_5_k10_d15	best_codes/collected/C6_AAp27_0_0_1_1_2_3_BBp11_0_0_1_3_3_5_k10_d15
C7_AAp11_0_0_1_3_4_6_BBp8_0_2_3_5_5_6_k2_d21	C7	252	2	21	600000	dist-m4ri	p11_0_0_1_3_4_6	p8_0_2_3_5_5_6	results/progressive_C7_20260126T125504Z	results/progressive_C7_20260126T125504Z/best_codes/C7_AAp11_0_0_1_3_4_6_BBp8_0_2_3_5_5_6_k2_d21	best_codes/collected/C7_AAp11_0_0_1_3_4_6_BBp8_0_2_3_5_5_6_k2_d21
C7_AAp15_0_0_3_4_6_6_BBp15_0_2_2_3_3_6_k2_d20	C7	252	2	20	600000	dist-m4ri	p15_0_0_3_4_6_6	p15_0_2_2_3_3_6	results/progressive_C7_20260126T125504Z	results/progressive_C7_20260126T125504Z/best_codes/C7_AAp15_0_0_3_4_6_6_BBp15_0_2_2_3_3_6_k2_d20	best_codes/collected/C7_AAp15_0_0_3_4_6_6_BBp15_0_2_2_3_3_6_k2_d20
C7_AAp15_0_1_1_2_3_4_BBp15_0_0_1_1_3_4_k2_d19	C7	252	2	19	600000	dist-m4ri	p15_0_1_1_2_3_4	p15_0_0_1_1_3_4	results/progressive_C7_20260126T125504Z	results/progressive_C7_20260126T125504Z/best_codes/C7_AAp15_0_1_1_2_3_4_BBp15_0_0_1_1_3_4_k2_d19	best_codes/collected/C7_AAp15_0_1_1_2_3_4_BBp15_0_0_1_1_3_4_k2_d19
C7_AAp15_0_0_3_4_6_6_BBp15_0_0_1_1_3_4_k2_d17	C7	252	2	17	600000	dist-m4ri	p15_0_0_3_4_6_6	p15_0_0_1_1_3_4	results/progressive_C7_20260126T125504Z	results/progressive_C7_20260126T125504Z/best_codes/C7_AAp15_0_0_3_4_6_6_BBp15_0_0_1_1_3_4_k2_d17	best_codes/collected/C7_AAp15_0_0_3_4_6_6_BBp15_0_0_1_1_3_4_k2_d17
C7_AAp11_0_0_0_0_0_1_BBp15_0_0_1_1_3_4_k2_d13	C7	252	2	13	600000	dist-m4ri	p11_0_0_0_0_0_1	p15_0_0_1_1_3_4	results/progressive_C7_20260126T125504Z	results/progressive_C7_20260126T125504Z/best_codes/C7_AAp11_0_0_0_0_0_1_BBp15_0_0_1_1_3_4_k2_d13	best_codes/collected/C7_AAp11_0_0_0_0_0_1_BBp15_0_0_1_1_3_4_k2_d13
C7_AAp6_0_0_0_1_2_3_BBp8_0_2_3_5_5_6_k4_d20	C7	252	4	20	600000	dist-m4ri	p6_0_0_0_1_2_3	p8_0_2_3_5_5_6	results/progressive_C7_20260126T125504Z	results/progressive_C7_20260126T125504Z/best_codes/C7_AAp6_0_0_0_1_2_3_BBp8_0_2_3_5_5_6_k4_d20	best_codes/collected/C7_AAp6_0_0_0_1_2_3_BBp8_0_2_3_5_5_6_k4_d20
C7_AAp6_0_0_0_1_3_5_BBp27_0_2_3_5_5_6_k4_d19	C7	252	4	19	600000	dist-m4ri	p6_0_0_0_1_3_5	p27_0_2_3_5_5_6	results/progressive_C7_20260126T125504Z	results/progressive_C7_20260126T125504Z/best_codes/C7_AAp6_0_0_0_1_3_5_BBp27_0_2_3_5_5_6_k4_d19	best_codes/collected/C7_AAp6_0_0_0_1_3_5_BBp27_0_2_3_5_5_6_k4_d19
C7_AAp6_0_0_0_1_2_3_BBp27_0_1_2_3_3_6_k4_d17	C7	252	4	17	600000	dist-m4ri	p6_0_0_0_1_2_3	p27_0_1_2_3_3_6	results/progressive_C7_20260126T125504Z	results/progressive_C7_20260126T125504Z/best_codes/C7_AAp6_0_0_0_1_2_3_BBp27_0_1_2_3_3_6_k4_d17	best_codes/collected/C7_AAp6_0_0_0_1_2_3_BBp27_0_1_2_3_3_6_k4_d17
C7_AAp6_0_1_2_3_4_5_BBp27_0_1_2_3_3_6_k4_d16	C7	252	4	16	600000	dist-m4ri	p6_0_1_2_3_4_5	p27_0_1_2_3_3_6	results/progressive_C7_20260126T125504Z	results/progressive_C7_20260126T125504Z/best_codes/C7_AAp6_0_1_2_3_4_5_BBp27_0_1_2_3_3_6_k4_d16	best_codes/collected/C7_AAp6_0_1_2_3_4_5_BBp27_0_1_2_3_3_6_k4_d16
C7_AAp11_0_0_0_0_0_1_BBp6_0_1_2_3_5_6_k4_d14	C7	252	4	14	600000	dist-m4ri	p11_0_0_0_0_0_1	p6_0_1_2_3_5_6	results/progressive_C7_20260126T125504Z	results/progressive_C7_20260126T125504Z/best_codes/C7_AAp11_0_0_0_0_0_1_BBp6_0_1_2_3_5_6_k4_d14	best_codes/collected/C7_AAp11_0_0_0_0_0_1_BBp6_0_1_2_3_5_6_k4_d14
C7_AAp15_0_0_3_4_6_6_BBp6_0_0_0_0_1_1_k4_d13	C7	252	4	13	600000	dist-m4ri	p15_0_0_3_4_6_6	p6_0_0_0_0_1_1	results/progressive_C7_20260126T125504Z	results/progressive_C7_20260126T125504Z/best_codes/C7_AAp15_0_0_3_4_6_6_BBp6_0_0_0_0_1_1_k4_d13	best_codes/collected/C7_AAp15_0_0_3_4_6_6_BBp6_0_0_0_0_1_1_k4_d13
C7_AAp24_0_0_2_3_6_6_BBp10_0_2_2_3_4_6_k6_d20	C7	252	6	20	600000	dist-m4ri	p24_0_0_2_3_6_6	p10_0_2_2_3_4_6	results/progressive_C7_20260126T125504Z	results/progressive_C7_20260126T125504Z/best_codes/C7_AAp24_0_0_2_3_6_6_BBp10_0_2_2_3_4_6_k6_d20	best_codes/collected/C7_AAp24_0_0_2_3_6_6_BBp10_0_2_2_3_4_6_k6_d20
C7_AAp13_0_1_3_4_4_6_BBp10_0_0_1_4_4_5_k6_d19	C7	252	6	19	600000	dist-m4ri	p13_0_1_3_4_4_6	p10_0_0_1_4_4_5	results/progressive_C7_20260126T125504Z	results/progressive_C7_20260126T125504Z/best_codes/C7_AAp13_0_1_3_4_4_6_BBp10_0_0_1_4_4_5_k6_d19	best_codes/collected/C7_AAp13_0_1_3_4_4_6_BBp10_0_0_1_4_4_5_k6_d19
C7_AAp13_0_1_1_4_5_6_BBp10_0_0_1_4_4_5_k6_d18	C7	252	6	18	600000	dist-m4ri	p13_0_1_1_4_5_6	p10_0_0_1_4_4_5	results/progressive_C7_20260126T125504Z	results/progressive_C7_20260126T125504Z/best_codes/C7_AAp13_0_1_1_4_5_6_BBp10_0_0_1_4_4_5_k6_d18	best_codes/collected/C7_AAp13_0_1_1_4_5_6_BBp10_0_0_1_4_4_5_k6_d18
C7_AAp13_0_1_1_4_5_6_BBp10_0_0_1_3_3_4_k6_d17	C7	252	6	17	600000	dist-m4ri	p13_0_1_1_4_5_6	p10_0_0_1_3_3_4	results/progressive_C7_20260126T125504Z	results/progressive_C7_20260126T125504Z/best_codes/C7_AAp13_0_1_1_4_5_6_BBp10_0_0_1_3_3_4_k6_d17	best_codes/collected/C7_AAp13_0_1_1_4_5_6_BBp10_0_0_1_3_3_4_k6_d17
C7_AAp15_0_0_3_4_6_6_BBp10_0_0_1_3_3_4_k6_d16	C7	252	6	16	600000	dist-m4ri	p15_0_0_3_4_6_6	p10_0_0_1_3_3_4	results/progressive_C7_20260126T125504Z	results/progressive_C7_20260126T125504Z/best_codes/C7_AAp15_0_0_3_4_6_6_BBp10_0_0_1_3_3_4_k6_d16	best_codes/collected/C7_AAp15_0_0_3_4_6_6_BBp10_0_0_1_3_3_4_k6_d16
C7_AAp6_0_0_0_1_2_3_BBp6_0_2_3_5_5_6_k8_d18	C7	252	8	18	600000	dist-m4ri	p6_0_0_0_1_2_3	p6_0_2_3_5_5_6	results/progressive_C7_20260126T125504Z	results/progressive_C7_20260126T125504Z/best_codes/C7_AAp6_0_0_0_1_2_3_BBp6_0_2_3_5_5_6_k8_d18	best_codes/collected/C7_AAp6_0_0_0_1_2_3_BBp6_0_2_3_5_5_6_k8_d18
C7_AAp19_0_1_1_3_5_6_BBp15_0_1_2_5_6_6_k8_d17	C7	252	8	17	600000	dist-m4ri	p19_0_1_1_3_5_6	p15_0_1_2_5_6_6	results/progressive_C7_20260126T125504Z	results/progressive_C7_20260126T125504Z/best_codes/C7_AAp19_0_1_1_3_5_6_BBp15_0_1_2_5_6_6_k8_d17	best_codes/collected/C7_AAp19_0_1_1_3_5_6_BBp15_0_1_2_5_6_6_k8_d17
C7_AAp6_0_1_2_3_4_5_BBp6_0_1_2_3_5_6_k8_d16	C7	252	8	16	600000	dist-m4ri	p6_0_1_2_3_4_5	p6_0_1_2_3_5_6	results/progressive_C7_20260126T125504Z	results/progressive_C7_20260126T125504Z/best_codes/C7_AAp6_0_1_2_3_4_5_BBp6_0_1_2_3_5_6_k8_d16	best_codes/collected/C7_AAp6_0_1_2_3_4_5_BBp6_0_1_2_3_5_6_k8_d16
C7_AAp6_0_0_0_0_1_1_BBp6_0_1_2_3_5_6_k8_d14	C7	252	8	14	600000	dist-m4ri	p6_0_0_0_0_1_1	p6_0_1_2_3_5_6	results/progressive_C7_20260126T125504Z	results/progressive_C7_20260126T125504Z/best_codes/C7_AAp6_0_0_0_0_1_1_BBp6_0_1_2_3_5_6_k8_d14	best_codes/collected/C7_AAp6_0_0_0_0_1_1_BBp6_0_1_2_3_5_6_k8_d14
C7_AAp13_0_1_1_4_5_6_BBp6_0_1_2_3_5_6_k8_d13	C7	252	8	13	600000	dist-m4ri	p13_0_1_1_4_5_6	p6_0_1_2_3_5_6	results/progressive_C7_20260126T125504Z	results/progressive_C7_20260126T125504Z/best_codes/C7_AAp13_0_1_1_4_5_6_BBp6_0_1_2_3_5_6_k8_d13	best_codes/collected/C7_AAp13_0_1_1_4_5_6_BBp6_0_1_2_3_5_6_k8_d13
C7_AAp13_0_1_1_4_5_6_BBp6_0_0_0_0_1_1_k8_d12	C7	252	8	12	600000	dist-m4ri	p13_0_1_1_4_5_6	p6_0_0_0_0_1_1	results/progressive_C7_20260126T125504Z	results/progressive_C7_20260126T125504Z/best_codes/C7_AAp13_0_1_1_4_5_6_BBp6_0_0_0_0_1_1_k8_d12	best_codes/collected/C7_AAp13_0_1_1_4_5_6_BBp6_0_0_0_0_1_1_k8_d12
C7_AAp11_0_0_1_1_3_4_BBp6_0_0_0_4_5_6_k10_d17	C7	252	10	17	600000	dist-m4ri	p11_0_0_1_1_3_4	p6_0_0_0_4_5_6	results/progressive_C7_20260126T125504Z	results/progressive_C7_20260126T125504Z/best_codes/C7_AAp11_0_0_1_1_3_4_BBp6_0_0_0_4_5_6_k10_d17	best_codes/collected/C7_AAp11_0_0_1_1_3_4_BBp6_0_0_0_4_5_6_k10_d17
C7_AAp8_0_1_2_2_3_5_BBp6_0_0_0_1_4_5_k10_d16	C7	252	10	16	600000	dist-m4ri	p8_0_1_2_2_3_5	p6_0_0_0_1_4_5	results/progressive_C7_20260126T125504Z	results/progressive_C7_20260126T125504Z/best_codes/C7_AAp8_0_1_2_2_3_5_BBp6_0_0_0_1_4_5_k10_d16	best_codes/collected/C7_AAp8_0_1_2_2_3_5_BBp6_0_0_0_1_4_5_k10_d16
C7_AAp1_0_1_2_2_3_5_BBp8_0_1_2_3_3_6_k10_d15	C7	252	10	15	600000	dist-m4ri	p1_0_1_2_2_3_5	p8_0_1_2_3_3_6	results/progressive_C7_20260126T125504Z	results/progressive_C7_20260126T125504Z/best_codes/C7_AAp1_0_1_2_2_3_5_BBp8_0_1_2_3_3_6_k10_d15	best_codes/collected/C7_AAp1_0_1_2_2_3_5_BBp8_0_1_2_3_3_6_k10_d15
C7_AAp13_0_1_1_4_5_6_BBp27_0_2_3_4_4_5_k10_d14	C7	252	10	14	600000	dist-m4ri	p13_0_1_1_4_5_6	p27_0_2_3_4_4_5	results/progressive_C7_20260126T125504Z	results/progressive_C7_20260126T125504Z/best_codes/C7_AAp13_0_1_1_4_5_6_BBp27_0_2_3_4_4_5_k10_d14	best_codes/collected/C7_AAp13_0_1_1_4_5_6_BBp27_0_2_3_4_4_5_k10_d14
C7_AAp15_0_0_3_4_6_6_BBp6_0_2_3_4_5_6_k10_d13	C7	252	10	13	600000	dist-m4ri	p15_0_0_3_4_6_6	p6_0_2_3_4_5_6	results/progressive_C7_20260126T125504Z	results/progressive_C7_20260126T125504Z/best_codes/C7_AAp15_0_0_3_4_6_6_BBp6_0_2_3_4_5_6_k10_d13	best_codes/collected/C7_AAp15_0_0_3_4_6_6_BBp6_0_2_3_4_5_6_k10_d13
C7_AAp10_0_1_2_2_4_6_BBp25_0_0_1_3_4_6_k12_d16	C7	252	12	16	600000	dist-m4ri	p10_0_1_2_2_4_6	p25_0_0_1_3_4_6	results/progressive_C7_20260126T125504Z	results/progressive_C7_20260126T125504Z/best_codes/C7_AAp10_0_1_2_2_4_6_BBp25_0_0_1_3_4_6_k12_d16	best_codes/collected/C7_AAp10_0_1_2_2_4_6_BBp25_0_0_1_3_4_6_k12_d16
C7_AAp6_0_1_2_3_4_5_BBp10_0_0_1_4_4_5_k12_d15	C7	252	12	15	600000	dist-m4ri	p6_0_1_2_3_4_5	p10_0_0_1_4_4_5	results/progressive_C7_20260126T125504Z	results/progressive_C7_20260126T125504Z/best_codes/C7_AAp6_0_1_2_3_4_5_BBp10_0_0_1_4_4_5_k12_d15	best_codes/collected/C7_AAp6_0_1_2_3_4_5_BBp10_0_0_1_4_4_5_k12_d15
C7_AAp6_0_1_2_3_4_5_BBp10_0_0_1_3_3_4_k12_d14	C7	252	12	14	600000	dist-m4ri	p6_0_1_2_3_4_5	p10_0_0_1_3_3_4	results/progressive_C7_20260126T125504Z	results/progressive_C7_20260126T125504Z/best_codes/C7_AAp6_0_1_2_3_4_5_BBp10_0_0_1_3_3_4_k12_d14	best_codes/collected/C7_AAp6_0_1_2_3_4_5_BBp10_0_0_1_3_3_4_k12_d14
C7_AAp6_0_0_1_2_2_5_BBp6_0_0_0_2_3_6_k14_d14	C7	252	14	14	600000	dist-m4ri	p6_0_0_1_2_2_5	p6_0_0_0_2_3_6	results/progressive_C7_20260126T125504Z	results/progressive_C7_20260126T125504Z/best_codes/C7_AAp6_0_0_1_2_2_5_BBp6_0_0_0_2_3_6_k14_d14	best_codes/collected/C7_AAp6_0_0_1_2_2_5_BBp6_0_0_0_2_3_6_k14_d14
C7_AAp13_0_1_1_4_5_6_BBp6_0_2_3_4_5_6_k14_d13	C7	252	14	13	600000	dist-m4ri	p13_0_1_1_4_5_6	p6_0_2_3_4_5_6	results/progressive_C7_20260126T125504Z	results/progressive_C7_20260126T125504Z/best_codes/C7_AAp13_0_1_1_4_5_6_BBp6_0_2_3_4_5_6_k14_d13	best_codes/collected/C7_AAp13_0_1_1_4_5_6_BBp6_0_2_3_4_5_6_k14_d13
C7_AAp6_0_1_2_3_4_5_BBp28_0_0_1_2_5_6_k16_d13	C7	252	16	13	600000	dist-m4ri	p6_0_1_2_3_4_5	p28_0_0_1_2_5_6	results/progressive_C7_20260126T125504Z	results/progressive_C7_20260126T125504Z/best_codes/C7_AAp6_0_1_2_3_4_5_BBp28_0_0_1_2_5_6_k16_d13	best_codes/collected/C7_AAp6_0_1_2_3_4_5_BBp28_0_0_1_2_5_6_k16_d13
C7_AAp6_0_1_2_3_4_5_BBp8_0_1_2_3_3_6_k16_d12	C7	252	16	12	600000	dist-m4ri	p6_0_1_2_3_4_5	p8_0_1_2_3_3_6	results/progressive_C7_20260126T125504Z	results/progressive_C7_20260126T125504Z/best_codes/C7_AAp6_0_1_2_3_4_5_BBp8_0_1_2_3_3_6_k16_d12	best_codes/collected/C7_AAp6_0_1_2_3_4_5_BBp8_0_1_2_3_3_6_k16_d12
C7_AAp0_0_1_2_3_4_5_BBp6_0_1_2_3_5_6_k18_d12	C7	252	18	12	600000	dist-m4ri	p0_0_1_2_3_4_5	p6_0_1_2_3_5_6	results/progressive_C7_20260126T125504Z	results/progressive_C7_20260126T125504Z/best_codes/C7_AAp0_0_1_2_3_4_5_BBp6_0_1_2_3_5_6_k18_d12	best_codes/collected/C7_AAp0_0_1_2_3_4_5_BBp6_0_1_2_3_5_6_k18_d12
C7_AAp6_0_1_2_3_4_5_BBp13_0_1_1_4_5_6_k20_d12	C7	252	20	12	600000	dist-m4ri	p6_0_1_2_3_4_5	p13_0_1_1_4_5_6	results/progressive_C7_20260126T125504Z	results/progressive_C7_20260126T125504Z/best_codes/C7_AAp6_0_1_2_3_4_5_BBp13_0_1_1_4_5_6_k20_d12	best_codes/collected/C7_AAp6_0_1_2_3_4_5_BBp13_0_1_1_4_5_6_k20_d12
SmallGroup_10_1__AAp11_0_0_1_2_2_3_BBp11_0_1_2_3_7_8_k2_d23	SmallGroup_10_1_	360	2	23	200000	dist-m4ri	p11_0_0_1_2_2_3	p11_0_1_2_3_7_8	results/progressive_SmallGroup_10_1_20260123T155141Z	results/progressive_SmallGroup_10_1_20260123T155141Z/best_codes/SmallGroup_10_1__AAp11_0_0_1_2_2_3_BBp11_0_1_2_3_7_8_k2_d23	best_codes/collected/SmallGroup_10_1__AAp11_0_0_1_2_2_3_BBp11_0_1_2_3_7_8_k2_d23
SmallGroup_10_1__AAp10_0_0_1_1_2_3_BBp11_0_1_2_3_7_8_k4_d24	SmallGroup_10_1_	360	4	24	200000	dist-m4ri	p10_0_0_1_1_2_3	p11_0_1_2_3_7_8	results/progressive_SmallGroup_10_1_20260123T155141Z	results/progressive_SmallGroup_10_1_20260123T155141Z/best_codes/SmallGroup_10_1__AAp10_0_0_1_1_2_3_BBp11_0_1_2_3_7_8_k4_d24	best_codes/collected/SmallGroup_10_1__AAp10_0_0_1_1_2_3_BBp11_0_1_2_3_7_8_k4_d24
SmallGroup_10_1__AAp10_0_0_1_1_2_2_BBp11_0_1_2_4_5_9_k4_d23	SmallGroup_10_1_	360	4	23	200000	dist-m4ri	p10_0_0_1_1_2_2	p11_0_1_2_4_5_9	results/progressive_SmallGroup_10_1_20260123T155141Z	results/progressive_SmallGroup_10_1_20260123T155141Z/best_codes/SmallGroup_10_1__AAp10_0_0_1_1_2_2_BBp11_0_1_2_4_5_9_k4_d23	best_codes/collected/SmallGroup_10_1__AAp10_0_0_1_1_2_2_BBp11_0_1_2_4_5_9_k4_d23
SmallGroup_10_1__AAp10_0_0_1_1_2_2_BBp11_0_0_1_2_6_7_k4_d22	SmallGroup_10_1_	360	4	22	200000	dist-m4ri	p10_0_0_1_1_2_2	p11_0_0_1_2_6_7	results/progressive_SmallGroup_10_1_20260123T155141Z	results/progressive_SmallGroup_10_1_20260123T155141Z/best_codes/SmallGroup_10_1__AAp10_0_0_1_1_2_2_BBp11_0_0_1_2_6_7_k4_d22	best_codes/collected/SmallGroup_10_1__AAp10_0_0_1_1_2_2_BBp11_0_0_1_2_6_7_k4_d22
SmallGroup_10_2__AAp27_0_1_2_2_4_9_BBp27_0_1_3_4_6_6_k2_d24	SmallGroup_10_2_	360	2	24	200000	dist-m4ri	p27_0_1_2_2_4_9	p27_0_1_3_4_6_6	results/progressive_SmallGroup_10_2_20260123T155140Z	results/progressive_SmallGroup_10_2_20260123T155140Z/best_codes/SmallGroup_10_2__AAp27_0_1_2_2_4_9_BBp27_0_1_3_4_6_6_k2_d24	best_codes/collected/SmallGroup_10_2__AAp27_0_1_2_2_4_9_BBp27_0_1_3_4_6_6_k2_d24
SmallGroup_10_2__AAp27_0_0_2_2_4_9_BBp27_0_1_3_4_6_6_k2_d21	SmallGroup_10_2_	360	2	21	200000	dist-m4ri	p27_0_0_2_2_4_9	p27_0_1_3_4_6_6	results/progressive_SmallGroup_10_2_20260123T155140Z	results/progressive_SmallGroup_10_2_20260123T155140Z/best_codes/SmallGroup_10_2__AAp27_0_0_2_2_4_9_BBp27_0_1_3_4_6_6_k2_d21	best_codes/collected/SmallGroup_10_2__AAp27_0_0_2_2_4_9_BBp27_0_1_3_4_6_6_k2_d21
SmallGroup_10_2__AAp27_0_0_2_2_4_9_BBp11_0_0_1_2_2_3_k2_d20	SmallGroup_10_2_	360	2	20	200000	dist-m4ri	p27_0_0_2_2_4_9	p11_0_0_1_2_2_3	results/progressive_SmallGroup_10_2_20260123T155140Z	results/progressive_SmallGroup_10_2_20260123T155140Z/best_codes/SmallGroup_10_2__AAp27_0_0_2_2_4_9_BBp11_0_0_1_2_2_3_k2_d20	best_codes/collected/SmallGroup_10_2__AAp27_0_0_2_2_4_9_BBp11_0_0_1_2_2_3_k2_d20
SmallGroup_10_2__AAp27_0_1_2_2_4_9_BBp11_0_0_1_2_2_3_k4_d22	SmallGroup_10_2_	360	4	22	200000	dist-m4ri	p27_0_1_2_2_4_9	p11_0_0_1_2_2_3	results/progressive_SmallGroup_10_2_20260123T155140Z	results/progressive_SmallGroup_10_2_20260123T155140Z/best_codes/SmallGroup_10_2__AAp27_0_1_2_2_4_9_BBp11_0_0_1_2_2_3_k4_d22	best_codes/collected/SmallGroup_10_2__AAp27_0_1_2_2_4_9_BBp11_0_0_1_2_2_3_k4_d22
SmallGroup_10_2__AAp29_0_0_3_3_7_8_BBp27_0_1_3_4_6_7_k6_d21	SmallGroup_10_2_	360	6	21	200000	dist-m4ri	p29_0_0_3_3_7_8	p27_0_1_3_4_6_7	results/progressive_SmallGroup_10_2_20260123T155140Z	results/progressive_SmallGroup_10_2_20260123T155140Z/best_codes/SmallGroup_10_2__AAp29_0_0_3_3_7_8_BBp27_0_1_3_4_6_7_k6_d21	best_codes/collected/SmallGroup_10_2__AAp29_0_0_3_3_7_8_BBp27_0_1_3_4_6_7_k6_d21
SmallGroup_10_2__AAp27_0_1_2_2_4_9_BBp29_0_1_2_4_9_9_k6_d20	SmallGroup_10_2_	360	6	20	200000	dist-m4ri	p27_0_1_2_2_4_9	p29_0_1_2_4_9_9	results/progressive_SmallGroup_10_2_20260123T155140Z	results/progressive_SmallGroup_10_2_20260123T155140Z/best_codes/SmallGroup_10_2__AAp27_0_1_2_2_4_9_BBp29_0_1_2_4_9_9_k6_d20	best_codes/collected/SmallGroup_10_2__AAp27_0_1_2_2_4_9_BBp29_0_1_2_4_9_9_k6_d20
SmallGroup_10_2__AAp27_0_1_2_2_4_9_BBp17_0_1_2_3_8_9_k8_d24	SmallGroup_10_2_	360	8	24	200000	dist-m4ri	p27_0_1_2_2_4_9	p17_0_1_2_3_8_9	results/progressive_SmallGroup_10_2_20260123T155140Z	results/progressive_SmallGroup_10_2_20260123T155140Z/best_codes/SmallGroup_10_2__AAp27_0_1_2_2_4_9_BBp17_0_1_2_3_8_9_k8_d24	best_codes/collected/SmallGroup_10_2__AAp27_0_1_2_2_4_9_BBp17_0_1_2_3_8_9_k8_d24
SmallGroup_10_2__AAp27_0_0_2_2_4_9_BBp17_0_1_2_3_8_9_k8_d22	SmallGroup_10_2_	360	8	22	200000	dist-m4ri	p27_0_0_2_2_4_9	p17_0_1_2_3_8_9	results/progressive_SmallGroup_10_2_20260123T155140Z	results/progressive_SmallGroup_10_2_20260123T155140Z/best_codes/SmallGroup_10_2__AAp27_0_0_2_2_4_9_BBp17_0_1_2_3_8_9_k8_d22	best_codes/collected/SmallGroup_10_2__AAp27_0_0_2_2_4_9_BBp17_0_1_2_3_8_9_k8_d22
SmallGroup_10_2__AAp27_0_1_2_2_5_9_BBp17_0_1_4_5_6_7_k16_d22	SmallGroup_10_2_	360	16	22	200000	dist-m4ri	p27_0_1_2_2_5_9	p17_0_1_4_5_6_7	results/progressive_SmallGroup_10_2_20260123T155140Z	results/progressive_SmallGroup_10_2_20260123T155140Z/best_codes/SmallGroup_10_2__AAp27_0_1_2_2_5_9_BBp17_0_1_4_5_6_7_k16_d22	best_codes/collected/SmallGroup_10_2__AAp27_0_1_2_2_5_9_BBp17_0_1_4_5_6_7_k16_d22
SmallGroup_10_2__AAp27_0_1_2_2_5_9_BBp17_0_1_2_3_8_9_k16_d20	SmallGroup_10_2_	360	16	20	200000	dist-m4ri	p27_0_1_2_2_5_9	p17_0_1_2_3_8_9	results/progressive_SmallGroup_10_2_20260123T155140Z	results/progressive_SmallGroup_10_2_20260123T155140Z/best_codes/SmallGroup_10_2__AAp27_0_1_2_2_5_9_BBp17_0_1_2_3_8_9_k16_d20	best_codes/collected/SmallGroup_10_2__AAp27_0_1_2_2_5_9_BBp17_0_1_2_3_8_9_k16_d20
SmallGroup_12_1__AAp11_0_0_1_7_8_10_BBp10_0_0_1_2_10_10_k2_d34	SmallGroup_12_1_	432	2	34	200000	dist-m4ri	p11_0_0_1_7_8_10	p10_0_0_1_2_10_10	results/progressive_SmallGroup_12_1_20260123T155140Z	results/progressive_SmallGroup_12_1_20260123T155140Z/best_codes/SmallGroup_12_1__AAp11_0_0_1_7_8_10_BBp10_0_0_1_2_10_10_k2_d34	best_codes/collected/SmallGroup_12_1__AAp11_0_0_1_7_8_10_BBp10_0_0_1_2_10_10_k2_d34
SmallGroup_12_1__AAp10_0_0_1_2_10_10_BBp11_0_0_1_7_8_10_k2_d31	SmallGroup_12_1_	432	2	31	200000	dist-m4ri	p10_0_0_1_2_10_10	p11_0_0_1_7_8_10	results/progressive_SmallGroup_12_1_20260123T155140Z	results/progressive_SmallGroup_12_1_20260123T155140Z/best_codes/SmallGroup_12_1__AAp10_0_0_1_2_10_10_BBp11_0_0_1_7_8_10_k2_d31	best_codes/collected/SmallGroup_12_1__AAp10_0_0_1_2_10_10_BBp11_0_0_1_7_8_10_k2_d31
SmallGroup_12_1__AAp11_0_0_1_7_8_10_BBp11_0_1_2_4_7_9_k4_d29	SmallGroup_12_1_	432	4	29	200000	dist-m4ri	p11_0_0_1_7_8_10	p11_0_1_2_4_7_9	results/progressive_SmallGroup_12_1_20260123T155140Z	results/progressive_SmallGroup_12_1_20260123T155140Z/best_codes/SmallGroup_12_1__AAp11_0_0_1_7_8_10_BBp11_0_1_2_4_7_9_k4_d29	best_codes/collected/SmallGroup_12_1__AAp11_0_0_1_7_8_10_BBp11_0_1_2_4_7_9_k4_d29
SmallGroup_12_1__AAp10_0_0_1_1_3_9_BBp11_0_1_2_4_7_9_k4_d28	SmallGroup_12_1_	432	4	28	200000	dist-m4ri	p10_0_0_1_1_3_9	p11_0_1_2_4_7_9	results/progressive_SmallGroup_12_1_20260123T155140Z	results/progressive_SmallGroup_12_1_20260123T155140Z/best_codes/SmallGroup_12_1__AAp10_0_0_1_1_3_9_BBp11_0_1_2_4_7_9_k4_d28	best_codes/collected/SmallGroup_12_1__AAp10_0_0_1_1_3_9_BBp11_0_1_2_4_7_9_k4_d28
SmallGroup_12_1__AAp10_0_0_1_1_3_9_BBp11_0_0_3_3_4_11_k4_d24	SmallGroup_12_1_	432	4	24	200000	dist-m4ri	p10_0_0_1_1_3_9	p11_0_0_3_3_4_11	results/progressive_SmallGroup_12_1_20260123T155140Z	results/progressive_SmallGroup_12_1_20260123T155140Z/best_codes/SmallGroup_12_1__AAp10_0_0_1_1_3_9_BBp11_0_0_3_3_4_11_k4_d24	best_codes/collected/SmallGroup_12_1__AAp10_0_0_1_1_3_9_BBp11_0_0_3_3_4_11_k4_d24
SmallGroup_12_2__AAp11_0_0_2_2_3_4_BBp11_0_0_1_6_10_11_k2_d30	SmallGroup_12_2_	432	2	30	200000	dist-m4ri	p11_0_0_2_2_3_4	p11_0_0_1_6_10_11	results/progressive_SmallGroup_12_2_20260123T155140Z	results/progressive_SmallGroup_12_2_20260123T155140Z/best_codes/SmallGroup_12_2__AAp11_0_0_2_2_3_4_BBp11_0_0_1_6_10_11_k2_d30	best_codes/collected/SmallGroup_12_2__AAp11_0_0_2_2_3_4_BBp11_0_0_1_6_10_11_k2_d30
SmallGroup_12_2__AAp14_0_1_5_6_8_11_BBp10_0_0_1_6_10_10_k4_d32	SmallGroup_12_2_	432	4	32	200000	dist-m4ri	p14_0_1_5_6_8_11	p10_0_0_1_6_10_10	results/progressive_SmallGroup_12_2_20260123T155140Z	results/progressive_SmallGroup_12_2_20260123T155140Z/best_codes/SmallGroup_12_2__AAp14_0_1_5_6_8_11_BBp10_0_0_1_6_10_10_k4_d32	best_codes/collected/SmallGroup_12_2__AAp14_0_1_5_6_8_11_BBp10_0_0_1_6_10_10_k4_d32
SmallGroup_12_2__AAp10_0_1_5_8_10_11_BBp15_0_0_2_9_11_11_k4_d31	SmallGroup_12_2_	432	4	31	200000	dist-m4ri	p10_0_1_5_8_10_11	p15_0_0_2_9_11_11	results/progressive_SmallGroup_12_2_20260123T155140Z	results/progressive_SmallGroup_12_2_20260123T155140Z/best_codes/SmallGroup_12_2__AAp10_0_1_5_8_10_11_BBp15_0_0_2_9_11_11_k4_d31	best_codes/collected/SmallGroup_12_2__AAp10_0_1_5_8_10_11_BBp15_0_0_2_9_11_11_k4_d31
SmallGroup_12_2__AAp11_0_0_2_2_3_4_BBp10_0_0_1_6_10_10_k4_d27	SmallGroup_12_2_	432	4	27	200000	dist-m4ri	p11_0_0_2_2_3_4	p10_0_0_1_6_10_10	results/progressive_SmallGroup_12_2_20260123T155140Z	results/progressive_SmallGroup_12_2_20260123T155140Z/best_codes/SmallGroup_12_2__AAp11_0_0_2_2_3_4_BBp10_0_0_1_6_10_10_k4_d27	best_codes/collected/SmallGroup_12_2__AAp11_0_0_2_2_3_4_BBp10_0_0_1_6_10_10_k4_d27
SmallGroup_12_2__AAp15_0_0_4_4_6_8_BBp11_0_0_1_6_10_11_k6_d26	SmallGroup_12_2_	432	6	26	200000	dist-m4ri	p15_0_0_4_4_6_8	p11_0_0_1_6_10_11	results/progressive_SmallGroup_12_2_20260123T155140Z	results/progressive_SmallGroup_12_2_20260123T155140Z/best_codes/SmallGroup_12_2__AAp15_0_0_4_4_6_8_BBp11_0_0_1_6_10_11_k6_d26	best_codes/collected/SmallGroup_12_2__AAp15_0_0_4_4_6_8_BBp11_0_0_1_6_10_11_k6_d26
SmallGroup_12_2__AAp10_0_0_1_2_3_4_BBp10_0_1_4_5_7_9_k8_d24	SmallGroup_12_2_	432	8	24	200000	dist-m4ri	p10_0_0_1_2_3_4	p10_0_1_4_5_7_9	results/progressive_SmallGroup_12_2_20260123T155140Z	results/progressive_SmallGroup_12_2_20260123T155140Z/best_codes/SmallGroup_12_2__AAp10_0_0_1_2_3_4_BBp10_0_1_4_5_7_9_k8_d24	best_codes/collected/SmallGroup_12_2__AAp10_0_0_1_2_3_4_BBp10_0_1_4_5_7_9_k8_d24
SmallGroup_12_2__AAp11_0_3_4_5_5_11_BBp10_0_1_4_5_7_9_k12_d28	SmallGroup_12_2_	432	12	28	200000	dist-m4ri	p11_0_3_4_5_5_11	p10_0_1_4_5_7_9	results/progressive_SmallGroup_12_2_20260123T155140Z	results/progressive_SmallGroup_12_2_20260123T155140Z/best_codes/SmallGroup_12_2__AAp11_0_3_4_5_5_11_BBp10_0_1_4_5_7_9_k12_d28	best_codes/collected/SmallGroup_12_2__AAp11_0_3_4_5_5_11_BBp10_0_1_4_5_7_9_k12_d28
SmallGroup_12_3__AAp10_0_3_4_7_8_11_BBp11_0_0_1_1_11_11_k4_d33	SmallGroup_12_3_	432	4	33	200000	dist-m4ri	p10_0_3_4_7_8_11	p11_0_0_1_1_11_11	results/progressive_SmallGroup_12_3_20260123T155140Z	results/progressive_SmallGroup_12_3_20260123T155140Z/best_codes/SmallGroup_12_3__AAp10_0_3_4_7_8_11_BBp11_0_0_1_1_11_11_k4_d33	best_codes/collected/SmallGroup_12_3__AAp10_0_3_4_7_8_11_BBp11_0_0_1_1_11_11_k4_d33
SmallGroup_12_3__AAp10_0_3_4_7_8_11_BBp10_0_0_1_2_10_10_k4_d28	SmallGroup_12_3_	432	4	28	200000	dist-m4ri	p10_0_3_4_7_8_11	p10_0_0_1_2_10_10	results/progressive_SmallGroup_12_3_20260123T155140Z	results/progressive_SmallGroup_12_3_20260123T155140Z/best_codes/SmallGroup_12_3__AAp10_0_3_4_7_8_11_BBp10_0_0_1_2_10_10_k4_d28	best_codes/collected/SmallGroup_12_3__AAp10_0_3_4_7_8_11_BBp10_0_0_1_2_10_10_k4_d28
SmallGroup_12_3__AAp10_0_0_1_2_10_10_BBp10_0_3_4_7_8_11_k4_d25	SmallGroup_12_3_	432	4	25	200000	dist-m4ri	p10_0_0_1_2_10_10	p10_0_3_4_7_8_11	results/progressive_SmallGroup_12_3_20260123T155140Z	results/progressive_SmallGroup_12_3_20260123T155140Z/best_codes/SmallGroup_12_3__AAp10_0_0_1_2_10_10_BBp10_0_3_4_7_8_11_k4_d25	best_codes/collected/SmallGroup_12_3__AAp10_0_0_1_2_10_10_BBp10_0_3_4_7_8_11_k4_d25
SmallGroup_12_3__AAp10_0_0_1_2_10_10_BBp10_0_0_1_2_5_10_k4_d24	SmallGroup_12_3_	432	4	24	200000	dist-m4ri	p10_0_0_1_2_10_10	p10_0_0_1_2_5_10	results/progressive_SmallGroup_12_3_20260123T155140Z	results/progressive_SmallGroup_12_3_20260123T155140Z/best_codes/SmallGroup_12_3__AAp10_0_0_1_2_10_10_BBp10_0_0_1_2_5_10_k4_d24	best_codes/collected/SmallGroup_12_3__AAp10_0_0_1_2_10_10_BBp10_0_0_1_2_5_10_k4_d24
SmallGroup_12_3__AAp10_0_3_4_7_8_11_BBp6_0_0_1_2_3_4_k8_d31	SmallGroup_12_3_	432	8	31	200000	dist-m4ri	p10_0_3_4_7_8_11	p6_0_0_1_2_3_4	results/progressive_SmallGroup_12_3_20260123T155140Z	results/progressive_SmallGroup_12_3_20260123T155140Z/best_codes/SmallGroup_12_3__AAp10_0_3_4_7_8_11_BBp6_0_0_1_2_3_4_k8_d31	best_codes/collected/SmallGroup_12_3__AAp10_0_3_4_7_8_11_BBp6_0_0_1_2_3_4_k8_d31
SmallGroup_12_3__AAp10_0_0_1_2_5_10_BBp10_0_3_4_7_8_11_k8_d26	SmallGroup_12_3_	432	8	26	200000	dist-m4ri	p10_0_0_1_2_5_10	p10_0_3_4_7_8_11	results/progressive_SmallGroup_12_3_20260123T155140Z	results/progressive_SmallGroup_12_3_20260123T155140Z/best_codes/SmallGroup_12_3__AAp10_0_0_1_2_5_10_BBp10_0_3_4_7_8_11_k8_d26	best_codes/collected/SmallGroup_12_3__AAp10_0_0_1_2_5_10_BBp10_0_3_4_7_8_11_k8_d26
SmallGroup_12_4__AAp15_0_1_5_6_10_11_BBp10_0_0_1_1_2_10_k2_d29	SmallGroup_12_4_	432	2	29	200000	dist-m4ri	p15_0_1_5_6_10_11	p10_0_0_1_1_2_10	results/progressive_SmallGroup_12_4_20260123T155141Z	results/progressive_SmallGroup_12_4_20260123T155141Z/best_codes/SmallGroup_12_4__AAp15_0_1_5_6_10_11_BBp10_0_0_1_1_2_10_k2_d29	best_codes/collected/SmallGroup_12_4__AAp15_0_1_5_6_10_11_BBp10_0_0_1_1_2_10_k2_d29
SmallGroup_12_4__AAp10_0_0_1_1_2_10_BBp15_0_1_5_6_10_11_k2_d28	SmallGroup_12_4_	432	2	28	200000	dist-m4ri	p10_0_0_1_1_2_10	p15_0_1_5_6_10_11	results/progressive_SmallGroup_12_4_20260123T155141Z	results/progressive_SmallGroup_12_4_20260123T155141Z/best_codes/SmallGroup_12_4__AAp10_0_0_1_1_2_10_BBp15_0_1_5_6_10_11_k2_d28	best_codes/collected/SmallGroup_12_4__AAp10_0_0_1_1_2_10_BBp15_0_1_5_6_10_11_k2_d28
SmallGroup_12_4__AAp10_0_0_1_1_2_10_BBp16_0_1_4_6_7_9_k4_d25	SmallGroup_12_4_	432	4	25	200000	dist-m4ri	p10_0_0_1_1_2_10	p16_0_1_4_6_7_9	results/progressive_SmallGroup_12_4_20260123T155141Z	results/progressive_SmallGroup_12_4_20260123T155141Z/best_codes/SmallGroup_12_4__AAp10_0_0_1_1_2_10_BBp16_0_1_4_6_7_9_k4_d25	best_codes/collected/SmallGroup_12_4__AAp10_0_0_1_1_2_10_BBp16_0_1_4_6_7_9_k4_d25
SmallGroup_12_4__AAp15_0_1_5_6_10_11_BBp21_0_1_4_6_9_11_k4_d24	SmallGroup_12_4_	432	4	24	200000	dist-m4ri	p15_0_1_5_6_10_11	p21_0_1_4_6_9_11	results/progressive_SmallGroup_12_4_20260123T155141Z	results/progressive_SmallGroup_12_4_20260123T155141Z/best_codes/SmallGroup_12_4__AAp15_0_1_5_6_10_11_BBp21_0_1_4_6_9_11_k4_d24	best_codes/collected/SmallGroup_12_4__AAp15_0_1_5_6_10_11_BBp21_0_1_4_6_9_11_k4_d24
SmallGroup_12_5__AAp20_0_0_6_7_8_11_BBp11_0_0_1_2_2_5_k2_d28	SmallGroup_12_5_	432	2	28	200000	dist-m4ri	p20_0_0_6_7_8_11	p11_0_0_1_2_2_5	results/progressive_SmallGroup_12_5_20260123T155140Z	results/progressive_SmallGroup_12_5_20260123T155140Z/best_codes/SmallGroup_12_5__AAp20_0_0_6_7_8_11_BBp11_0_0_1_2_2_5_k2_d28	best_codes/collected/SmallGroup_12_5__AAp20_0_0_6_7_8_11_BBp11_0_0_1_2_2_5_k2_d28
SmallGroup_12_5__AAp15_0_0_5_8_10_10_BBp11_0_0_1_2_2_5_k4_d27	SmallGroup_12_5_	432	4	27	200000	dist-m4ri	p15_0_0_5_8_10_10	p11_0_0_1_2_2_5	results/progressive_SmallGroup_12_5_20260123T155140Z	results/progressive_SmallGroup_12_5_20260123T155140Z/best_codes/SmallGroup_12_5__AAp15_0_0_5_8_10_10_BBp11_0_0_1_2_2_5_k4_d27	best_codes/collected/SmallGroup_12_5__AAp15_0_0_5_8_10_10_BBp11_0_0_1_2_2_5_k4_d27
SmallGroup_12_5__AAp15_0_0_5_6_11_11_BBp11_0_0_1_2_2_5_k4_d26	SmallGroup_12_5_	432	4	26	200000	dist-m4ri	p15_0_0_5_6_11_11	p11_0_0_1_2_2_5	results/progressive_SmallGroup_12_5_20260123T155140Z	results/progressive_SmallGroup_12_5_20260123T155140Z/best_codes/SmallGroup_12_5__AAp15_0_0_5_6_11_11_BBp11_0_0_1_2_2_5_k4_d26	best_codes/collected/SmallGroup_12_5__AAp15_0_0_5_6_11_11_BBp11_0_0_1_2_2_5_k4_d26
SmallGroup_12_5__AAp10_0_1_3_4_5_8_BBp10_0_0_1_3_3_6_k8_d24	SmallGroup_12_5_	432	8	24	200000	dist-m4ri	p10_0_1_3_4_5_8	p10_0_0_1_3_3_6	results/progressive_SmallGroup_12_5_20260123T155140Z	results/progressive_SmallGroup_12_5_20260123T155140Z/best_codes/SmallGroup_12_5__AAp10_0_1_3_4_5_8_BBp10_0_0_1_3_3_6_k8_d24	best_codes/collected/SmallGroup_12_5__AAp10_0_1_3_4_5_8_BBp10_0_0_1_3_3_6_k8_d24
SmallGroup_14_1__AAp11_0_0_1_10_10_11_BBp27_0_1_2_2_6_10_k2_d30	SmallGroup_14_1_	504	2	30	200000	dist-m4ri	p11_0_0_1_10_10_11	p27_0_1_2_2_6_10	results/progressive_SmallGroup_14_1_20260123T155141Z	results/progressive_SmallGroup_14_1_20260123T155141Z/best_codes/SmallGroup_14_1__AAp11_0_0_1_10_10_11_BBp27_0_1_2_2_6_10_k2_d30	best_codes/collected/SmallGroup_14_1__AAp11_0_0_1_10_10_11_BBp27_0_1_2_2_6_10_k2_d30
SmallGroup_14_2__AAp11_0_0_2_2_4_13_BBp11_0_1_6_8_12_13_k2_d30	SmallGroup_14_2_	504	2	30	200000	dist-m4ri	p11_0_0_2_2_4_13	p11_0_1_6_8_12_13	results/progressive_SmallGroup_14_2_20260123T155141Z	results/progressive_SmallGroup_14_2_20260123T155141Z/best_codes/SmallGroup_14_2__AAp11_0_0_2_2_4_13_BBp11_0_1_6_8_12_13_k2_d30	best_codes/collected/SmallGroup_14_2__AAp11_0_0_2_2_4_13_BBp11_0_1_6_8_12_13_k2_d30
SmallGroup_14_2__AAp11_0_0_2_2_4_13_BBp11_0_0_1_10_10_11_k2_d28	SmallGroup_14_2_	504	2	28	200000	dist-m4ri	p11_0_0_2_2_4_13	p11_0_0_1_10_10_11	results/progressive_SmallGroup_14_2_20260123T155141Z	results/progressive_SmallGroup_14_2_20260123T155141Z/best_codes/SmallGroup_14_2__AAp11_0_0_2_2_4_13_BBp11_0_0_1_10_10_11_k2_d28	best_codes/collected/SmallGroup_14_2__AAp11_0_0_2_2_4_13_BBp11_0_0_1_10_10_11_k2_d28
SmallGroup_14_2__AAp10_0_0_3_5_10_13_BBp10_0_0_2_6_6_9_k6_d28	SmallGroup_14_2_	504	6	28	200000	dist-m4ri	p10_0_0_3_5_10_13	p10_0_0_2_6_6_9	results/progressive_SmallGroup_14_2_20260123T155141Z	results/progressive_SmallGroup_14_2_20260123T155141Z/best_codes/SmallGroup_14_2__AAp10_0_0_3_5_10_13_BBp10_0_0_2_6_6_9_k6_d28	best_codes/collected/SmallGroup_14_2__AAp10_0_0_3_5_10_13_BBp10_0_0_2_6_6_9_k6_d28
SmallGroup_15_1__AAp27_0_1_6_6_7_12_BBp8_0_1_6_8_9_10_k2_d53	SmallGroup_15_1_	540	2	53	600000	dist-m4ri	p27_0_1_6_6_7_12	p8_0_1_6_8_9_10	results/progressive_SmallGroup_15_1_20260126T101555Z	results/progressive_SmallGroup_15_1_20260126T101555Z/best_codes/SmallGroup_15_1__AAp27_0_1_6_6_7_12_BBp8_0_1_6_8_9_10_k2_d53	best_codes/collected/SmallGroup_15_1__AAp27_0_1_6_6_7_12_BBp8_0_1_6_8_9_10_k2_d53
SmallGroup_15_1__AAp27_0_3_4_4_10_11_BBp12_0_2_8_11_12_13_k2_d52	SmallGroup_15_1_	540	2	52	600000	dist-m4ri	p27_0_3_4_4_10_11	p12_0_2_8_11_12_13	results/progressive_SmallGroup_15_1_20260126T101555Z	results/progressive_SmallGroup_15_1_20260126T101555Z/best_codes/SmallGroup_15_1__AAp27_0_3_4_4_10_11_BBp12_0_2_8_11_12_13_k2_d52	best_codes/collected/SmallGroup_15_1__AAp27_0_3_4_4_10_11_BBp12_0_2_8_11_12_13_k2_d52
SmallGroup_15_1__AAp15_0_0_1_5_5_9_BBp23_0_3_7_8_10_14_k2_d51	SmallGroup_15_1_	540	2	51	600000	dist-m4ri	p15_0_0_1_5_5_9	p23_0_3_7_8_10_14	results/progressive_SmallGroup_15_1_20260126T101555Z	results/progressive_SmallGroup_15_1_20260126T101555Z/best_codes/SmallGroup_15_1__AAp15_0_0_1_5_5_9_BBp23_0_3_7_8_10_14_k2_d51	best_codes/collected/SmallGroup_15_1__AAp15_0_0_1_5_5_9_BBp23_0_3_7_8_10_14_k2_d51
SmallGroup_15_1__AAp15_0_0_1_2_8_10_BBp19_0_3_4_5_7_14_k2_d50	SmallGroup_15_1_	540	2	50	600000	dist-m4ri	p15_0_0_1_2_8_10	p19_0_3_4_5_7_14	results/progressive_SmallGroup_15_1_20260126T101555Z	results/progressive_SmallGroup_15_1_20260126T101555Z/best_codes/SmallGroup_15_1__AAp15_0_0_1_2_8_10_BBp19_0_3_4_5_7_14_k2_d50	best_codes/collected/SmallGroup_15_1__AAp15_0_0_1_2_8_10_BBp19_0_3_4_5_7_14_k2_d50
SmallGroup_15_1__AAp12_0_3_7_10_10_11_BBp11_0_4_9_10_10_14_k2_d48	SmallGroup_15_1_	540	2	48	600000	dist-m4ri	p12_0_3_7_10_10_11	p11_0_4_9_10_10_14	results/progressive_SmallGroup_15_1_20260126T101555Z	results/progressive_SmallGroup_15_1_20260126T101555Z/best_codes/SmallGroup_15_1__AAp12_0_3_7_10_10_11_BBp11_0_4_9_10_10_14_k2_d48	best_codes/collected/SmallGroup_15_1__AAp12_0_3_7_10_10_11_BBp11_0_4_9_10_10_14_k2_d48
SmallGroup_15_1__AAp15_0_0_1_11_11_14_BBp4_0_1_2_3_8_9_k2_d43	SmallGroup_15_1_	540	2	43	600000	dist-m4ri	p15_0_0_1_11_11_14	p4_0_1_2_3_8_9	results/progressive_SmallGroup_15_1_20260126T101555Z	results/progressive_SmallGroup_15_1_20260126T101555Z/best_codes/SmallGroup_15_1__AAp15_0_0_1_11_11_14_BBp4_0_1_2_3_8_9_k2_d43	best_codes/collected/SmallGroup_15_1__AAp15_0_0_1_11_11_14_BBp4_0_1_2_3_8_9_k2_d43
SmallGroup_15_1__AAp15_0_0_1_11_11_14_BBp8_0_3_4_8_11_14_k2_d33	SmallGroup_15_1_	540	2	33	600000	dist-m4ri	p15_0_0_1_11_11_14	p8_0_3_4_8_11_14	results/progressive_SmallGroup_15_1_20260126T101555Z	results/progressive_SmallGroup_15_1_20260126T101555Z/best_codes/SmallGroup_15_1__AAp15_0_0_1_11_11_14_BBp8_0_3_4_8_11_14_k2_d33	best_codes/collected/SmallGroup_15_1__AAp15_0_0_1_11_11_14_BBp8_0_3_4_8_11_14_k2_d33
SmallGroup_15_1__AAp15_0_0_1_11_11_14_BBp11_0_4_8_8_9_14_k2_d32	SmallGroup_15_1_	540	2	32	200000	dist-m4ri	p15_0_0_1_11_11_14	p11_0_4_8_8_9_14	results/progressive_SmallGroup_15_1_20260126T100245Z	results/progressive_SmallGroup_15_1_20260126T100245Z/best_codes/SmallGroup_15_1__AAp15_0_0_1_11_11_14_BBp11_0_4_8_8_9_14_k2_d32	best_codes/collected/SmallGroup_15_1__AAp15_0_0_1_11_11_14_BBp11_0_4_8_8_9_14_k2_d32
SmallGroup_15_1__AAp15_0_0_1_11_11_14_BBp11_0_4_8_8_9_14_k2_d31	SmallGroup_15_1_	540	2	31	200000	dist-m4ri	p15_0_0_1_11_11_14	p11_0_4_8_8_9_14	results/progressive_SmallGroup_15_1_20260126T100245Z	results/progressive_SmallGroup_15_1_20260126T100245Z/best_codes/SmallGroup_15_1__AAp15_0_0_1_11_11_14_BBp11_0_4_8_8_9_14_k2_d31	best_codes/collected/SmallGroup_15_1__AAp15_0_0_1_11_11_14_BBp11_0_4_8_8_9_14_k2_d31
SmallGroup_15_1__AAp15_0_3_5_6_7_10_BBp11_0_0_1_1_2_4_k2_d31	SmallGroup_15_1_	540	2	31	600000	dist-m4ri	p15_0_3_5_6_7_10	p11_0_0_1_1_2_4	results/progressive_SmallGroup_15_1_20260126T101555Z	results/progressive_SmallGroup_15_1_20260126T101555Z/best_codes/SmallGroup_15_1__AAp15_0_3_5_6_7_10_BBp11_0_0_1_1_2_4_k2_d31	best_codes/collected/SmallGroup_15_1__AAp15_0_3_5_6_7_10_BBp11_0_0_1_1_2_4_k2_d31
SmallGroup_15_1__AAp11_0_0_1_1_11_13_BBp15_0_1_8_9_12_13_k2_d29	SmallGroup_15_1_	540	2	29	600000	dist-m4ri	p11_0_0_1_1_11_13	p15_0_1_8_9_12_13	results/progressive_SmallGroup_15_1_20260126T101555Z	results/progressive_SmallGroup_15_1_20260126T101555Z/best_codes/SmallGroup_15_1__AAp11_0_0_1_1_11_13_BBp15_0_1_8_9_12_13_k2_d29	best_codes/collected/SmallGroup_15_1__AAp11_0_0_1_1_11_13_BBp15_0_1_8_9_12_13_k2_d29
SmallGroup_15_1__AAp15_0_0_1_11_11_14_BBp11_0_4_8_8_9_14_k2_d27	SmallGroup_15_1_	540	2	27	600000	dist-m4ri	p15_0_0_1_11_11_14	p11_0_4_8_8_9_14	results/progressive_SmallGroup_15_1_20260126T101555Z	results/progressive_SmallGroup_15_1_20260126T101555Z/best_codes/SmallGroup_15_1__AAp15_0_0_1_11_11_14_BBp11_0_4_8_8_9_14_k2_d27	best_codes/collected/SmallGroup_15_1__AAp15_0_0_1_11_11_14_BBp11_0_4_8_8_9_14_k2_d27
SmallGroup_15_1__AAp11_0_0_1_1_11_13_BBp11_0_4_8_8_9_14_k2_d24	SmallGroup_15_1_	540	2	24	600000	dist-m4ri	p11_0_0_1_1_11_13	p11_0_4_8_8_9_14	results/progressive_SmallGroup_15_1_20260126T101555Z	results/progressive_SmallGroup_15_1_20260126T101555Z/best_codes/SmallGroup_15_1__AAp11_0_0_1_1_11_13_BBp11_0_4_8_8_9_14_k2_d24	best_codes/collected/SmallGroup_15_1__AAp11_0_0_1_1_11_13_BBp11_0_4_8_8_9_14_k2_d24
SmallGroup_15_1__AAp15_0_0_1_11_11_14_BBp11_0_0_1_1_2_4_k2_d21	SmallGroup_15_1_	540	2	21	600000	dist-m4ri	p15_0_0_1_11_11_14	p11_0_0_1_1_2_4	results/progressive_SmallGroup_15_1_20260126T101555Z	results/progressive_SmallGroup_15_1_20260126T101555Z/best_codes/SmallGroup_15_1__AAp15_0_0_1_11_11_14_BBp11_0_0_1_1_2_4_k2_d21	best_codes/collected/SmallGroup_15_1__AAp15_0_0_1_11_11_14_BBp11_0_0_1_1_2_4_k2_d21
SmallGroup_15_1__AAp11_0_0_0_0_0_10_BBp11_0_0_1_1_2_4_k2_d18	SmallGroup_15_1_	540	2	18	600000	dist-m4ri	p11_0_0_0_0_0_10	p11_0_0_1_1_2_4	results/progressive_SmallGroup_15_1_20260126T101555Z	results/progressive_SmallGroup_15_1_20260126T101555Z/best_codes/SmallGroup_15_1__AAp11_0_0_0_0_0_10_BBp11_0_0_1_1_2_4_k2_d18	best_codes/collected/SmallGroup_15_1__AAp11_0_0_0_0_0_10_BBp11_0_0_1_1_2_4_k2_d18
SmallGroup_15_1__AAp27_0_5_6_6_7_14_BBp6_0_2_3_6_8_12_k4_d52	SmallGroup_15_1_	540	4	52	600000	dist-m4ri	p27_0_5_6_6_7_14	p6_0_2_3_6_8_12	results/progressive_SmallGroup_15_1_20260126T101555Z	results/progressive_SmallGroup_15_1_20260126T101555Z/best_codes/SmallGroup_15_1__AAp27_0_5_6_6_7_14_BBp6_0_2_3_6_8_12_k4_d52	best_codes/collected/SmallGroup_15_1__AAp27_0_5_6_6_7_14_BBp6_0_2_3_6_8_12_k4_d52
SmallGroup_15_1__AAp11_0_4_5_5_10_14_BBp14_0_1_5_7_12_14_k4_d50	SmallGroup_15_1_	540	4	50	600000	dist-m4ri	p11_0_4_5_5_10_14	p14_0_1_5_7_12_14	results/progressive_SmallGroup_15_1_20260126T101555Z	results/progressive_SmallGroup_15_1_20260126T101555Z/best_codes/SmallGroup_15_1__AAp11_0_4_5_5_10_14_BBp14_0_1_5_7_12_14_k4_d50	best_codes/collected/SmallGroup_15_1__AAp11_0_4_5_5_10_14_BBp14_0_1_5_7_12_14_k4_d50
SmallGroup_15_1__AAp10_0_0_1_2_10_10_BBp2_0_4_5_5_7_14_k4_d46	SmallGroup_15_1_	540	4	46	600000	dist-m4ri	p10_0_0_1_2_10_10	p2_0_4_5_5_7_14	results/progressive_SmallGroup_15_1_20260126T101555Z	results/progressive_SmallGroup_15_1_20260126T101555Z/best_codes/SmallGroup_15_1__AAp10_0_0_1_2_10_10_BBp2_0_4_5_5_7_14_k4_d46	best_codes/collected/SmallGroup_15_1__AAp10_0_0_1_2_10_10_BBp2_0_4_5_5_7_14_k4_d46
SmallGroup_15_1__AAp11_0_4_9_9_10_14_BBp10_0_0_1_2_4_7_k4_d44	SmallGroup_15_1_	540	4	44	600000	dist-m4ri	p11_0_4_9_9_10_14	p10_0_0_1_2_4_7	results/progressive_SmallGroup_15_1_20260126T101555Z	results/progressive_SmallGroup_15_1_20260126T101555Z/best_codes/SmallGroup_15_1__AAp11_0_4_9_9_10_14_BBp10_0_0_1_2_4_7_k4_d44	best_codes/collected/SmallGroup_15_1__AAp11_0_4_9_9_10_14_BBp10_0_0_1_2_4_7_k4_d44
SmallGroup_15_1__AAp11_0_4_9_9_10_14_BBp10_0_0_1_1_2_11_k4_d41	SmallGroup_15_1_	540	4	41	600000	dist-m4ri	p11_0_4_9_9_10_14	p10_0_0_1_1_2_11	results/progressive_SmallGroup_15_1_20260126T101555Z	results/progressive_SmallGroup_15_1_20260126T101555Z/best_codes/SmallGroup_15_1__AAp11_0_4_9_9_10_14_BBp10_0_0_1_1_2_11_k4_d41	best_codes/collected/SmallGroup_15_1__AAp11_0_4_9_9_10_14_BBp10_0_0_1_1_2_11_k4_d41
SmallGroup_15_1__AAp11_0_4_5_5_10_14_BBp10_0_0_1_1_2_11_k4_d39	SmallGroup_15_1_	540	4	39	600000	dist-m4ri	p11_0_4_5_5_10_14	p10_0_0_1_1_2_11	results/progressive_SmallGroup_15_1_20260126T101555Z	results/progressive_SmallGroup_15_1_20260126T101555Z/best_codes/SmallGroup_15_1__AAp11_0_4_5_5_10_14_BBp10_0_0_1_1_2_11_k4_d39	best_codes/collected/SmallGroup_15_1__AAp11_0_4_5_5_10_14_BBp10_0_0_1_1_2_11_k4_d39
SmallGroup_15_1__AAp6_0_1_12_12_13_14_BBp11_0_4_8_8_9_14_k4_d34	SmallGroup_15_1_	540	4	34	600000	dist-m4ri	p6_0_1_12_12_13_14	p11_0_4_8_8_9_14	results/progressive_SmallGroup_15_1_20260126T101555Z	results/progressive_SmallGroup_15_1_20260126T101555Z/best_codes/SmallGroup_15_1__AAp6_0_1_12_12_13_14_BBp11_0_4_8_8_9_14_k4_d34	best_codes/collected/SmallGroup_15_1__AAp6_0_1_12_12_13_14_BBp11_0_4_8_8_9_14_k4_d34
SmallGroup_15_1__AAp10_0_0_1_11_13_13_BBp15_0_0_1_1_11_12_k4_d33	SmallGroup_15_1_	540	4	33	200000	dist-m4ri	p10_0_0_1_11_13_13	p15_0_0_1_1_11_12	results/progressive_SmallGroup_15_1_20260126T100245Z	results/progressive_SmallGroup_15_1_20260126T100245Z/best_codes/SmallGroup_15_1__AAp10_0_0_1_11_13_13_BBp15_0_0_1_1_11_12_k4_d33	best_codes/collected/SmallGroup_15_1__AAp10_0_0_1_11_13_13_BBp15_0_0_1_1_11_12_k4_d33
SmallGroup_15_1__AAp10_0_0_1_11_13_13_BBp15_0_0_1_1_11_12_k4_d31	SmallGroup_15_1_	540	4	31	200000	dist-m4ri	p10_0_0_1_11_13_13	p15_0_0_1_1_11_12	results/progressive_SmallGroup_15_1_20260126T100245Z	results/progressive_SmallGroup_15_1_20260126T100245Z/best_codes/SmallGroup_15_1__AAp10_0_0_1_11_13_13_BBp15_0_0_1_1_11_12_k4_d31	best_codes/collected/SmallGroup_15_1__AAp10_0_0_1_11_13_13_BBp15_0_0_1_1_11_12_k4_d31
SmallGroup_15_1__AAp10_0_0_1_11_13_13_BBp15_0_0_1_1_11_12_k4_d28	SmallGroup_15_1_	540	4	28	600000	dist-m4ri	p10_0_0_1_11_13_13	p15_0_0_1_1_11_12	results/progressive_SmallGroup_15_1_20260126T101555Z	results/progressive_SmallGroup_15_1_20260126T101555Z/best_codes/SmallGroup_15_1__AAp10_0_0_1_11_13_13_BBp15_0_0_1_1_11_12_k4_d28	best_codes/collected/SmallGroup_15_1__AAp10_0_0_1_11_13_13_BBp15_0_0_1_1_11_12_k4_d28
SmallGroup_15_1__AAp10_0_0_1_11_13_13_BBp11_0_0_1_1_2_4_k4_d24	SmallGroup_15_1_	540	4	24	600000	dist-m4ri	p10_0_0_1_11_13_13	p11_0_0_1_1_2_4	results/progressive_SmallGroup_15_1_20260126T101555Z	results/progressive_SmallGroup_15_1_20260126T101555Z/best_codes/SmallGroup_15_1__AAp10_0_0_1_11_13_13_BBp11_0_0_1_1_2_4_k4_d24	best_codes/collected/SmallGroup_15_1__AAp10_0_0_1_11_13_13_BBp11_0_0_1_1_2_4_k4_d24
SmallGroup_15_1__AAp10_0_0_1_11_13_13_BBp10_0_0_1_2_4_4_k4_d22	SmallGroup_15_1_	540	4	22	600000	dist-m4ri	p10_0_0_1_11_13_13	p10_0_0_1_2_4_4	results/progressive_SmallGroup_15_1_20260126T101555Z	results/progressive_SmallGroup_15_1_20260126T101555Z/best_codes/SmallGroup_15_1__AAp10_0_0_1_11_13_13_BBp10_0_0_1_2_4_4_k4_d22	best_codes/collected/SmallGroup_15_1__AAp10_0_0_1_11_13_13_BBp10_0_0_1_2_4_4_k4_d22
SmallGroup_15_1__AAp11_0_6_7_7_12_13_BBp15_0_0_1_7_9_11_k6_d46	SmallGroup_15_1_	540	6	46	600000	dist-m4ri	p11_0_6_7_7_12_13	p15_0_0_1_7_9_11	results/progressive_SmallGroup_15_1_20260126T101555Z	results/progressive_SmallGroup_15_1_20260126T101555Z/best_codes/SmallGroup_15_1__AAp11_0_6_7_7_12_13_BBp15_0_0_1_7_9_11_k6_d46	best_codes/collected/SmallGroup_15_1__AAp11_0_6_7_7_12_13_BBp15_0_0_1_7_9_11_k6_d46
SmallGroup_15_1__AAp12_0_3_7_10_10_11_BBp27_0_1_8_9_14_14_k6_d43	SmallGroup_15_1_	540	6	43	600000	dist-m4ri	p12_0_3_7_10_10_11	p27_0_1_8_9_14_14	results/progressive_SmallGroup_15_1_20260126T101555Z	results/progressive_SmallGroup_15_1_20260126T101555Z/best_codes/SmallGroup_15_1__AAp12_0_3_7_10_10_11_BBp27_0_1_8_9_14_14_k6_d43	best_codes/collected/SmallGroup_15_1__AAp12_0_3_7_10_10_11_BBp27_0_1_8_9_14_14_k6_d43
SmallGroup_15_1__AAp11_0_4_5_5_10_14_BBp27_0_1_2_6_9_9_k6_d42	SmallGroup_15_1_	540	6	42	600000	dist-m4ri	p11_0_4_5_5_10_14	p27_0_1_2_6_9_9	results/progressive_SmallGroup_15_1_20260126T101555Z	results/progressive_SmallGroup_15_1_20260126T101555Z/best_codes/SmallGroup_15_1__AAp11_0_4_5_5_10_14_BBp27_0_1_2_6_9_9_k6_d42	best_codes/collected/SmallGroup_15_1__AAp11_0_4_5_5_10_14_BBp27_0_1_2_6_9_9_k6_d42
SmallGroup_15_1__AAp11_0_4_5_5_10_14_BBp11_0_0_1_1_2_4_k6_d38	SmallGroup_15_1_	540	6	38	200000	dist-m4ri	p11_0_4_5_5_10_14	p11_0_0_1_1_2_4	results/progressive_SmallGroup_15_1_20260126T100245Z	results/progressive_SmallGroup_15_1_20260126T100245Z/best_codes/SmallGroup_15_1__AAp11_0_4_5_5_10_14_BBp11_0_0_1_1_2_4_k6_d38	best_codes/collected/SmallGroup_15_1__AAp11_0_4_5_5_10_14_BBp11_0_0_1_1_2_4_k6_d38
SmallGroup_15_1__AAp11_0_4_5_5_10_14_BBp11_0_0_1_1_2_4_k6_d36	SmallGroup_15_1_	540	6	36	200000	dist-m4ri	p11_0_4_5_5_10_14	p11_0_0_1_1_2_4	results/progressive_SmallGroup_15_1_20260126T100245Z	results/progressive_SmallGroup_15_1_20260126T100245Z/best_codes/SmallGroup_15_1__AAp11_0_4_5_5_10_14_BBp11_0_0_1_1_2_4_k6_d36	best_codes/collected/SmallGroup_15_1__AAp11_0_4_5_5_10_14_BBp11_0_0_1_1_2_4_k6_d36
SmallGroup_15_1__AAp11_0_4_5_5_10_14_BBp11_0_0_1_1_2_4_k6_d35	SmallGroup_15_1_	540	6	35	200000	dist-m4ri	p11_0_4_5_5_10_14	p11_0_0_1_1_2_4	results/progressive_SmallGroup_15_1_20260126T100245Z	results/progressive_SmallGroup_15_1_20260126T100245Z/best_codes/SmallGroup_15_1__AAp11_0_4_5_5_10_14_BBp11_0_0_1_1_2_4_k6_d35	best_codes/collected/SmallGroup_15_1__AAp11_0_4_5_5_10_14_BBp11_0_0_1_1_2_4_k6_d35
SmallGroup_15_1__AAp11_0_4_5_5_10_14_BBp11_0_0_1_1_2_4_k6_d34	SmallGroup_15_1_	540	6	34	200000	dist-m4ri	p11_0_4_5_5_10_14	p11_0_0_1_1_2_4	results/progressive_SmallGroup_15_1_20260126T100245Z	results/progressive_SmallGroup_15_1_20260126T100245Z/best_codes/SmallGroup_15_1__AAp11_0_4_5_5_10_14_BBp11_0_0_1_1_2_4_k6_d34	best_codes/collected/SmallGroup_15_1__AAp11_0_4_5_5_10_14_BBp11_0_0_1_1_2_4_k6_d34
SmallGroup_15_1__AAp11_0_4_5_5_10_14_BBp11_0_0_1_1_2_4_k6_d33	SmallGroup_15_1_	540	6	33	200000	dist-m4ri	p11_0_4_5_5_10_14	p11_0_0_1_1_2_4	results/progressive_SmallGroup_15_1_20260126T100245Z	results/progressive_SmallGroup_15_1_20260126T100245Z/best_codes/SmallGroup_15_1__AAp11_0_4_5_5_10_14_BBp11_0_0_1_1_2_4_k6_d33	best_codes/collected/SmallGroup_15_1__AAp11_0_4_5_5_10_14_BBp11_0_0_1_1_2_4_k6_d33
SmallGroup_15_1__AAp11_0_4_5_5_10_14_BBp11_0_0_1_1_2_4_k6_d32	SmallGroup_15_1_	540	6	32	200000	dist-m4ri	p11_0_4_5_5_10_14	p11_0_0_1_1_2_4	results/progressive_SmallGroup_15_1_20260126T100245Z	results/progressive_SmallGroup_15_1_20260126T100245Z/best_codes/SmallGroup_15_1__AAp11_0_4_5_5_10_14_BBp11_0_0_1_1_2_4_k6_d32	best_codes/collected/SmallGroup_15_1__AAp11_0_4_5_5_10_14_BBp11_0_0_1_1_2_4_k6_d32
SmallGroup_15_1__AAp11_0_4_5_5_10_14_BBp11_0_0_1_1_2_4_k6_d30	SmallGroup_15_1_	540	6	30	200000	dist-m4ri	p11_0_4_5_5_10_14	p11_0_0_1_1_2_4	results/progressive_SmallGroup_15_1_20260126T100245Z	results/progressive_SmallGroup_15_1_20260126T100245Z/best_codes/SmallGroup_15_1__AAp11_0_4_5_5_10_14_BBp11_0_0_1_1_2_4_k6_d30	best_codes/collected/SmallGroup_15_1__AAp11_0_4_5_5_10_14_BBp11_0_0_1_1_2_4_k6_d30
SmallGroup_15_1__AAp11_0_0_1_1_11_13_BBp15_0_0_1_1_11_12_k6_d21	SmallGroup_15_1_	540	6	21	600000	dist-m4ri	p11_0_0_1_1_11_13	p15_0_0_1_1_11_12	results/progressive_SmallGroup_15_1_20260126T101555Z	results/progressive_SmallGroup_15_1_20260126T101555Z/best_codes/SmallGroup_15_1__AAp11_0_0_1_1_11_13_BBp15_0_0_1_1_11_12_k6_d21	best_codes/collected/SmallGroup_15_1__AAp11_0_0_1_1_11_13_BBp15_0_0_1_1_11_12_k6_d21
SmallGroup_15_1__AAp11_0_0_1_1_11_13_BBp11_0_0_1_1_2_4_k6_d18	SmallGroup_15_1_	540	6	18	600000	dist-m4ri	p11_0_0_1_1_11_13	p11_0_0_1_1_2_4	results/progressive_SmallGroup_15_1_20260126T101555Z	results/progressive_SmallGroup_15_1_20260126T101555Z/best_codes/SmallGroup_15_1__AAp11_0_0_1_1_11_13_BBp11_0_0_1_1_2_4_k6_d18	best_codes/collected/SmallGroup_15_1__AAp11_0_0_1_1_11_13_BBp11_0_0_1_1_2_4_k6_d18
SmallGroup_15_1__AAp11_0_4_5_5_10_14_BBp10_0_1_2_4_9_14_k8_d48	SmallGroup_15_1_	540	8	48	200000	dist-m4ri	p11_0_4_5_5_10_14	p10_0_1_2_4_9_14	results/progressive_SmallGroup_15_1_20260126T100245Z	results/progressive_SmallGroup_15_1_20260126T100245Z/best_codes/SmallGroup_15_1__AAp11_0_4_5_5_10_14_BBp10_0_1_2_4_9_14_k8_d48	best_codes/collected/SmallGroup_15_1__AAp11_0_4_5_5_10_14_BBp10_0_1_2_4_9_14_k8_d48
SmallGroup_15_1__AAp17_0_4_7_9_13_14_BBp10_0_1_2_4_9_14_k8_d46	SmallGroup_15_1_	540	8	46	600000	dist-m4ri	p17_0_4_7_9_13_14	p10_0_1_2_4_9_14	results/progressive_SmallGroup_15_1_20260126T101555Z	results/progressive_SmallGroup_15_1_20260126T101555Z/best_codes/SmallGroup_15_1__AAp17_0_4_7_9_13_14_BBp10_0_1_2_4_9_14_k8_d46	best_codes/collected/SmallGroup_15_1__AAp17_0_4_7_9_13_14_BBp10_0_1_2_4_9_14_k8_d46
SmallGroup_15_1__AAp11_0_4_5_5_10_14_BBp10_0_1_2_4_9_14_k8_d45	SmallGroup_15_1_	540	8	45	200000	dist-m4ri	p11_0_4_5_5_10_14	p10_0_1_2_4_9_14	results/progressive_SmallGroup_15_1_20260126T100245Z	results/progressive_SmallGroup_15_1_20260126T100245Z/best_codes/SmallGroup_15_1__AAp11_0_4_5_5_10_14_BBp10_0_1_2_4_9_14_k8_d45	best_codes/collected/SmallGroup_15_1__AAp11_0_4_5_5_10_14_BBp10_0_1_2_4_9_14_k8_d45
SmallGroup_15_1__AAp11_0_4_5_5_10_14_BBp10_0_1_2_4_9_14_k8_d43	SmallGroup_15_1_	540	8	43	200000	dist-m4ri	p11_0_4_5_5_10_14	p10_0_1_2_4_9_14	results/progressive_SmallGroup_15_1_20260126T100245Z	results/progressive_SmallGroup_15_1_20260126T100245Z/best_codes/SmallGroup_15_1__AAp11_0_4_5_5_10_14_BBp10_0_1_2_4_9_14_k8_d43	best_codes/collected/SmallGroup_15_1__AAp11_0_4_5_5_10_14_BBp10_0_1_2_4_9_14_k8_d43
SmallGroup_15_1__AAp17_0_0_5_6_7_8_BBp19_0_1_6_7_11_14_k8_d43	SmallGroup_15_1_	540	8	43	600000	dist-m4ri	p17_0_0_5_6_7_8	p19_0_1_6_7_11_14	results/progressive_SmallGroup_15_1_20260126T101555Z	results/progressive_SmallGroup_15_1_20260126T101555Z/best_codes/SmallGroup_15_1__AAp17_0_0_5_6_7_8_BBp19_0_1_6_7_11_14_k8_d43	best_codes/collected/SmallGroup_15_1__AAp17_0_0_5_6_7_8_BBp19_0_1_6_7_11_14_k8_d43
SmallGroup_15_1__AAp10_0_0_1_2_9_11_BBp0_0_1_5_5_9_10_k8_d40	SmallGroup_15_1_	540	8	40	600000	dist-m4ri	p10_0_0_1_2_9_11	p0_0_1_5_5_9_10	results/progressive_SmallGroup_15_1_20260126T101555Z	results/progressive_SmallGroup_15_1_20260126T101555Z/best_codes/SmallGroup_15_1__AAp10_0_0_1_2_9_11_BBp0_0_1_5_5_9_10_k8_d40	best_codes/collected/SmallGroup_15_1__AAp10_0_0_1_2_9_11_BBp0_0_1_5_5_9_10_k8_d40
SmallGroup_15_1__AAp10_0_3_4_10_11_14_BBp15_0_0_1_10_10_14_k8_d39	SmallGroup_15_1_	540	8	39	600000	dist-m4ri	p10_0_3_4_10_11_14	p15_0_0_1_10_10_14	results/progressive_SmallGroup_15_1_20260126T101555Z	results/progressive_SmallGroup_15_1_20260126T101555Z/best_codes/SmallGroup_15_1__AAp10_0_3_4_10_11_14_BBp15_0_0_1_10_10_14_k8_d39	best_codes/collected/SmallGroup_15_1__AAp10_0_3_4_10_11_14_BBp15_0_0_1_10_10_14_k8_d39
SmallGroup_15_1__AAp11_0_4_5_5_10_14_BBp10_0_1_2_4_9_14_k8_d39	SmallGroup_15_1_	540	8	39	200000	dist-m4ri	p11_0_4_5_5_10_14	p10_0_1_2_4_9_14	results/progressive_SmallGroup_15_1_20260126T100245Z	results/progressive_SmallGroup_15_1_20260126T100245Z/best_codes/SmallGroup_15_1__AAp11_0_4_5_5_10_14_BBp10_0_1_2_4_9_14_k8_d39	best_codes/collected/SmallGroup_15_1__AAp11_0_4_5_5_10_14_BBp10_0_1_2_4_9_14_k8_d39
SmallGroup_15_1__AAp11_0_4_5_5_10_14_BBp10_0_1_2_4_9_14_k8_d37	SmallGroup_15_1_	540	8	37	200000	dist-m4ri	p11_0_4_5_5_10_14	p10_0_1_2_4_9_14	results/progressive_SmallGroup_15_1_20260126T100245Z	results/progressive_SmallGroup_15_1_20260126T100245Z/best_codes/SmallGroup_15_1__AAp11_0_4_5_5_10_14_BBp10_0_1_2_4_9_14_k8_d37	best_codes/collected/SmallGroup_15_1__AAp11_0_4_5_5_10_14_BBp10_0_1_2_4_9_14_k8_d37
SmallGroup_15_1__AAp11_0_4_5_5_10_14_BBp10_0_1_2_4_9_14_k8_d36	SmallGroup_15_1_	540	8	36	600000	dist-m4ri	p11_0_4_5_5_10_14	p10_0_1_2_4_9_14	results/progressive_SmallGroup_15_1_20260126T101555Z	results/progressive_SmallGroup_15_1_20260126T101555Z/best_codes/SmallGroup_15_1__AAp11_0_4_5_5_10_14_BBp10_0_1_2_4_9_14_k8_d36	best_codes/collected/SmallGroup_15_1__AAp11_0_4_5_5_10_14_BBp10_0_1_2_4_9_14_k8_d36
SmallGroup_15_1__AAp10_0_1_6_6_7_14_BBp10_0_1_2_4_9_14_k8_d23	SmallGroup_15_1_	540	8	23	600000	dist-m4ri	p10_0_1_6_6_7_14	p10_0_1_2_4_9_14	results/progressive_SmallGroup_15_1_20260126T101555Z	results/progressive_SmallGroup_15_1_20260126T101555Z/best_codes/SmallGroup_15_1__AAp10_0_1_6_6_7_14_BBp10_0_1_2_4_9_14_k8_d23	best_codes/collected/SmallGroup_15_1__AAp10_0_1_6_6_7_14_BBp10_0_1_2_4_9_14_k8_d23
SmallGroup_15_1__AAp11_0_4_5_5_10_14_BBp27_0_1_4_6_7_10_k10_d39	SmallGroup_15_1_	540	10	39	600000	dist-m4ri	p11_0_4_5_5_10_14	p27_0_1_4_6_7_10	results/progressive_SmallGroup_15_1_20260126T101555Z	results/progressive_SmallGroup_15_1_20260126T101555Z/best_codes/SmallGroup_15_1__AAp11_0_4_5_5_10_14_BBp27_0_1_4_6_7_10_k10_d39	best_codes/collected/SmallGroup_15_1__AAp11_0_4_5_5_10_14_BBp27_0_1_4_6_7_10_k10_d39
SmallGroup_15_1__AAp15_0_0_1_9_10_12_BBp19_0_1_6_7_11_14_k10_d37	SmallGroup_15_1_	540	10	37	600000	dist-m4ri	p15_0_0_1_9_10_12	p19_0_1_6_7_11_14	results/progressive_SmallGroup_15_1_20260126T101555Z	results/progressive_SmallGroup_15_1_20260126T101555Z/best_codes/SmallGroup_15_1__AAp15_0_0_1_9_10_12_BBp19_0_1_6_7_11_14_k10_d37	best_codes/collected/SmallGroup_15_1__AAp15_0_0_1_9_10_12_BBp19_0_1_6_7_11_14_k10_d37
SmallGroup_15_1__AAp15_0_0_1_2_5_13_BBp19_0_1_6_7_11_14_k10_d35	SmallGroup_15_1_	540	10	35	600000	dist-m4ri	p15_0_0_1_2_5_13	p19_0_1_6_7_11_14	results/progressive_SmallGroup_15_1_20260126T101555Z	results/progressive_SmallGroup_15_1_20260126T101555Z/best_codes/SmallGroup_15_1__AAp15_0_0_1_2_5_13_BBp19_0_1_6_7_11_14_k10_d35	best_codes/collected/SmallGroup_15_1__AAp15_0_0_1_2_5_13_BBp19_0_1_6_7_11_14_k10_d35
SmallGroup_15_1__AAp19_0_1_4_8_12_14_BBp27_0_4_4_9_9_10_k10_d32	SmallGroup_15_1_	540	10	32	600000	dist-m4ri	p19_0_1_4_8_12_14	p27_0_4_4_9_9_10	results/progressive_SmallGroup_15_1_20260126T101555Z	results/progressive_SmallGroup_15_1_20260126T101555Z/best_codes/SmallGroup_15_1__AAp19_0_1_4_8_12_14_BBp27_0_4_4_9_9_10_k10_d32	best_codes/collected/SmallGroup_15_1__AAp19_0_1_4_8_12_14_BBp27_0_4_4_9_9_10_k10_d32
SmallGroup_15_1__AAp15_0_3_5_6_7_10_BBp27_0_4_4_9_9_10_k10_d31	SmallGroup_15_1_	540	10	31	600000	dist-m4ri	p15_0_3_5_6_7_10	p27_0_4_4_9_9_10	results/progressive_SmallGroup_15_1_20260126T101555Z	results/progressive_SmallGroup_15_1_20260126T101555Z/best_codes/SmallGroup_15_1__AAp15_0_3_5_6_7_10_BBp27_0_4_4_9_9_10_k10_d31	best_codes/collected/SmallGroup_15_1__AAp15_0_3_5_6_7_10_BBp27_0_4_4_9_9_10_k10_d31
SmallGroup_15_1__AAp11_0_4_5_5_10_14_BBp11_0_0_1_1_4_8_k10_d28	SmallGroup_15_1_	540	10	28	600000	dist-m4ri	p11_0_4_5_5_10_14	p11_0_0_1_1_4_8	results/progressive_SmallGroup_15_1_20260126T101555Z	results/progressive_SmallGroup_15_1_20260126T101555Z/best_codes/SmallGroup_15_1__AAp11_0_4_5_5_10_14_BBp11_0_0_1_1_4_8_k10_d28	best_codes/collected/SmallGroup_15_1__AAp11_0_4_5_5_10_14_BBp11_0_0_1_1_4_8_k10_d28
SmallGroup_15_1__AAp15_0_0_1_11_11_14_BBp15_0_0_1_10_10_14_k10_d24	SmallGroup_15_1_	540	10	24	600000	dist-m4ri	p15_0_0_1_11_11_14	p15_0_0_1_10_10_14	results/progressive_SmallGroup_15_1_20260126T101555Z	results/progressive_SmallGroup_15_1_20260126T101555Z/best_codes/SmallGroup_15_1__AAp15_0_0_1_11_11_14_BBp15_0_0_1_10_10_14_k10_d24	best_codes/collected/SmallGroup_15_1__AAp15_0_0_1_11_11_14_BBp15_0_0_1_10_10_14_k10_d24
SmallGroup_15_1__AAp8_0_1_2_4_5_14_BBp15_0_0_1_1_8_11_k10_d21	SmallGroup_15_1_	540	10	21	600000	dist-m4ri	p8_0_1_2_4_5_14	p15_0_0_1_1_8_11	results/progressive_SmallGroup_15_1_20260126T101555Z	results/progressive_SmallGroup_15_1_20260126T101555Z/best_codes/SmallGroup_15_1__AAp8_0_1_2_4_5_14_BBp15_0_0_1_1_8_11_k10_d21	best_codes/collected/SmallGroup_15_1__AAp8_0_1_2_4_5_14_BBp15_0_0_1_1_8_11_k10_d21
SmallGroup_15_1__AAp8_0_1_2_4_5_14_BBp0_0_3_4_5_6_13_k10_d20	SmallGroup_15_1_	540	10	20	600000	dist-m4ri	p8_0_1_2_4_5_14	p0_0_3_4_5_6_13	results/progressive_SmallGroup_15_1_20260126T101555Z	results/progressive_SmallGroup_15_1_20260126T101555Z/best_codes/SmallGroup_15_1__AAp8_0_1_2_4_5_14_BBp0_0_3_4_5_6_13_k10_d20	best_codes/collected/SmallGroup_15_1__AAp8_0_1_2_4_5_14_BBp0_0_3_4_5_6_13_k10_d20
SmallGroup_15_1__AAp11_0_4_5_5_10_14_BBp0_0_3_4_5_6_13_k10_d18	SmallGroup_15_1_	540	10	18	600000	dist-m4ri	p11_0_4_5_5_10_14	p0_0_3_4_5_6_13	results/progressive_SmallGroup_15_1_20260126T101555Z	results/progressive_SmallGroup_15_1_20260126T101555Z/best_codes/SmallGroup_15_1__AAp11_0_4_5_5_10_14_BBp0_0_3_4_5_6_13_k10_d18	best_codes/collected/SmallGroup_15_1__AAp11_0_4_5_5_10_14_BBp0_0_3_4_5_6_13_k10_d18
SmallGroup_15_1__AAp11_0_0_1_1_11_13_BBp0_0_3_4_5_6_13_k10_d16	SmallGroup_15_1_	540	10	16	600000	dist-m4ri	p11_0_0_1_1_11_13	p0_0_3_4_5_6_13	results/progressive_SmallGroup_15_1_20260126T101555Z	results/progressive_SmallGroup_15_1_20260126T101555Z/best_codes/SmallGroup_15_1__AAp11_0_0_1_1_11_13_BBp0_0_3_4_5_6_13_k10_d16	best_codes/collected/SmallGroup_15_1__AAp11_0_0_1_1_11_13_BBp0_0_3_4_5_6_13_k10_d16
SmallGroup_15_1__AAp10_0_2_3_5_6_9_BBp15_0_0_1_10_10_14_k12_d37	SmallGroup_15_1_	540	12	37	600000	dist-m4ri	p10_0_2_3_5_6_9	p15_0_0_1_10_10_14	results/progressive_SmallGroup_15_1_20260126T101555Z	results/progressive_SmallGroup_15_1_20260126T101555Z/best_codes/SmallGroup_15_1__AAp10_0_2_3_5_6_9_BBp15_0_0_1_10_10_14_k12_d37	best_codes/collected/SmallGroup_15_1__AAp10_0_2_3_5_6_9_BBp15_0_0_1_10_10_14_k12_d37
SmallGroup_15_1__AAp11_0_4_5_5_10_14_BBp6_0_1_2_3_11_11_k12_d35	SmallGroup_15_1_	540	12	35	600000	dist-m4ri	p11_0_4_5_5_10_14	p6_0_1_2_3_11_11	results/progressive_SmallGroup_15_1_20260126T101555Z	results/progressive_SmallGroup_15_1_20260126T101555Z/best_codes/SmallGroup_15_1__AAp11_0_4_5_5_10_14_BBp6_0_1_2_3_11_11_k12_d35	best_codes/collected/SmallGroup_15_1__AAp11_0_4_5_5_10_14_BBp6_0_1_2_3_11_11_k12_d35
SmallGroup_15_1__AAp12_0_6_7_7_10_11_BBp10_0_0_1_4_4_8_k12_d30	SmallGroup_15_1_	540	12	30	600000	dist-m4ri	p12_0_6_7_7_10_11	p10_0_0_1_4_4_8	results/progressive_SmallGroup_15_1_20260126T101555Z	results/progressive_SmallGroup_15_1_20260126T101555Z/best_codes/SmallGroup_15_1__AAp12_0_6_7_7_10_11_BBp10_0_0_1_4_4_8_k12_d30	best_codes/collected/SmallGroup_15_1__AAp12_0_6_7_7_10_11_BBp10_0_0_1_4_4_8_k12_d30
SmallGroup_15_1__AAp12_0_3_7_10_10_11_BBp10_0_0_1_4_4_8_k12_d29	SmallGroup_15_1_	540	12	29	600000	dist-m4ri	p12_0_3_7_10_10_11	p10_0_0_1_4_4_8	results/progressive_SmallGroup_15_1_20260126T101555Z	results/progressive_SmallGroup_15_1_20260126T101555Z/best_codes/SmallGroup_15_1__AAp12_0_3_7_10_10_11_BBp10_0_0_1_4_4_8_k12_d29	best_codes/collected/SmallGroup_15_1__AAp12_0_3_7_10_10_11_BBp10_0_0_1_4_4_8_k12_d29
SmallGroup_15_1__AAp11_0_6_7_7_12_13_BBp10_0_0_1_4_4_8_k12_d27	SmallGroup_15_1_	540	12	27	600000	dist-m4ri	p11_0_6_7_7_12_13	p10_0_0_1_4_4_8	results/progressive_SmallGroup_15_1_20260126T101555Z	results/progressive_SmallGroup_15_1_20260126T101555Z/best_codes/SmallGroup_15_1__AAp11_0_6_7_7_12_13_BBp10_0_0_1_4_4_8_k12_d27	best_codes/collected/SmallGroup_15_1__AAp11_0_6_7_7_12_13_BBp10_0_0_1_4_4_8_k12_d27
SmallGroup_15_1__AAp6_0_1_12_12_13_14_BBp19_0_1_6_7_11_14_k12_d24	SmallGroup_15_1_	540	12	24	600000	dist-m4ri	p6_0_1_12_12_13_14	p19_0_1_6_7_11_14	results/progressive_SmallGroup_15_1_20260126T101555Z	results/progressive_SmallGroup_15_1_20260126T101555Z/best_codes/SmallGroup_15_1__AAp6_0_1_12_12_13_14_BBp19_0_1_6_7_11_14_k12_d24	best_codes/collected/SmallGroup_15_1__AAp6_0_1_12_12_13_14_BBp19_0_1_6_7_11_14_k12_d24
SmallGroup_15_1__AAp0_0_1_2_2_6_13_BBp6_0_1_1_6_9_11_k12_d23	SmallGroup_15_1_	540	12	23	600000	dist-m4ri	p0_0_1_2_2_6_13	p6_0_1_1_6_9_11	results/progressive_SmallGroup_15_1_20260126T101555Z	results/progressive_SmallGroup_15_1_20260126T101555Z/best_codes/SmallGroup_15_1__AAp0_0_1_2_2_6_13_BBp6_0_1_1_6_9_11_k12_d23	best_codes/collected/SmallGroup_15_1__AAp0_0_1_2_2_6_13_BBp6_0_1_1_6_9_11_k12_d23
SmallGroup_15_1__AAp2_0_3_4_4_11_14_BBp15_0_0_1_1_11_12_k12_d21	SmallGroup_15_1_	540	12	21	600000	dist-m4ri	p2_0_3_4_4_11_14	p15_0_0_1_1_11_12	results/progressive_SmallGroup_15_1_20260126T101555Z	results/progressive_SmallGroup_15_1_20260126T101555Z/best_codes/SmallGroup_15_1__AAp2_0_3_4_4_11_14_BBp15_0_0_1_1_11_12_k12_d21	best_codes/collected/SmallGroup_15_1__AAp2_0_3_4_4_11_14_BBp15_0_0_1_1_11_12_k12_d21
SmallGroup_15_1__AAp11_0_4_9_9_10_14_BBp27_0_1_2_9_14_14_k14_d31	SmallGroup_15_1_	540	14	31	600000	dist-m4ri	p11_0_4_9_9_10_14	p27_0_1_2_9_14_14	results/progressive_SmallGroup_15_1_20260126T101555Z	results/progressive_SmallGroup_15_1_20260126T101555Z/best_codes/SmallGroup_15_1__AAp11_0_4_9_9_10_14_BBp27_0_1_2_9_14_14_k14_d31	best_codes/collected/SmallGroup_15_1__AAp11_0_4_9_9_10_14_BBp27_0_1_2_9_14_14_k14_d31
SmallGroup_15_1__AAp11_0_4_5_5_10_14_BBp27_0_1_2_9_14_14_k14_d29	SmallGroup_15_1_	540	14	29	600000	dist-m4ri	p11_0_4_5_5_10_14	p27_0_1_2_9_14_14	results/progressive_SmallGroup_15_1_20260126T101555Z	results/progressive_SmallGroup_15_1_20260126T101555Z/best_codes/SmallGroup_15_1__AAp11_0_4_5_5_10_14_BBp27_0_1_2_9_14_14_k14_d29	best_codes/collected/SmallGroup_15_1__AAp11_0_4_5_5_10_14_BBp27_0_1_2_9_14_14_k14_d29
SmallGroup_15_1__AAp11_0_6_7_7_12_13_BBp0_0_1_5_5_9_10_k14_d24	SmallGroup_15_1_	540	14	24	600000	dist-m4ri	p11_0_6_7_7_12_13	p0_0_1_5_5_9_10	results/progressive_SmallGroup_15_1_20260126T101555Z	results/progressive_SmallGroup_15_1_20260126T101555Z/best_codes/SmallGroup_15_1__AAp11_0_6_7_7_12_13_BBp0_0_1_5_5_9_10_k14_d24	best_codes/collected/SmallGroup_15_1__AAp11_0_6_7_7_12_13_BBp0_0_1_5_5_9_10_k14_d24
SmallGroup_15_1__AAp8_0_1_2_4_5_14_BBp15_0_0_1_1_11_12_k14_d21	SmallGroup_15_1_	540	14	21	600000	dist-m4ri	p8_0_1_2_4_5_14	p15_0_0_1_1_11_12	results/progressive_SmallGroup_15_1_20260126T101555Z	results/progressive_SmallGroup_15_1_20260126T101555Z/best_codes/SmallGroup_15_1__AAp8_0_1_2_4_5_14_BBp15_0_0_1_1_11_12_k14_d21	best_codes/collected/SmallGroup_15_1__AAp8_0_1_2_4_5_14_BBp15_0_0_1_1_11_12_k14_d21
SmallGroup_15_1__AAp10_0_3_4_10_11_14_BBp27_0_4_5_5_10_12_k16_d35	SmallGroup_15_1_	540	16	35	600000	dist-m4ri	p10_0_3_4_10_11_14	p27_0_4_5_5_10_12	results/progressive_SmallGroup_15_1_20260126T101555Z	results/progressive_SmallGroup_15_1_20260126T101555Z/best_codes/SmallGroup_15_1__AAp10_0_3_4_10_11_14_BBp27_0_4_5_5_10_12_k16_d35	best_codes/collected/SmallGroup_15_1__AAp10_0_3_4_10_11_14_BBp27_0_4_5_5_10_12_k16_d35
SmallGroup_15_1__AAp14_0_3_4_7_8_12_BBp0_0_1_2_7_9_12_k16_d31	SmallGroup_15_1_	540	16	31	600000	dist-m4ri	p14_0_3_4_7_8_12	p0_0_1_2_7_9_12	results/progressive_SmallGroup_15_1_20260126T101555Z	results/progressive_SmallGroup_15_1_20260126T101555Z/best_codes/SmallGroup_15_1__AAp14_0_3_4_7_8_12_BBp0_0_1_2_7_9_12_k16_d31	best_codes/collected/SmallGroup_15_1__AAp14_0_3_4_7_8_12_BBp0_0_1_2_7_9_12_k16_d31
SmallGroup_15_1__AAp10_0_3_4_10_11_14_BBp0_0_1_5_5_6_7_k16_d30	SmallGroup_15_1_	540	16	30	600000	dist-m4ri	p10_0_3_4_10_11_14	p0_0_1_5_5_6_7	results/progressive_SmallGroup_15_1_20260126T101555Z	results/progressive_SmallGroup_15_1_20260126T101555Z/best_codes/SmallGroup_15_1__AAp10_0_3_4_10_11_14_BBp0_0_1_5_5_6_7_k16_d30	best_codes/collected/SmallGroup_15_1__AAp10_0_3_4_10_11_14_BBp0_0_1_5_5_6_7_k16_d30
SmallGroup_15_1__AAp14_0_3_4_7_8_12_BBp0_0_1_5_5_9_10_k16_d29	SmallGroup_15_1_	540	16	29	600000	dist-m4ri	p14_0_3_4_7_8_12	p0_0_1_5_5_9_10	results/progressive_SmallGroup_15_1_20260126T101555Z	results/progressive_SmallGroup_15_1_20260126T101555Z/best_codes/SmallGroup_15_1__AAp14_0_3_4_7_8_12_BBp0_0_1_5_5_9_10_k16_d29	best_codes/collected/SmallGroup_15_1__AAp14_0_3_4_7_8_12_BBp0_0_1_5_5_9_10_k16_d29
SmallGroup_15_1__AAp10_0_3_4_10_11_14_BBp0_0_1_5_5_9_10_k16_d27	SmallGroup_15_1_	540	16	27	600000	dist-m4ri	p10_0_3_4_10_11_14	p0_0_1_5_5_9_10	results/progressive_SmallGroup_15_1_20260126T101555Z	results/progressive_SmallGroup_15_1_20260126T101555Z/best_codes/SmallGroup_15_1__AAp10_0_3_4_10_11_14_BBp0_0_1_5_5_9_10_k16_d27	best_codes/collected/SmallGroup_15_1__AAp10_0_3_4_10_11_14_BBp0_0_1_5_5_9_10_k16_d27
SmallGroup_15_1__AAp10_0_1_6_6_7_14_BBp0_0_1_5_5_9_10_k16_d25	SmallGroup_15_1_	540	16	25	600000	dist-m4ri	p10_0_1_6_6_7_14	p0_0_1_5_5_9_10	results/progressive_SmallGroup_15_1_20260126T101555Z	results/progressive_SmallGroup_15_1_20260126T101555Z/best_codes/SmallGroup_15_1__AAp10_0_1_6_6_7_14_BBp0_0_1_5_5_9_10_k16_d25	best_codes/collected/SmallGroup_15_1__AAp10_0_1_6_6_7_14_BBp0_0_1_5_5_9_10_k16_d25
SmallGroup_15_1__AAp29_0_0_4_6_8_11_BBp15_0_0_1_1_11_12_k16_d19	SmallGroup_15_1_	540	16	19	600000	dist-m4ri	p29_0_0_4_6_8_11	p15_0_0_1_1_11_12	results/progressive_SmallGroup_15_1_20260126T101555Z	results/progressive_SmallGroup_15_1_20260126T101555Z/best_codes/SmallGroup_15_1__AAp29_0_0_4_6_8_11_BBp15_0_0_1_1_11_12_k16_d19	best_codes/collected/SmallGroup_15_1__AAp29_0_0_4_6_8_11_BBp15_0_0_1_1_11_12_k16_d19
SmallGroup_15_1__AAp22_0_7_8_8_9_11_BBp15_0_0_1_1_11_12_k16_d18	SmallGroup_15_1_	540	16	18	600000	dist-m4ri	p22_0_7_8_8_9_11	p15_0_0_1_1_11_12	results/progressive_SmallGroup_15_1_20260126T101555Z	results/progressive_SmallGroup_15_1_20260126T101555Z/best_codes/SmallGroup_15_1__AAp22_0_7_8_8_9_11_BBp15_0_0_1_1_11_12_k16_d18	best_codes/collected/SmallGroup_15_1__AAp22_0_7_8_8_9_11_BBp15_0_0_1_1_11_12_k16_d18
SmallGroup_15_1__AAp19_0_1_4_8_12_14_BBp27_0_4_5_5_10_12_k18_d28	SmallGroup_15_1_	540	18	28	600000	dist-m4ri	p19_0_1_4_8_12_14	p27_0_4_5_5_10_12	results/progressive_SmallGroup_15_1_20260126T101555Z	results/progressive_SmallGroup_15_1_20260126T101555Z/best_codes/SmallGroup_15_1__AAp19_0_1_4_8_12_14_BBp27_0_4_5_5_10_12_k18_d28	best_codes/collected/SmallGroup_15_1__AAp19_0_1_4_8_12_14_BBp27_0_4_5_5_10_12_k18_d28
SmallGroup_15_1__AAp15_0_3_5_6_7_10_BBp27_0_4_5_5_10_12_k18_d27	SmallGroup_15_1_	540	18	27	600000	dist-m4ri	p15_0_3_5_6_7_10	p27_0_4_5_5_10_12	results/progressive_SmallGroup_15_1_20260126T101555Z	results/progressive_SmallGroup_15_1_20260126T101555Z/best_codes/SmallGroup_15_1__AAp15_0_3_5_6_7_10_BBp27_0_4_5_5_10_12_k18_d27	best_codes/collected/SmallGroup_15_1__AAp15_0_3_5_6_7_10_BBp27_0_4_5_5_10_12_k18_d27
SmallGroup_15_1__AAp0_0_1_2_2_7_11_BBp27_0_1_2_9_14_14_k18_d18	SmallGroup_15_1_	540	18	18	600000	dist-m4ri	p0_0_1_2_2_7_11	p27_0_1_2_9_14_14	results/progressive_SmallGroup_15_1_20260126T101555Z	results/progressive_SmallGroup_15_1_20260126T101555Z/best_codes/SmallGroup_15_1__AAp0_0_1_2_2_7_11_BBp27_0_1_2_9_14_14_k18_d18	best_codes/collected/SmallGroup_15_1__AAp0_0_1_2_2_7_11_BBp27_0_1_2_9_14_14_k18_d18
SmallGroup_15_1__AAp6_0_1_2_12_13_14_BBp8_0_0_2_10_12_14_k20_d24	SmallGroup_15_1_	540	20	24	600000	dist-m4ri	p6_0_1_2_12_13_14	p8_0_0_2_10_12_14	results/progressive_SmallGroup_15_1_20260126T101555Z	results/progressive_SmallGroup_15_1_20260126T101555Z/best_codes/SmallGroup_15_1__AAp6_0_1_2_12_13_14_BBp8_0_0_2_10_12_14_k20_d24	best_codes/collected/SmallGroup_15_1__AAp6_0_1_2_12_13_14_BBp8_0_0_2_10_12_14_k20_d24
SmallGroup_15_1__AAp6_0_1_5_7_11_13_BBp15_0_0_1_11_12_12_k20_d22	SmallGroup_15_1_	540	20	22	600000	dist-m4ri	p6_0_1_5_7_11_13	p15_0_0_1_11_12_12	results/progressive_SmallGroup_15_1_20260126T101555Z	results/progressive_SmallGroup_15_1_20260126T101555Z/best_codes/SmallGroup_15_1__AAp6_0_1_5_7_11_13_BBp15_0_0_1_11_12_12_k20_d22	best_codes/collected/SmallGroup_15_1__AAp6_0_1_5_7_11_13_BBp15_0_0_1_11_12_12_k20_d22
SmallGroup_15_1__AAp6_0_1_2_12_13_14_BBp11_0_0_1_1_4_8_k20_d19	SmallGroup_15_1_	540	20	19	600000	dist-m4ri	p6_0_1_2_12_13_14	p11_0_0_1_1_4_8	results/progressive_SmallGroup_15_1_20260126T101555Z	results/progressive_SmallGroup_15_1_20260126T101555Z/best_codes/SmallGroup_15_1__AAp6_0_1_2_12_13_14_BBp11_0_0_1_1_4_8_k20_d19	best_codes/collected/SmallGroup_15_1__AAp6_0_1_2_12_13_14_BBp11_0_0_1_1_4_8_k20_d19
SmallGroup_15_1__AAp6_0_7_8_8_9_11_BBp0_0_3_4_5_6_13_k20_d18	SmallGroup_15_1_	540	20	18	600000	dist-m4ri	p6_0_7_8_8_9_11	p0_0_3_4_5_6_13	results/progressive_SmallGroup_15_1_20260126T101555Z	results/progressive_SmallGroup_15_1_20260126T101555Z/best_codes/SmallGroup_15_1__AAp6_0_7_8_8_9_11_BBp0_0_3_4_5_6_13_k20_d18	best_codes/collected/SmallGroup_15_1__AAp6_0_7_8_8_9_11_BBp0_0_3_4_5_6_13_k20_d18
SmallGroup_15_1__AAp27_0_1_6_6_7_12_BBp0_0_1_5_5_9_10_k22_d25	SmallGroup_15_1_	540	22	25	600000	dist-m4ri	p27_0_1_6_6_7_12	p0_0_1_5_5_9_10	results/progressive_SmallGroup_15_1_20260126T101555Z	results/progressive_SmallGroup_15_1_20260126T101555Z/best_codes/SmallGroup_15_1__AAp27_0_1_6_6_7_12_BBp0_0_1_5_5_9_10_k22_d25	best_codes/collected/SmallGroup_15_1__AAp27_0_1_6_6_7_12_BBp0_0_1_5_5_9_10_k22_d25
SmallGroup_15_1__AAp27_0_2_3_3_4_12_BBp0_0_1_5_5_9_10_k22_d23	SmallGroup_15_1_	540	22	23	600000	dist-m4ri	p27_0_2_3_3_4_12	p0_0_1_5_5_9_10	results/progressive_SmallGroup_15_1_20260126T101555Z	results/progressive_SmallGroup_15_1_20260126T101555Z/best_codes/SmallGroup_15_1__AAp27_0_2_3_3_4_12_BBp0_0_1_5_5_9_10_k22_d23	best_codes/collected/SmallGroup_15_1__AAp27_0_2_3_3_4_12_BBp0_0_1_5_5_9_10_k22_d23
SmallGroup_15_1__AAp27_0_1_12_12_13_14_BBp0_0_1_5_5_9_10_k22_d18	SmallGroup_15_1_	540	22	18	600000	dist-m4ri	p27_0_1_12_12_13_14	p0_0_1_5_5_9_10	results/progressive_SmallGroup_15_1_20260126T101555Z	results/progressive_SmallGroup_15_1_20260126T101555Z/best_codes/SmallGroup_15_1__AAp27_0_1_12_12_13_14_BBp0_0_1_5_5_9_10_k22_d18	best_codes/collected/SmallGroup_15_1__AAp27_0_1_12_12_13_14_BBp0_0_1_5_5_9_10_k22_d18
SmallGroup_15_1__AAp6_0_1_5_7_11_13_BBp6_0_1_2_3_11_11_k24_d21	SmallGroup_15_1_	540	24	21	600000	dist-m4ri	p6_0_1_5_7_11_13	p6_0_1_2_3_11_11	results/progressive_SmallGroup_15_1_20260126T101555Z	results/progressive_SmallGroup_15_1_20260126T101555Z/best_codes/SmallGroup_15_1__AAp6_0_1_5_7_11_13_BBp6_0_1_2_3_11_11_k24_d21	best_codes/collected/SmallGroup_15_1__AAp6_0_1_5_7_11_13_BBp6_0_1_2_3_11_11_k24_d21
SmallGroup_15_1__AAp6_0_1_2_12_13_14_BBp6_0_2_9_10_10_14_k24_d19	SmallGroup_15_1_	540	24	19	600000	dist-m4ri	p6_0_1_2_12_13_14	p6_0_2_9_10_10_14	results/progressive_SmallGroup_15_1_20260126T101555Z	results/progressive_SmallGroup_15_1_20260126T101555Z/best_codes/SmallGroup_15_1__AAp6_0_1_2_12_13_14_BBp6_0_2_9_10_10_14_k24_d19	best_codes/collected/SmallGroup_15_1__AAp6_0_1_2_12_13_14_BBp6_0_2_9_10_10_14_k24_d19
SmallGroup_15_1__AAp0_0_1_2_2_7_11_BBp8_0_4_5_5_6_11_k26_d20	SmallGroup_15_1_	540	26	20	600000	dist-m4ri	p0_0_1_2_2_7_11	p8_0_4_5_5_6_11	results/progressive_SmallGroup_15_1_20260126T101555Z	results/progressive_SmallGroup_15_1_20260126T101555Z/best_codes/SmallGroup_15_1__AAp0_0_1_2_2_7_11_BBp8_0_4_5_5_6_11_k26_d20	best_codes/collected/SmallGroup_15_1__AAp0_0_1_2_2_7_11_BBp8_0_4_5_5_6_11_k26_d20
SmallGroup_15_1__AAp6_0_2_4_7_9_12_BBp0_0_4_5_5_7_13_k28_d24	SmallGroup_15_1_	540	28	24	600000	dist-m4ri	p6_0_2_4_7_9_12	p0_0_4_5_5_7_13	results/progressive_SmallGroup_15_1_20260126T101555Z	results/progressive_SmallGroup_15_1_20260126T101555Z/best_codes/SmallGroup_15_1__AAp6_0_2_4_7_9_12_BBp0_0_4_5_5_7_13_k28_d24	best_codes/collected/SmallGroup_15_1__AAp6_0_2_4_7_9_12_BBp0_0_4_5_5_7_13_k28_d24
SmallGroup_15_1__AAp6_0_1_12_12_13_14_BBp0_0_4_5_5_7_13_k28_d23	SmallGroup_15_1_	540	28	23	600000	dist-m4ri	p6_0_1_12_12_13_14	p0_0_4_5_5_7_13	results/progressive_SmallGroup_15_1_20260126T101555Z	results/progressive_SmallGroup_15_1_20260126T101555Z/best_codes/SmallGroup_15_1__AAp6_0_1_12_12_13_14_BBp0_0_4_5_5_7_13_k28_d23	best_codes/collected/SmallGroup_15_1__AAp6_0_1_12_12_13_14_BBp0_0_4_5_5_7_13_k28_d23
SmallGroup_15_1__AAp6_0_1_12_12_13_14_BBp0_0_1_5_5_9_10_k28_d18	SmallGroup_15_1_	540	28	18	600000	dist-m4ri	p6_0_1_12_12_13_14	p0_0_1_5_5_9_10	results/progressive_SmallGroup_15_1_20260126T101555Z	results/progressive_SmallGroup_15_1_20260126T101555Z/best_codes/SmallGroup_15_1__AAp6_0_1_12_12_13_14_BBp0_0_1_5_5_9_10_k28_d18	best_codes/collected/SmallGroup_15_1__AAp6_0_1_12_12_13_14_BBp0_0_1_5_5_9_10_k28_d18
SmallGroup_16_1__AAp20_0_1_2_5_7_11_BBp20_0_1_5_6_8_12_k2_d63	SmallGroup_16_1_	576	2	63	1000000	dist-m4ri	p20_0_1_2_5_7_11	p20_0_1_5_6_8_12	results/progressive_SmallGroup_16_1_20260126T162940Z	results/progressive_SmallGroup_16_1_20260126T162940Z/best_codes/SmallGroup_16_1__AAp20_0_1_2_5_7_11_BBp20_0_1_5_6_8_12_k2_d63	best_codes/collected/SmallGroup_16_1__AAp20_0_1_2_5_7_11_BBp20_0_1_5_6_8_12_k2_d63
SmallGroup_16_1__AAp20_0_2_3_7_9_12_BBp11_0_1_3_9_10_13_k2_d63	SmallGroup_16_1_	576	2	63	1000000	dist-m4ri	p20_0_2_3_7_9_12	p11_0_1_3_9_10_13	results/progressive_SmallGroup_16_1_20260126T162940Z	results/progressive_SmallGroup_16_1_20260126T162940Z/best_codes/SmallGroup_16_1__AAp20_0_2_3_7_9_12_BBp11_0_1_3_9_10_13_k2_d63	best_codes/collected/SmallGroup_16_1__AAp20_0_2_3_7_9_12_BBp11_0_1_3_9_10_13_k2_d63
SmallGroup_16_1__AAp27_0_1_2_9_10_12_BBp20_0_7_11_13_14_15_k2_d63	SmallGroup_16_1_	576	2	63	1000000	dist-m4ri	p27_0_1_2_9_10_12	p20_0_7_11_13_14_15	results/progressive_SmallGroup_16_1_20260126T162940Z	results/progressive_SmallGroup_16_1_20260126T162940Z/best_codes/SmallGroup_16_1__AAp27_0_1_2_9_10_12_BBp20_0_7_11_13_14_15_k2_d63	best_codes/collected/SmallGroup_16_1__AAp27_0_1_2_9_10_12_BBp20_0_7_11_13_14_15_k2_d63
SmallGroup_16_1__AAp20_0_2_3_6_9_11_BBp11_0_1_2_7_8_9_k2_d62	SmallGroup_16_1_	576	2	62	1000000	dist-m4ri	p20_0_2_3_6_9_11	p11_0_1_2_7_8_9	results/progressive_SmallGroup_16_1_20260126T162940Z	results/progressive_SmallGroup_16_1_20260126T162940Z/best_codes/SmallGroup_16_1__AAp20_0_2_3_6_9_11_BBp11_0_1_2_7_8_9_k2_d62	best_codes/collected/SmallGroup_16_1__AAp20_0_2_3_6_9_11_BBp11_0_1_2_7_8_9_k2_d62
SmallGroup_16_1__AAp27_0_1_2_9_10_12_BBp27_0_1_3_7_10_14_k2_d62	SmallGroup_16_1_	576	2	62	1000000	dist-m4ri	p27_0_1_2_9_10_12	p27_0_1_3_7_10_14	results/progressive_SmallGroup_16_1_20260126T162940Z	results/progressive_SmallGroup_16_1_20260126T162940Z/best_codes/SmallGroup_16_1__AAp27_0_1_2_9_10_12_BBp27_0_1_3_7_10_14_k2_d62	best_codes/collected/SmallGroup_16_1__AAp27_0_1_2_9_10_12_BBp27_0_1_3_7_10_14_k2_d62
SmallGroup_16_1__AAp20_0_2_3_6_9_15_BBp20_0_1_11_13_14_15_k2_d61	SmallGroup_16_1_	576	2	61	1000000	dist-m4ri	p20_0_2_3_6_9_15	p20_0_1_11_13_14_15	results/progressive_SmallGroup_16_1_20260126T162940Z	results/progressive_SmallGroup_16_1_20260126T162940Z/best_codes/SmallGroup_16_1__AAp20_0_2_3_6_9_15_BBp20_0_1_11_13_14_15_k2_d61	best_codes/collected/SmallGroup_16_1__AAp20_0_2_3_6_9_15_BBp20_0_1_11_13_14_15_k2_d61
SmallGroup_16_1__AAp20_0_2_3_7_9_12_BBp20_0_1_5_6_8_12_k2_d61	SmallGroup_16_1_	576	2	61	1000000	dist-m4ri	p20_0_2_3_7_9_12	p20_0_1_5_6_8_12	results/progressive_SmallGroup_16_1_20260126T162940Z	results/progressive_SmallGroup_16_1_20260126T162940Z/best_codes/SmallGroup_16_1__AAp20_0_2_3_7_9_12_BBp20_0_1_5_6_8_12_k2_d61	best_codes/collected/SmallGroup_16_1__AAp20_0_2_3_7_9_12_BBp20_0_1_5_6_8_12_k2_d61
SmallGroup_16_1__AAp11_0_5_7_8_12_13_BBp20_0_1_11_13_14_15_k2_d60	SmallGroup_16_1_	576	2	60	1000000	dist-m4ri	p11_0_5_7_8_12_13	p20_0_1_11_13_14_15	results/progressive_SmallGroup_16_1_20260126T162940Z	results/progressive_SmallGroup_16_1_20260126T162940Z/best_codes/SmallGroup_16_1__AAp11_0_5_7_8_12_13_BBp20_0_1_11_13_14_15_k2_d60	best_codes/collected/SmallGroup_16_1__AAp11_0_5_7_8_12_13_BBp20_0_1_11_13_14_15_k2_d60
SmallGroup_16_1__AAp20_0_6_9_12_13_15_BBp20_0_1_3_9_10_13_k2_d60	SmallGroup_16_1_	576	2	60	1000000	dist-m4ri	p20_0_6_9_12_13_15	p20_0_1_3_9_10_13	results/progressive_SmallGroup_16_1_20260126T162940Z	results/progressive_SmallGroup_16_1_20260126T162940Z/best_codes/SmallGroup_16_1__AAp20_0_6_9_12_13_15_BBp20_0_1_3_9_10_13_k2_d60	best_codes/collected/SmallGroup_16_1__AAp20_0_6_9_12_13_15_BBp20_0_1_3_9_10_13_k2_d60
SmallGroup_16_1__AAp11_0_5_7_8_12_13_BBp20_0_1_11_13_14_15_k2_d59	SmallGroup_16_1_	576	2	59	1000000	dist-m4ri	p11_0_5_7_8_12_13	p20_0_1_11_13_14_15	results/progressive_SmallGroup_16_1_20260126T162940Z	results/progressive_SmallGroup_16_1_20260126T162940Z/best_codes/SmallGroup_16_1__AAp11_0_5_7_8_12_13_BBp20_0_1_11_13_14_15_k2_d59	best_codes/collected/SmallGroup_16_1__AAp11_0_5_7_8_12_13_BBp20_0_1_11_13_14_15_k2_d59
SmallGroup_16_1__AAp11_0_5_8_10_13_14_BBp20_0_1_5_6_8_11_k2_d59	SmallGroup_16_1_	576	2	59	1000000	dist-m4ri	p11_0_5_8_10_13_14	p20_0_1_5_6_8_11	results/progressive_SmallGroup_16_1_20260126T162940Z	results/progressive_SmallGroup_16_1_20260126T162940Z/best_codes/SmallGroup_16_1__AAp11_0_5_8_10_13_14_BBp20_0_1_5_6_8_11_k2_d59	best_codes/collected/SmallGroup_16_1__AAp11_0_5_8_10_13_14_BBp20_0_1_5_6_8_11_k2_d59
SmallGroup_16_1__AAp20_0_2_3_6_9_15_BBp11_0_1_3_9_10_13_k2_d59	SmallGroup_16_1_	576	2	59	1000000	dist-m4ri	p20_0_2_3_6_9_15	p11_0_1_3_9_10_13	results/progressive_SmallGroup_16_1_20260126T162940Z	results/progressive_SmallGroup_16_1_20260126T162940Z/best_codes/SmallGroup_16_1__AAp20_0_2_3_6_9_15_BBp11_0_1_3_9_10_13_k2_d59	best_codes/collected/SmallGroup_16_1__AAp20_0_2_3_6_9_15_BBp11_0_1_3_9_10_13_k2_d59
SmallGroup_16_1__AAp20_0_2_3_6_9_15_BBp20_0_1_11_13_14_15_k2_d59	SmallGroup_16_1_	576	2	59	1400000	dist-m4ri	p20_0_2_3_6_9_15	p20_0_1_11_13_14_15	results/progressive_SmallGroup_16_1_20260127T143136Z	results/progressive_SmallGroup_16_1_20260127T143136Z/best_codes/SmallGroup_16_1__AAp20_0_2_3_6_9_15_BBp20_0_1_11_13_14_15_k2_d59	best_codes/collected/SmallGroup_16_1__AAp20_0_2_3_6_9_15_BBp20_0_1_11_13_14_15_k2_d59
SmallGroup_16_1__AAp11_0_5_7_8_12_13_BBp20_0_1_5_6_8_12_k2_d56	SmallGroup_16_1_	576	2	56	1000000	dist-m4ri	p11_0_5_7_8_12_13	p20_0_1_5_6_8_12	results/progressive_SmallGroup_16_1_20260126T162940Z	results/progressive_SmallGroup_16_1_20260126T162940Z/best_codes/SmallGroup_16_1__AAp11_0_5_7_8_12_13_BBp20_0_1_5_6_8_12_k2_d56	best_codes/collected/SmallGroup_16_1__AAp11_0_5_7_8_12_13_BBp20_0_1_5_6_8_12_k2_d56
SmallGroup_16_1__AAp11_0_1_2_4_5_14_BBp20_0_1_5_6_8_11_k2_d55	SmallGroup_16_1_	576	2	55	1000000	dist-m4ri	p11_0_1_2_4_5_14	p20_0_1_5_6_8_11	results/progressive_SmallGroup_16_1_20260126T162940Z	results/progressive_SmallGroup_16_1_20260126T162940Z/best_codes/SmallGroup_16_1__AAp11_0_1_2_4_5_14_BBp20_0_1_5_6_8_11_k2_d55	best_codes/collected/SmallGroup_16_1__AAp11_0_1_2_4_5_14_BBp20_0_1_5_6_8_11_k2_d55
SmallGroup_16_1__AAp20_0_2_3_6_9_15_BBp20_0_1_11_13_14_15_k2_d55	SmallGroup_16_1_	576	2	55	1000000	dist-m4ri	p20_0_2_3_6_9_15	p20_0_1_11_13_14_15	results/progressive_SmallGroup_16_1_20260126T162940Z	results/progressive_SmallGroup_16_1_20260126T162940Z/best_codes/SmallGroup_16_1__AAp20_0_2_3_6_9_15_BBp20_0_1_11_13_14_15_k2_d55	best_codes/collected/SmallGroup_16_1__AAp20_0_2_3_6_9_15_BBp20_0_1_11_13_14_15_k2_d55
SmallGroup_16_1__AAp20_0_2_3_6_9_11_BBp20_0_1_11_13_14_15_k2_d54	SmallGroup_16_1_	576	2	54	1400000	dist-m4ri	p20_0_2_3_6_9_11	p20_0_1_11_13_14_15	results/progressive_SmallGroup_16_1_20260127T143136Z	results/progressive_SmallGroup_16_1_20260127T143136Z/best_codes/SmallGroup_16_1__AAp20_0_2_3_6_9_11_BBp20_0_1_11_13_14_15_k2_d54	best_codes/collected/SmallGroup_16_1__AAp20_0_2_3_6_9_11_BBp20_0_1_11_13_14_15_k2_d54
SmallGroup_16_1__AAp11_0_1_2_4_5_14_BBp11_0_1_3_9_10_13_k2_d53	SmallGroup_16_1_	576	2	53	1000000	dist-m4ri	p11_0_1_2_4_5_14	p11_0_1_3_9_10_13	results/progressive_SmallGroup_16_1_20260126T162940Z	results/progressive_SmallGroup_16_1_20260126T162940Z/best_codes/SmallGroup_16_1__AAp11_0_1_2_4_5_14_BBp11_0_1_3_9_10_13_k2_d53	best_codes/collected/SmallGroup_16_1__AAp11_0_1_2_4_5_14_BBp11_0_1_3_9_10_13_k2_d53
SmallGroup_16_1__AAp20_0_1_2_5_7_11_BBp20_0_1_5_6_8_11_k2_d53	SmallGroup_16_1_	576	2	53	1000000	dist-m4ri	p20_0_1_2_5_7_11	p20_0_1_5_6_8_11	results/progressive_SmallGroup_16_1_20260126T162940Z	results/progressive_SmallGroup_16_1_20260126T162940Z/best_codes/SmallGroup_16_1__AAp20_0_1_2_5_7_11_BBp20_0_1_5_6_8_11_k2_d53	best_codes/collected/SmallGroup_16_1__AAp20_0_1_2_5_7_11_BBp20_0_1_5_6_8_11_k2_d53
SmallGroup_16_1__AAp11_0_0_1_3_8_12_BBp20_0_1_11_13_14_15_k2_d52	SmallGroup_16_1_	576	2	52	1000000	dist-m4ri	p11_0_0_1_3_8_12	p20_0_1_11_13_14_15	results/progressive_SmallGroup_16_1_20260126T162940Z	results/progressive_SmallGroup_16_1_20260126T162940Z/best_codes/SmallGroup_16_1__AAp11_0_0_1_3_8_12_BBp20_0_1_11_13_14_15_k2_d52	best_codes/collected/SmallGroup_16_1__AAp11_0_0_1_3_8_12_BBp20_0_1_11_13_14_15_k2_d52
SmallGroup_16_1__AAp11_0_5_7_8_12_13_BBp11_0_3_5_6_13_13_k2_d52	SmallGroup_16_1_	576	2	52	1400000	dist-m4ri	p11_0_5_7_8_12_13	p11_0_3_5_6_13_13	results/progressive_SmallGroup_16_1_20260127T143136Z	results/progressive_SmallGroup_16_1_20260127T143136Z/best_codes/SmallGroup_16_1__AAp11_0_5_7_8_12_13_BBp11_0_3_5_6_13_13_k2_d52	best_codes/collected/SmallGroup_16_1__AAp11_0_5_7_8_12_13_BBp11_0_3_5_6_13_13_k2_d52
SmallGroup_16_1__AAp11_0_5_7_8_12_13_BBp20_0_1_11_13_14_15_k2_d51	SmallGroup_16_1_	576	2	51	1000000	dist-m4ri	p11_0_5_7_8_12_13	p20_0_1_11_13_14_15	results/progressive_SmallGroup_16_1_20260126T162940Z	results/progressive_SmallGroup_16_1_20260126T162940Z/best_codes/SmallGroup_16_1__AAp11_0_5_7_8_12_13_BBp20_0_1_11_13_14_15_k2_d51	best_codes/collected/SmallGroup_16_1__AAp11_0_5_7_8_12_13_BBp20_0_1_11_13_14_15_k2_d51
SmallGroup_16_1__AAp11_0_0_1_3_14_15_BBp20_0_1_11_13_14_15_k2_d50	SmallGroup_16_1_	576	2	50	1000000	dist-m4ri	p11_0_0_1_3_14_15	p20_0_1_11_13_14_15	results/progressive_SmallGroup_16_1_20260126T162940Z	results/progressive_SmallGroup_16_1_20260126T162940Z/best_codes/SmallGroup_16_1__AAp11_0_0_1_3_14_15_BBp20_0_1_11_13_14_15_k2_d50	best_codes/collected/SmallGroup_16_1__AAp11_0_0_1_3_14_15_BBp20_0_1_11_13_14_15_k2_d50
SmallGroup_16_1__AAp11_0_5_7_8_12_13_BBp20_0_1_11_13_14_15_k2_d50	SmallGroup_16_1_	576	2	50	1400000	dist-m4ri	p11_0_5_7_8_12_13	p20_0_1_11_13_14_15	results/progressive_SmallGroup_16_1_20260127T143136Z	results/progressive_SmallGroup_16_1_20260127T143136Z/best_codes/SmallGroup_16_1__AAp11_0_5_7_8_12_13_BBp20_0_1_11_13_14_15_k2_d50	best_codes/collected/SmallGroup_16_1__AAp11_0_5_7_8_12_13_BBp20_0_1_11_13_14_15_k2_d50
SmallGroup_16_1__AAp11_0_5_7_8_12_13_BBp27_0_3_6_8_9_15_k2_d49	SmallGroup_16_1_	576	2	49	1000000	dist-m4ri	p11_0_5_7_8_12_13	p27_0_3_6_8_9_15	results/progressive_SmallGroup_16_1_20260126T162940Z	results/progressive_SmallGroup_16_1_20260126T162940Z/best_codes/SmallGroup_16_1__AAp11_0_5_7_8_12_13_BBp27_0_3_6_8_9_15_k2_d49	best_codes/collected/SmallGroup_16_1__AAp11_0_5_7_8_12_13_BBp27_0_3_6_8_9_15_k2_d49
SmallGroup_16_1__AAp11_0_5_7_8_12_13_BBp20_0_1_5_6_8_11_k2_d48	SmallGroup_16_1_	576	2	48	1000000	dist-m4ri	p11_0_5_7_8_12_13	p20_0_1_5_6_8_11	results/progressive_SmallGroup_16_1_20260126T162940Z	results/progressive_SmallGroup_16_1_20260126T162940Z/best_codes/SmallGroup_16_1__AAp11_0_5_7_8_12_13_BBp20_0_1_5_6_8_11_k2_d48	best_codes/collected/SmallGroup_16_1__AAp11_0_5_7_8_12_13_BBp20_0_1_5_6_8_11_k2_d48
SmallGroup_16_1__AAp11_0_0_1_3_8_12_BBp20_0_1_11_13_14_15_k2_d46	SmallGroup_16_1_	576	2	46	1400000	dist-m4ri	p11_0_0_1_3_8_12	p20_0_1_11_13_14_15	results/progressive_SmallGroup_16_1_20260127T143136Z	results/progressive_SmallGroup_16_1_20260127T143136Z/best_codes/SmallGroup_16_1__AAp11_0_0_1_3_8_12_BBp20_0_1_11_13_14_15_k2_d46	best_codes/collected/SmallGroup_16_1__AAp11_0_0_1_3_8_12_BBp20_0_1_11_13_14_15_k2_d46
SmallGroup_16_1__AAp11_0_1_2_4_12_14_BBp20_0_1_11_13_14_15_k2_d46	SmallGroup_16_1_	576	2	46	1000000	dist-m4ri	p11_0_1_2_4_12_14	p20_0_1_11_13_14_15	results/progressive_SmallGroup_16_1_20260126T162940Z	results/progressive_SmallGroup_16_1_20260126T162940Z/best_codes/SmallGroup_16_1__AAp11_0_1_2_4_12_14_BBp20_0_1_11_13_14_15_k2_d46	best_codes/collected/SmallGroup_16_1__AAp11_0_1_2_4_12_14_BBp20_0_1_11_13_14_15_k2_d46
SmallGroup_16_1__AAp11_0_0_1_3_8_12_BBp20_0_1_11_13_14_15_k2_d43	SmallGroup_16_1_	576	2	43	1000000	dist-m4ri	p11_0_0_1_3_8_12	p20_0_1_11_13_14_15	results/progressive_SmallGroup_16_1_20260126T162940Z	results/progressive_SmallGroup_16_1_20260126T162940Z/best_codes/SmallGroup_16_1__AAp11_0_0_1_3_8_12_BBp20_0_1_11_13_14_15_k2_d43	best_codes/collected/SmallGroup_16_1__AAp11_0_0_1_3_8_12_BBp20_0_1_11_13_14_15_k2_d43
SmallGroup_16_1__AAp11_0_0_1_10_14_15_BBp20_0_1_11_13_14_15_k2_d41	SmallGroup_16_1_	576	2	41	1000000	dist-m4ri	p11_0_0_1_10_14_15	p20_0_1_11_13_14_15	results/progressive_SmallGroup_16_1_20260126T162940Z	results/progressive_SmallGroup_16_1_20260126T162940Z/best_codes/SmallGroup_16_1__AAp11_0_0_1_10_14_15_BBp20_0_1_11_13_14_15_k2_d41	best_codes/collected/SmallGroup_16_1__AAp11_0_0_1_10_14_15_BBp20_0_1_11_13_14_15_k2_d41
SmallGroup_16_1__AAp11_0_0_1_3_8_12_BBp20_0_1_5_6_8_11_k2_d41	SmallGroup_16_1_	576	2	41	1000000	dist-m4ri	p11_0_0_1_3_8_12	p20_0_1_5_6_8_11	results/progressive_SmallGroup_16_1_20260126T162940Z	results/progressive_SmallGroup_16_1_20260126T162940Z/best_codes/SmallGroup_16_1__AAp11_0_0_1_3_8_12_BBp20_0_1_5_6_8_11_k2_d41	best_codes/collected/SmallGroup_16_1__AAp11_0_0_1_3_8_12_BBp20_0_1_5_6_8_11_k2_d41
SmallGroup_16_1__AAp11_0_0_1_10_14_15_BBp20_0_1_11_13_14_15_k2_d39	SmallGroup_16_1_	576	2	39	1000000	dist-m4ri	p11_0_0_1_10_14_15	p20_0_1_11_13_14_15	results/progressive_SmallGroup_16_1_20260126T162940Z	results/progressive_SmallGroup_16_1_20260126T162940Z/best_codes/SmallGroup_16_1__AAp11_0_0_1_10_14_15_BBp20_0_1_11_13_14_15_k2_d39	best_codes/collected/SmallGroup_16_1__AAp11_0_0_1_10_14_15_BBp20_0_1_11_13_14_15_k2_d39
SmallGroup_16_1__AAp11_0_0_1_10_14_15_BBp20_0_1_5_6_8_11_k2_d39	SmallGroup_16_1_	576	2	39	1000000	dist-m4ri	p11_0_0_1_10_14_15	p20_0_1_5_6_8_11	results/progressive_SmallGroup_16_1_20260126T162940Z	results/progressive_SmallGroup_16_1_20260126T162940Z/best_codes/SmallGroup_16_1__AAp11_0_0_1_10_14_15_BBp20_0_1_5_6_8_11_k2_d39	best_codes/collected/SmallGroup_16_1__AAp11_0_0_1_10_14_15_BBp20_0_1_5_6_8_11_k2_d39
SmallGroup_16_1__AAp11_0_0_1_10_14_15_BBp11_0_0_1_1_2_11_k2_d38	SmallGroup_16_1_	576	2	38	1400000	dist-m4ri	p11_0_0_1_10_14_15	p11_0_0_1_1_2_11	results/progressive_SmallGroup_16_1_20260127T143136Z	results/progressive_SmallGroup_16_1_20260127T143136Z/best_codes/SmallGroup_16_1__AAp11_0_0_1_10_14_15_BBp11_0_0_1_1_2_11_k2_d38	best_codes/collected/SmallGroup_16_1__AAp11_0_0_1_10_14_15_BBp11_0_0_1_1_2_11_k2_d38
SmallGroup_16_1__AAp11_0_0_1_10_10_13_BBp20_0_1_5_6_8_11_k2_d36	SmallGroup_16_1_	576	2	36	1000000	dist-m4ri	p11_0_0_1_10_10_13	p20_0_1_5_6_8_11	results/progressive_SmallGroup_16_1_20260126T162940Z	results/progressive_SmallGroup_16_1_20260126T162940Z/best_codes/SmallGroup_16_1__AAp11_0_0_1_10_10_13_BBp20_0_1_5_6_8_11_k2_d36	best_codes/collected/SmallGroup_16_1__AAp11_0_0_1_10_10_13_BBp20_0_1_5_6_8_11_k2_d36
SmallGroup_16_1__AAp11_0_0_1_10_14_15_BBp11_0_0_1_1_2_11_k2_d36	SmallGroup_16_1_	576	2	36	1000000	dist-m4ri	p11_0_0_1_10_14_15	p11_0_0_1_1_2_11	results/progressive_SmallGroup_16_1_20260126T162940Z	results/progressive_SmallGroup_16_1_20260126T162940Z/best_codes/SmallGroup_16_1__AAp11_0_0_1_10_14_15_BBp11_0_0_1_1_2_11_k2_d36	best_codes/collected/SmallGroup_16_1__AAp11_0_0_1_10_14_15_BBp11_0_0_1_1_2_11_k2_d36
SmallGroup_16_1__AAp11_0_0_1_10_14_15_BBp11_0_0_1_1_2_11_k2_d35	SmallGroup_16_1_	576	2	35	1000000	dist-m4ri	p11_0_0_1_10_14_15	p11_0_0_1_1_2_11	results/progressive_SmallGroup_16_1_20260126T162940Z	results/progressive_SmallGroup_16_1_20260126T162940Z/best_codes/SmallGroup_16_1__AAp11_0_0_1_10_14_15_BBp11_0_0_1_1_2_11_k2_d35	best_codes/collected/SmallGroup_16_1__AAp11_0_0_1_10_14_15_BBp11_0_0_1_1_2_11_k2_d35
SmallGroup_16_1__AAp27_0_2_3_3_7_13_BBp11_0_0_1_1_14_15_k2_d32	SmallGroup_16_1_	576	2	32	1000000	dist-m4ri	p27_0_2_3_3_7_13	p11_0_0_1_1_14_15	results/progressive_SmallGroup_16_1_20260126T162940Z	results/progressive_SmallGroup_16_1_20260126T162940Z/best_codes/SmallGroup_16_1__AAp27_0_2_3_3_7_13_BBp11_0_0_1_1_14_15_k2_d32	best_codes/collected/SmallGroup_16_1__AAp27_0_2_3_3_7_13_BBp11_0_0_1_1_14_15_k2_d32
SmallGroup_16_1__AAp11_0_0_1_10_10_13_BBp20_0_1_11_13_14_15_k2_d31	SmallGroup_16_1_	576	2	31	1000000	dist-m4ri	p11_0_0_1_10_10_13	p20_0_1_11_13_14_15	results/progressive_SmallGroup_16_1_20260126T162940Z	results/progressive_SmallGroup_16_1_20260126T162940Z/best_codes/SmallGroup_16_1__AAp11_0_0_1_10_10_13_BBp20_0_1_11_13_14_15_k2_d31	best_codes/collected/SmallGroup_16_1__AAp11_0_0_1_10_10_13_BBp20_0_1_11_13_14_15_k2_d31
SmallGroup_16_1__AAp27_0_1_4_4_5_10_BBp11_0_0_1_1_14_15_k2_d29	SmallGroup_16_1_	576	2	29	1400000	dist-m4ri	p27_0_1_4_4_5_10	p11_0_0_1_1_14_15	results/progressive_SmallGroup_16_1_20260127T143136Z	results/progressive_SmallGroup_16_1_20260127T143136Z/best_codes/SmallGroup_16_1__AAp27_0_1_4_4_5_10_BBp11_0_0_1_1_14_15_k2_d29	best_codes/collected/SmallGroup_16_1__AAp27_0_1_4_4_5_10_BBp11_0_0_1_1_14_15_k2_d29
SmallGroup_16_1__AAp11_0_5_7_8_12_13_BBp11_0_0_1_1_14_15_k2_d28	SmallGroup_16_1_	576	2	28	1400000	dist-m4ri	p11_0_5_7_8_12_13	p11_0_0_1_1_14_15	results/progressive_SmallGroup_16_1_20260127T143136Z	results/progressive_SmallGroup_16_1_20260127T143136Z/best_codes/SmallGroup_16_1__AAp11_0_5_7_8_12_13_BBp11_0_0_1_1_14_15_k2_d28	best_codes/collected/SmallGroup_16_1__AAp11_0_5_7_8_12_13_BBp11_0_0_1_1_14_15_k2_d28
SmallGroup_16_1__AAp11_0_0_0_0_0_1_BBp11_0_5_6_9_11_13_k2_d20	SmallGroup_16_1_	576	2	20	1400000	dist-m4ri	p11_0_0_0_0_0_1	p11_0_5_6_9_11_13	results/progressive_SmallGroup_16_1_20260127T143136Z	results/progressive_SmallGroup_16_1_20260127T143136Z/best_codes/SmallGroup_16_1__AAp11_0_0_0_0_0_1_BBp11_0_5_6_9_11_13_k2_d20	best_codes/collected/SmallGroup_16_1__AAp11_0_0_0_0_0_1_BBp11_0_5_6_9_11_13_k2_d20
SmallGroup_16_1__AAp11_0_0_0_0_0_1_BBp11_0_0_1_2_3_12_k2_d18	SmallGroup_16_1_	576	2	18	1400000	dist-m4ri	p11_0_0_0_0_0_1	p11_0_0_1_2_3_12	results/progressive_SmallGroup_16_1_20260127T143136Z	results/progressive_SmallGroup_16_1_20260127T143136Z/best_codes/SmallGroup_16_1__AAp11_0_0_0_0_0_1_BBp11_0_0_1_2_3_12_k2_d18	best_codes/collected/SmallGroup_16_1__AAp11_0_0_0_0_0_1_BBp11_0_0_1_2_3_12_k2_d18
SmallGroup_16_1__AAp11_0_0_1_10_10_13_BBp11_0_0_0_0_0_1_k2_d16	SmallGroup_16_1_	576	2	16	1400000	dist-m4ri	p11_0_0_1_10_10_13	p11_0_0_0_0_0_1	results/progressive_SmallGroup_16_1_20260127T143136Z	results/progressive_SmallGroup_16_1_20260127T143136Z/best_codes/SmallGroup_16_1__AAp11_0_0_1_10_10_13_BBp11_0_0_0_0_0_1_k2_d16	best_codes/collected/SmallGroup_16_1__AAp11_0_0_1_10_10_13_BBp11_0_0_0_0_0_1_k2_d16
SmallGroup_16_1__AAp11_0_1_5_9_12_15_BBp11_0_1_3_6_11_13_k4_d59	SmallGroup_16_1_	576	4	59	1000000	dist-m4ri	p11_0_1_5_9_12_15	p11_0_1_3_6_11_13	results/progressive_SmallGroup_16_1_20260126T162940Z	results/progressive_SmallGroup_16_1_20260126T162940Z/best_codes/SmallGroup_16_1__AAp11_0_1_5_9_12_15_BBp11_0_1_3_6_11_13_k4_d59	best_codes/collected/SmallGroup_16_1__AAp11_0_1_5_9_12_15_BBp11_0_1_3_6_11_13_k4_d59
SmallGroup_16_1__AAp11_0_1_6_9_11_13_BBp20_0_1_3_6_11_13_k4_d58	SmallGroup_16_1_	576	4	58	1000000	dist-m4ri	p11_0_1_6_9_11_13	p20_0_1_3_6_11_13	results/progressive_SmallGroup_16_1_20260126T162940Z	results/progressive_SmallGroup_16_1_20260126T162940Z/best_codes/SmallGroup_16_1__AAp11_0_1_6_9_11_13_BBp20_0_1_3_6_11_13_k4_d58	best_codes/collected/SmallGroup_16_1__AAp11_0_1_6_9_11_13_BBp20_0_1_3_6_11_13_k4_d58
SmallGroup_16_1__AAp20_0_2_3_6_9_11_BBp11_0_1_3_6_11_13_k4_d58	SmallGroup_16_1_	576	4	58	1000000	dist-m4ri	p20_0_2_3_6_9_11	p11_0_1_3_6_11_13	results/progressive_SmallGroup_16_1_20260126T162940Z	results/progressive_SmallGroup_16_1_20260126T162940Z/best_codes/SmallGroup_16_1__AAp20_0_2_3_6_9_11_BBp11_0_1_3_6_11_13_k4_d58	best_codes/collected/SmallGroup_16_1__AAp20_0_2_3_6_9_11_BBp11_0_1_3_6_11_13_k4_d58
SmallGroup_16_1__AAp20_0_1_2_5_7_11_BBp20_0_1_3_6_11_13_k4_d57	SmallGroup_16_1_	576	4	57	1000000	dist-m4ri	p20_0_1_2_5_7_11	p20_0_1_3_6_11_13	results/progressive_SmallGroup_16_1_20260126T162940Z	results/progressive_SmallGroup_16_1_20260126T162940Z/best_codes/SmallGroup_16_1__AAp20_0_1_2_5_7_11_BBp20_0_1_3_6_11_13_k4_d57	best_codes/collected/SmallGroup_16_1__AAp20_0_1_2_5_7_11_BBp20_0_1_3_6_11_13_k4_d57
SmallGroup_16_1__AAp20_0_2_3_6_9_11_BBp20_0_1_3_6_11_13_k4_d57	SmallGroup_16_1_	576	4	57	1400000	dist-m4ri	p20_0_2_3_6_9_11	p20_0_1_3_6_11_13	results/progressive_SmallGroup_16_1_20260127T143136Z	results/progressive_SmallGroup_16_1_20260127T143136Z/best_codes/SmallGroup_16_1__AAp20_0_2_3_6_9_11_BBp20_0_1_3_6_11_13_k4_d57	best_codes/collected/SmallGroup_16_1__AAp20_0_2_3_6_9_11_BBp20_0_1_3_6_11_13_k4_d57
SmallGroup_16_1__AAp20_0_2_3_6_9_11_BBp11_0_1_3_6_11_13_k4_d56	SmallGroup_16_1_	576	4	56	1000000	dist-m4ri	p20_0_2_3_6_9_11	p11_0_1_3_6_11_13	results/progressive_SmallGroup_16_1_20260126T162940Z	results/progressive_SmallGroup_16_1_20260126T162940Z/best_codes/SmallGroup_16_1__AAp20_0_2_3_6_9_11_BBp11_0_1_3_6_11_13_k4_d56	best_codes/collected/SmallGroup_16_1__AAp20_0_2_3_6_9_11_BBp11_0_1_3_6_11_13_k4_d56
SmallGroup_16_1__AAp20_0_6_9_12_13_15_BBp20_0_7_8_9_13_14_k4_d56	SmallGroup_16_1_	576	4	56	1000000	dist-m4ri	p20_0_6_9_12_13_15	p20_0_7_8_9_13_14	results/progressive_SmallGroup_16_1_20260126T162940Z	results/progressive_SmallGroup_16_1_20260126T162940Z/best_codes/SmallGroup_16_1__AAp20_0_6_9_12_13_15_BBp20_0_7_8_9_13_14_k4_d56	best_codes/collected/SmallGroup_16_1__AAp20_0_6_9_12_13_15_BBp20_0_7_8_9_13_14_k4_d56
SmallGroup_16_1__AAp20_0_1_2_5_7_11_BBp11_0_1_3_6_11_13_k4_d55	SmallGroup_16_1_	576	4	55	1400000	dist-m4ri	p20_0_1_2_5_7_11	p11_0_1_3_6_11_13	results/progressive_SmallGroup_16_1_20260127T143136Z	results/progressive_SmallGroup_16_1_20260127T143136Z/best_codes/SmallGroup_16_1__AAp20_0_1_2_5_7_11_BBp11_0_1_3_6_11_13_k4_d55	best_codes/collected/SmallGroup_16_1__AAp20_0_1_2_5_7_11_BBp11_0_1_3_6_11_13_k4_d55
SmallGroup_16_1__AAp20_0_2_3_6_9_11_BBp20_0_1_3_6_11_13_k4_d54	SmallGroup_16_1_	576	4	54	1000000	dist-m4ri	p20_0_2_3_6_9_11	p20_0_1_3_6_11_13	results/progressive_SmallGroup_16_1_20260126T162940Z	results/progressive_SmallGroup_16_1_20260126T162940Z/best_codes/SmallGroup_16_1__AAp20_0_2_3_6_9_11_BBp20_0_1_3_6_11_13_k4_d54	best_codes/collected/SmallGroup_16_1__AAp20_0_2_3_6_9_11_BBp20_0_1_3_6_11_13_k4_d54
SmallGroup_16_1__AAp27_0_5_6_6_9_15_BBp20_0_1_3_6_11_13_k4_d57	SmallGroup_16_1_	576	4	54	2000000	dist-m4ri	p27_0_5_6_6_9_15	p20_0_1_3_6_11_13	results/progressive_SmallGroup_16_1_20260126T162940Z	results/progressive_SmallGroup_16_1_20260126T162940Z/best_codes/SmallGroup_16_1__AAp27_0_5_6_6_9_15_BBp20_0_1_3_6_11_13_k4_d57	best_codes/collected/SmallGroup_16_1__AAp27_0_5_6_6_9_15_BBp20_0_1_3_6_11_13_k4_d57
SmallGroup_16_1__AAp20_0_1_2_5_7_11_BBp11_0_1_3_6_11_13_k4_d53	SmallGroup_16_1_	576	4	53	1000000	dist-m4ri	p20_0_1_2_5_7_11	p11_0_1_3_6_11_13	results/progressive_SmallGroup_16_1_20260126T162940Z	results/progressive_SmallGroup_16_1_20260126T162940Z/best_codes/SmallGroup_16_1__AAp20_0_1_2_5_7_11_BBp11_0_1_3_6_11_13_k4_d53	best_codes/collected/SmallGroup_16_1__AAp20_0_1_2_5_7_11_BBp11_0_1_3_6_11_13_k4_d53
SmallGroup_16_1__AAp11_0_1_5_9_11_15_BBp20_0_1_3_6_11_13_k4_d57	SmallGroup_16_1_	576	4	52	2000000	dist-m4ri	p11_0_1_5_9_11_15	p20_0_1_3_6_11_13	results/progressive_SmallGroup_16_1_20260126T162940Z	results/progressive_SmallGroup_16_1_20260126T162940Z/best_codes/SmallGroup_16_1__AAp11_0_1_5_9_11_15_BBp20_0_1_3_6_11_13_k4_d57	best_codes/collected/SmallGroup_16_1__AAp11_0_1_5_9_11_15_BBp20_0_1_3_6_11_13_k4_d57
SmallGroup_16_1__AAp11_0_5_7_8_12_13_BBp11_0_1_3_6_11_13_k4_d52	SmallGroup_16_1_	576	4	52	1000000	dist-m4ri	p11_0_5_7_8_12_13	p11_0_1_3_6_11_13	results/progressive_SmallGroup_16_1_20260126T162940Z	results/progressive_SmallGroup_16_1_20260126T162940Z/best_codes/SmallGroup_16_1__AAp11_0_5_7_8_12_13_BBp11_0_1_3_6_11_13_k4_d52	best_codes/collected/SmallGroup_16_1__AAp11_0_5_7_8_12_13_BBp11_0_1_3_6_11_13_k4_d52
SmallGroup_16_1__AAp20_0_1_2_5_7_15_BBp20_0_1_3_6_11_13_k4_d52	SmallGroup_16_1_	576	4	52	1000000	dist-m4ri	p20_0_1_2_5_7_15	p20_0_1_3_6_11_13	results/progressive_SmallGroup_16_1_20260126T162940Z	results/progressive_SmallGroup_16_1_20260126T162940Z/best_codes/SmallGroup_16_1__AAp20_0_1_2_5_7_15_BBp20_0_1_3_6_11_13_k4_d52	best_codes/collected/SmallGroup_16_1__AAp20_0_1_2_5_7_15_BBp20_0_1_3_6_11_13_k4_d52
SmallGroup_16_1__AAp11_0_5_7_8_12_13_BBp11_0_7_8_9_13_14_k4_d51	SmallGroup_16_1_	576	4	51	1000000	dist-m4ri	p11_0_5_7_8_12_13	p11_0_7_8_9_13_14	results/progressive_SmallGroup_16_1_20260126T162940Z	results/progressive_SmallGroup_16_1_20260126T162940Z/best_codes/SmallGroup_16_1__AAp11_0_5_7_8_12_13_BBp11_0_7_8_9_13_14_k4_d51	best_codes/collected/SmallGroup_16_1__AAp11_0_5_7_8_12_13_BBp11_0_7_8_9_13_14_k4_d51
SmallGroup_16_1__AAp11_0_0_1_3_8_11_BBp11_0_1_3_6_11_13_k4_d50	SmallGroup_16_1_	576	4	50	1000000	dist-m4ri	p11_0_0_1_3_8_11	p11_0_1_3_6_11_13	results/progressive_SmallGroup_16_1_20260126T162940Z	results/progressive_SmallGroup_16_1_20260126T162940Z/best_codes/SmallGroup_16_1__AAp11_0_0_1_3_8_11_BBp11_0_1_3_6_11_13_k4_d50	best_codes/collected/SmallGroup_16_1__AAp11_0_0_1_3_8_11_BBp11_0_1_3_6_11_13_k4_d50
SmallGroup_16_1__AAp11_0_5_7_8_12_13_BBp11_0_1_3_6_11_13_k4_d49	SmallGroup_16_1_	576	4	49	1000000	dist-m4ri	p11_0_5_7_8_12_13	p11_0_1_3_6_11_13	results/progressive_SmallGroup_16_1_20260126T162940Z	results/progressive_SmallGroup_16_1_20260126T162940Z/best_codes/SmallGroup_16_1__AAp11_0_5_7_8_12_13_BBp11_0_1_3_6_11_13_k4_d49	best_codes/collected/SmallGroup_16_1__AAp11_0_5_7_8_12_13_BBp11_0_1_3_6_11_13_k4_d49
SmallGroup_16_1__AAp11_0_5_7_8_12_13_BBp11_0_0_1_9_10_15_k4_d48	SmallGroup_16_1_	576	4	48	1000000	dist-m4ri	p11_0_5_7_8_12_13	p11_0_0_1_9_10_15	results/progressive_SmallGroup_16_1_20260126T162940Z	results/progressive_SmallGroup_16_1_20260126T162940Z/best_codes/SmallGroup_16_1__AAp11_0_5_7_8_12_13_BBp11_0_0_1_9_10_15_k4_d48	best_codes/collected/SmallGroup_16_1__AAp11_0_5_7_8_12_13_BBp11_0_0_1_9_10_15_k4_d48
SmallGroup_16_1__AAp11_0_5_7_8_12_13_BBp11_0_1_3_6_11_13_k4_d47	SmallGroup_16_1_	576	4	47	1400000	dist-m4ri	p11_0_5_7_8_12_13	p11_0_1_3_6_11_13	results/progressive_SmallGroup_16_1_20260127T143136Z	results/progressive_SmallGroup_16_1_20260127T143136Z/best_codes/SmallGroup_16_1__AAp11_0_5_7_8_12_13_BBp11_0_1_3_6_11_13_k4_d47	best_codes/collected/SmallGroup_16_1__AAp11_0_5_7_8_12_13_BBp11_0_1_3_6_11_13_k4_d47
SmallGroup_16_1__AAp27_0_6_8_8_10_11_BBp20_0_1_3_6_11_13_k4_d59	SmallGroup_16_1_	576	4	47	1600000	dist-m4ri	p27_0_6_8_8_10_11	p20_0_1_3_6_11_13	results/progressive_SmallGroup_16_1_20260126T162940Z	results/progressive_SmallGroup_16_1_20260126T162940Z/best_codes/SmallGroup_16_1__AAp27_0_6_8_8_10_11_BBp20_0_1_3_6_11_13_k4_d59	best_codes/collected/SmallGroup_16_1__AAp27_0_6_8_8_10_11_BBp20_0_1_3_6_11_13_k4_d59
SmallGroup_16_1__AAp11_0_5_7_8_12_13_BBp20_0_1_3_6_11_13_k4_d46	SmallGroup_16_1_	576	4	46	1000000	dist-m4ri	p11_0_5_7_8_12_13	p20_0_1_3_6_11_13	results/progressive_SmallGroup_16_1_20260126T162940Z	results/progressive_SmallGroup_16_1_20260126T162940Z/best_codes/SmallGroup_16_1__AAp11_0_5_7_8_12_13_BBp20_0_1_3_6_11_13_k4_d46	best_codes/collected/SmallGroup_16_1__AAp11_0_5_7_8_12_13_BBp20_0_1_3_6_11_13_k4_d46
SmallGroup_16_1__AAp11_0_0_1_3_8_12_BBp11_0_0_1_2_3_11_k4_d45	SmallGroup_16_1_	576	4	45	1400000	dist-m4ri	p11_0_0_1_3_8_12	p11_0_0_1_2_3_11	results/progressive_SmallGroup_16_1_20260127T143136Z	results/progressive_SmallGroup_16_1_20260127T143136Z/best_codes/SmallGroup_16_1__AAp11_0_0_1_3_8_12_BBp11_0_0_1_2_3_11_k4_d45	best_codes/collected/SmallGroup_16_1__AAp11_0_0_1_3_8_12_BBp11_0_0_1_2_3_11_k4_d45
SmallGroup_16_1__AAp11_0_5_7_8_12_13_BBp11_0_0_1_2_3_12_k4_d45	SmallGroup_16_1_	576	4	45	1000000	dist-m4ri	p11_0_5_7_8_12_13	p11_0_0_1_2_3_12	results/progressive_SmallGroup_16_1_20260126T162940Z	results/progressive_SmallGroup_16_1_20260126T162940Z/best_codes/SmallGroup_16_1__AAp11_0_5_7_8_12_13_BBp11_0_0_1_2_3_12_k4_d45	best_codes/collected/SmallGroup_16_1__AAp11_0_5_7_8_12_13_BBp11_0_0_1_2_3_12_k4_d45
SmallGroup_16_1__AAp11_0_0_1_3_8_11_BBp11_0_0_1_2_3_12_k4_d43	SmallGroup_16_1_	576	4	43	1000000	dist-m4ri	p11_0_0_1_3_8_11	p11_0_0_1_2_3_12	results/progressive_SmallGroup_16_1_20260126T162940Z	results/progressive_SmallGroup_16_1_20260126T162940Z/best_codes/SmallGroup_16_1__AAp11_0_0_1_3_8_11_BBp11_0_0_1_2_3_12_k4_d43	best_codes/collected/SmallGroup_16_1__AAp11_0_0_1_3_8_11_BBp11_0_0_1_2_3_12_k4_d43
SmallGroup_16_1__AAp11_0_0_1_3_8_12_BBp11_0_0_1_2_3_11_k4_d42	SmallGroup_16_1_	576	4	42	1000000	dist-m4ri	p11_0_0_1_3_8_12	p11_0_0_1_2_3_11	results/progressive_SmallGroup_16_1_20260126T162940Z	results/progressive_SmallGroup_16_1_20260126T162940Z/best_codes/SmallGroup_16_1__AAp11_0_0_1_3_8_12_BBp11_0_0_1_2_3_11_k4_d42	best_codes/collected/SmallGroup_16_1__AAp11_0_0_1_3_8_12_BBp11_0_0_1_2_3_11_k4_d42
SmallGroup_16_1__AAp11_0_2_5_8_9_11_BBp11_0_0_1_2_3_12_k4_d41	SmallGroup_16_1_	576	4	41	1000000	dist-m4ri	p11_0_2_5_8_9_11	p11_0_0_1_2_3_12	results/progressive_SmallGroup_16_1_20260126T162940Z	results/progressive_SmallGroup_16_1_20260126T162940Z/best_codes/SmallGroup_16_1__AAp11_0_2_5_8_9_11_BBp11_0_0_1_2_3_12_k4_d41	best_codes/collected/SmallGroup_16_1__AAp11_0_2_5_8_9_11_BBp11_0_0_1_2_3_12_k4_d41
SmallGroup_16_1__AAp11_0_5_7_8_12_13_BBp11_0_0_1_2_3_12_k4_d40	SmallGroup_16_1_	576	4	40	1400000	dist-m4ri	p11_0_5_7_8_12_13	p11_0_0_1_2_3_12	results/progressive_SmallGroup_16_1_20260127T143136Z	results/progressive_SmallGroup_16_1_20260127T143136Z/best_codes/SmallGroup_16_1__AAp11_0_5_7_8_12_13_BBp11_0_0_1_2_3_12_k4_d40	best_codes/collected/SmallGroup_16_1__AAp11_0_5_7_8_12_13_BBp11_0_0_1_2_3_12_k4_d40
SmallGroup_16_1__AAp11_0_0_1_3_14_15_BBp11_0_0_1_2_3_12_k4_d39	SmallGroup_16_1_	576	4	39	1000000	dist-m4ri	p11_0_0_1_3_14_15	p11_0_0_1_2_3_12	results/progressive_SmallGroup_16_1_20260126T162940Z	results/progressive_SmallGroup_16_1_20260126T162940Z/best_codes/SmallGroup_16_1__AAp11_0_0_1_3_14_15_BBp11_0_0_1_2_3_12_k4_d39	best_codes/collected/SmallGroup_16_1__AAp11_0_0_1_3_14_15_BBp11_0_0_1_2_3_12_k4_d39
SmallGroup_16_1__AAp11_0_0_1_3_8_12_BBp11_0_0_1_2_3_12_k4_d39	SmallGroup_16_1_	576	4	39	1000000	dist-m4ri	p11_0_0_1_3_8_12	p11_0_0_1_2_3_12	results/progressive_SmallGroup_16_1_20260126T162940Z	results/progressive_SmallGroup_16_1_20260126T162940Z/best_codes/SmallGroup_16_1__AAp11_0_0_1_3_8_12_BBp11_0_0_1_2_3_12_k4_d39	best_codes/collected/SmallGroup_16_1__AAp11_0_0_1_3_8_12_BBp11_0_0_1_2_3_12_k4_d39
SmallGroup_16_1__AAp11_0_5_7_8_12_13_BBp11_0_0_1_2_3_12_k4_d39	SmallGroup_16_1_	576	4	39	1000000	dist-m4ri	p11_0_5_7_8_12_13	p11_0_0_1_2_3_12	results/progressive_SmallGroup_16_1_20260126T162940Z	results/progressive_SmallGroup_16_1_20260126T162940Z/best_codes/SmallGroup_16_1__AAp11_0_5_7_8_12_13_BBp11_0_0_1_2_3_12_k4_d39	best_codes/collected/SmallGroup_16_1__AAp11_0_5_7_8_12_13_BBp11_0_0_1_2_3_12_k4_d39
SmallGroup_16_1__AAp11_0_0_1_3_8_12_BBp11_0_0_1_2_3_12_k4_d38	SmallGroup_16_1_	576	4	38	1000000	dist-m4ri	p11_0_0_1_3_8_12	p11_0_0_1_2_3_12	results/progressive_SmallGroup_16_1_20260126T162940Z	results/progressive_SmallGroup_16_1_20260126T162940Z/best_codes/SmallGroup_16_1__AAp11_0_0_1_3_8_12_BBp11_0_0_1_2_3_12_k4_d38	best_codes/collected/SmallGroup_16_1__AAp11_0_0_1_3_8_12_BBp11_0_0_1_2_3_12_k4_d38
SmallGroup_16_1__AAp11_0_5_7_8_12_13_BBp11_0_0_1_2_3_12_k4_d38	SmallGroup_16_1_	576	4	38	1000000	dist-m4ri	p11_0_5_7_8_12_13	p11_0_0_1_2_3_12	results/progressive_SmallGroup_16_1_20260126T162940Z	results/progressive_SmallGroup_16_1_20260126T162940Z/best_codes/SmallGroup_16_1__AAp11_0_5_7_8_12_13_BBp11_0_0_1_2_3_12_k4_d38	best_codes/collected/SmallGroup_16_1__AAp11_0_5_7_8_12_13_BBp11_0_0_1_2_3_12_k4_d38
SmallGroup_16_1__AAp11_0_0_1_3_8_12_BBp11_0_0_1_2_3_12_k4_d37	SmallGroup_16_1_	576	4	37	1400000	dist-m4ri	p11_0_0_1_3_8_12	p11_0_0_1_2_3_12	results/progressive_SmallGroup_16_1_20260127T143136Z	results/progressive_SmallGroup_16_1_20260127T143136Z/best_codes/SmallGroup_16_1__AAp11_0_0_1_3_8_12_BBp11_0_0_1_2_3_12_k4_d37	best_codes/collected/SmallGroup_16_1__AAp11_0_0_1_3_8_12_BBp11_0_0_1_2_3_12_k4_d37
SmallGroup_16_1__AAp11_0_0_1_3_8_12_BBp11_0_0_1_2_3_12_k4_d35	SmallGroup_16_1_	576	4	35	1000000	dist-m4ri	p11_0_0_1_3_8_12	p11_0_0_1_2_3_12	results/progressive_SmallGroup_16_1_20260126T162940Z	results/progressive_SmallGroup_16_1_20260126T162940Z/best_codes/SmallGroup_16_1__AAp11_0_0_1_3_8_12_BBp11_0_0_1_2_3_12_k4_d35	best_codes/collected/SmallGroup_16_1__AAp11_0_0_1_3_8_12_BBp11_0_0_1_2_3_12_k4_d35
SmallGroup_16_1__AAp11_0_0_1_10_14_15_BBp11_0_0_1_2_3_12_k4_d32	SmallGroup_16_1_	576	4	32	1000000	dist-m4ri	p11_0_0_1_10_14_15	p11_0_0_1_2_3_12	results/progressive_SmallGroup_16_1_20260126T162940Z	results/progressive_SmallGroup_16_1_20260126T162940Z/best_codes/SmallGroup_16_1__AAp11_0_0_1_10_14_15_BBp11_0_0_1_2_3_12_k4_d32	best_codes/collected/SmallGroup_16_1__AAp11_0_0_1_10_14_15_BBp11_0_0_1_2_3_12_k4_d32
SmallGroup_16_1__AAp11_0_0_1_10_14_15_BBp11_0_0_1_2_3_12_k4_d31	SmallGroup_16_1_	576	4	31	1000000	dist-m4ri	p11_0_0_1_10_14_15	p11_0_0_1_2_3_12	results/progressive_SmallGroup_16_1_20260126T162940Z	results/progressive_SmallGroup_16_1_20260126T162940Z/best_codes/SmallGroup_16_1__AAp11_0_0_1_10_14_15_BBp11_0_0_1_2_3_12_k4_d31	best_codes/collected/SmallGroup_16_1__AAp11_0_0_1_10_14_15_BBp11_0_0_1_2_3_12_k4_d31
SmallGroup_16_1__AAp11_0_0_1_10_14_15_BBp11_0_0_1_2_3_12_k4_d30	SmallGroup_16_1_	576	4	30	1400000	dist-m4ri	p11_0_0_1_10_14_15	p11_0_0_1_2_3_12	results/progressive_SmallGroup_16_1_20260127T143136Z	results/progressive_SmallGroup_16_1_20260127T143136Z/best_codes/SmallGroup_16_1__AAp11_0_0_1_10_14_15_BBp11_0_0_1_2_3_12_k4_d30	best_codes/collected/SmallGroup_16_1__AAp11_0_0_1_10_14_15_BBp11_0_0_1_2_3_12_k4_d30
SmallGroup_16_1__AAp11_0_0_1_10_10_13_BBp11_0_5_6_9_11_13_k4_d23	SmallGroup_16_1_	576	4	23	1400000	dist-m4ri	p11_0_0_1_10_10_13	p11_0_5_6_9_11_13	results/progressive_SmallGroup_16_1_20260127T143136Z	results/progressive_SmallGroup_16_1_20260127T143136Z/best_codes/SmallGroup_16_1__AAp11_0_0_1_10_10_13_BBp11_0_5_6_9_11_13_k4_d23	best_codes/collected/SmallGroup_16_1__AAp11_0_0_1_10_10_13_BBp11_0_5_6_9_11_13_k4_d23
SmallGroup_16_1__AAp11_0_0_1_10_10_13_BBp11_0_0_1_2_3_12_k4_d22	SmallGroup_16_1_	576	4	22	1400000	dist-m4ri	p11_0_0_1_10_10_13	p11_0_0_1_2_3_12	results/progressive_SmallGroup_16_1_20260127T143136Z	results/progressive_SmallGroup_16_1_20260127T143136Z/best_codes/SmallGroup_16_1__AAp11_0_0_1_10_10_13_BBp11_0_0_1_2_3_12_k4_d22	best_codes/collected/SmallGroup_16_1__AAp11_0_0_1_10_10_13_BBp11_0_0_1_2_3_12_k4_d22
SmallGroup_16_1__AAp11_0_0_1_10_10_13_BBp11_0_0_1_2_10_15_k4_d19	SmallGroup_16_1_	576	4	19	1400000	dist-m4ri	p11_0_0_1_10_10_13	p11_0_0_1_2_10_15	results/progressive_SmallGroup_16_1_20260127T143136Z	results/progressive_SmallGroup_16_1_20260127T143136Z/best_codes/SmallGroup_16_1__AAp11_0_0_1_10_10_13_BBp11_0_0_1_2_10_15_k4_d19	best_codes/collected/SmallGroup_16_1__AAp11_0_0_1_10_10_13_BBp11_0_0_1_2_10_15_k4_d19
SmallGroup_16_1__AAp11_0_1_6_9_11_13_BBp6_0_6_8_9_9_14_k6_d47	SmallGroup_16_1_	576	6	47	1000000	dist-m4ri	p11_0_1_6_9_11_13	p6_0_6_8_9_9_14	results/progressive_SmallGroup_16_1_20260126T162940Z	results/progressive_SmallGroup_16_1_20260126T162940Z/best_codes/SmallGroup_16_1__AAp11_0_1_6_9_11_13_BBp6_0_6_8_9_9_14_k6_d47	best_codes/collected/SmallGroup_16_1__AAp11_0_1_6_9_11_13_BBp6_0_6_8_9_9_14_k6_d47
SmallGroup_16_1__AAp11_0_5_7_8_12_13_BBp6_0_6_8_9_9_14_k6_d45	SmallGroup_16_1_	576	6	45	1000000	dist-m4ri	p11_0_5_7_8_12_13	p6_0_6_8_9_9_14	results/progressive_SmallGroup_16_1_20260126T162940Z	results/progressive_SmallGroup_16_1_20260126T162940Z/best_codes/SmallGroup_16_1__AAp11_0_5_7_8_12_13_BBp6_0_6_8_9_9_14_k6_d45	best_codes/collected/SmallGroup_16_1__AAp11_0_5_7_8_12_13_BBp6_0_6_8_9_9_14_k6_d45
SmallGroup_16_1__AAp20_0_2_3_6_9_11_BBp6_0_3_6_12_12_14_k6_d45	SmallGroup_16_1_	576	6	45	1000000	dist-m4ri	p20_0_2_3_6_9_11	p6_0_3_6_12_12_14	results/progressive_SmallGroup_16_1_20260126T162940Z	results/progressive_SmallGroup_16_1_20260126T162940Z/best_codes/SmallGroup_16_1__AAp20_0_2_3_6_9_11_BBp6_0_3_6_12_12_14_k6_d45	best_codes/collected/SmallGroup_16_1__AAp20_0_2_3_6_9_11_BBp6_0_3_6_12_12_14_k6_d45
SmallGroup_16_1__AAp20_0_1_2_5_7_11_BBp6_0_3_6_12_12_14_k6_d43	SmallGroup_16_1_	576	6	43	1000000	dist-m4ri	p20_0_1_2_5_7_11	p6_0_3_6_12_12_14	results/progressive_SmallGroup_16_1_20260126T162940Z	results/progressive_SmallGroup_16_1_20260126T162940Z/best_codes/SmallGroup_16_1__AAp20_0_1_2_5_7_11_BBp6_0_3_6_12_12_14_k6_d43	best_codes/collected/SmallGroup_16_1__AAp20_0_1_2_5_7_11_BBp6_0_3_6_12_12_14_k6_d43
SmallGroup_16_1__AAp20_0_1_2_5_7_11_BBp6_0_1_8_9_9_14_k6_d42	SmallGroup_16_1_	576	6	42	1000000	dist-m4ri	p20_0_1_2_5_7_11	p6_0_1_8_9_9_14	results/progressive_SmallGroup_16_1_20260126T162940Z	results/progressive_SmallGroup_16_1_20260126T162940Z/best_codes/SmallGroup_16_1__AAp20_0_1_2_5_7_11_BBp6_0_1_8_9_9_14_k6_d42	best_codes/collected/SmallGroup_16_1__AAp20_0_1_2_5_7_11_BBp6_0_1_8_9_9_14_k6_d42
SmallGroup_16_1__AAp20_0_1_2_5_7_11_BBp6_0_5_8_9_9_14_k6_d42	SmallGroup_16_1_	576	6	42	1000000	dist-m4ri	p20_0_1_2_5_7_11	p6_0_5_8_9_9_14	results/progressive_SmallGroup_16_1_20260126T162940Z	results/progressive_SmallGroup_16_1_20260126T162940Z/best_codes/SmallGroup_16_1__AAp20_0_1_2_5_7_11_BBp6_0_5_8_9_9_14_k6_d42	best_codes/collected/SmallGroup_16_1__AAp20_0_1_2_5_7_11_BBp6_0_5_8_9_9_14_k6_d42
SmallGroup_16_1__AAp11_0_2_5_8_9_11_BBp6_0_6_8_9_9_14_k6_d41	SmallGroup_16_1_	576	6	41	1000000	dist-m4ri	p11_0_2_5_8_9_11	p6_0_6_8_9_9_14	results/progressive_SmallGroup_16_1_20260126T162940Z	results/progressive_SmallGroup_16_1_20260126T162940Z/best_codes/SmallGroup_16_1__AAp11_0_2_5_8_9_11_BBp6_0_6_8_9_9_14_k6_d41	best_codes/collected/SmallGroup_16_1__AAp11_0_2_5_8_9_11_BBp6_0_6_8_9_9_14_k6_d41
SmallGroup_16_1__AAp11_0_0_1_10_14_15_BBp6_0_3_6_12_12_14_k6_d36	SmallGroup_16_1_	576	6	36	1000000	dist-m4ri	p11_0_0_1_10_14_15	p6_0_3_6_12_12_14	results/progressive_SmallGroup_16_1_20260126T162940Z	results/progressive_SmallGroup_16_1_20260126T162940Z/best_codes/SmallGroup_16_1__AAp11_0_0_1_10_14_15_BBp6_0_3_6_12_12_14_k6_d36	best_codes/collected/SmallGroup_16_1__AAp11_0_0_1_10_14_15_BBp6_0_3_6_12_12_14_k6_d36
SmallGroup_16_1__AAp11_0_3_5_8_10_15_BBp6_0_1_5_6_6_15_k6_d36	SmallGroup_16_1_	576	6	36	1000000	dist-m4ri	p11_0_3_5_8_10_15	p6_0_1_5_6_6_15	results/progressive_SmallGroup_16_1_20260126T162940Z	results/progressive_SmallGroup_16_1_20260126T162940Z/best_codes/SmallGroup_16_1__AAp11_0_3_5_8_10_15_BBp6_0_1_5_6_6_15_k6_d36	best_codes/collected/SmallGroup_16_1__AAp11_0_3_5_8_10_15_BBp6_0_1_5_6_6_15_k6_d36
SmallGroup_16_1__AAp11_0_2_5_8_9_11_BBp6_0_1_5_6_6_15_k6_d35	SmallGroup_16_1_	576	6	35	1000000	dist-m4ri	p11_0_2_5_8_9_11	p6_0_1_5_6_6_15	results/progressive_SmallGroup_16_1_20260126T162940Z	results/progressive_SmallGroup_16_1_20260126T162940Z/best_codes/SmallGroup_16_1__AAp11_0_2_5_8_9_11_BBp6_0_1_5_6_6_15_k6_d35	best_codes/collected/SmallGroup_16_1__AAp11_0_2_5_8_9_11_BBp6_0_1_5_6_6_15_k6_d35
SmallGroup_16_1__AAp11_0_0_1_3_9_12_BBp6_0_5_8_9_9_14_k6_d34	SmallGroup_16_1_	576	6	34	1000000	dist-m4ri	p11_0_0_1_3_9_12	p6_0_5_8_9_9_14	results/progressive_SmallGroup_16_1_20260126T162940Z	results/progressive_SmallGroup_16_1_20260126T162940Z/best_codes/SmallGroup_16_1__AAp11_0_0_1_3_9_12_BBp6_0_5_8_9_9_14_k6_d34	best_codes/collected/SmallGroup_16_1__AAp11_0_0_1_3_9_12_BBp6_0_5_8_9_9_14_k6_d34
SmallGroup_16_1__AAp20_0_2_3_6_9_11_BBp6_0_1_5_6_6_15_k6_d34	SmallGroup_16_1_	576	6	34	1000000	dist-m4ri	p20_0_2_3_6_9_11	p6_0_1_5_6_6_15	results/progressive_SmallGroup_16_1_20260126T162940Z	results/progressive_SmallGroup_16_1_20260126T162940Z/best_codes/SmallGroup_16_1__AAp20_0_2_3_6_9_11_BBp6_0_1_5_6_6_15_k6_d34	best_codes/collected/SmallGroup_16_1__AAp20_0_2_3_6_9_11_BBp6_0_1_5_6_6_15_k6_d34
SmallGroup_16_1__AAp11_0_5_8_10_13_14_BBp6_0_6_8_10_12_12_k6_d33	SmallGroup_16_1_	576	6	33	1000000	dist-m4ri	p11_0_5_8_10_13_14	p6_0_6_8_10_12_12	results/progressive_SmallGroup_16_1_20260126T162940Z	results/progressive_SmallGroup_16_1_20260126T162940Z/best_codes/SmallGroup_16_1__AAp11_0_5_8_10_13_14_BBp6_0_6_8_10_12_12_k6_d33	best_codes/collected/SmallGroup_16_1__AAp11_0_5_8_10_13_14_BBp6_0_6_8_10_12_12_k6_d33
SmallGroup_16_1__AAp20_0_1_2_5_7_11_BBp6_0_1_5_6_6_15_k6_d33	SmallGroup_16_1_	576	6	33	1000000	dist-m4ri	p20_0_1_2_5_7_11	p6_0_1_5_6_6_15	results/progressive_SmallGroup_16_1_20260126T162940Z	results/progressive_SmallGroup_16_1_20260126T162940Z/best_codes/SmallGroup_16_1__AAp20_0_1_2_5_7_11_BBp6_0_1_5_6_6_15_k6_d33	best_codes/collected/SmallGroup_16_1__AAp20_0_1_2_5_7_11_BBp6_0_1_5_6_6_15_k6_d33
SmallGroup_16_1__AAp22_0_1_2_5_7_10_BBp11_0_1_3_6_11_13_k6_d33	SmallGroup_16_1_	576	6	33	1000000	dist-m4ri	p22_0_1_2_5_7_10	p11_0_1_3_6_11_13	results/progressive_SmallGroup_16_1_20260126T162940Z	results/progressive_SmallGroup_16_1_20260126T162940Z/best_codes/SmallGroup_16_1__AAp22_0_1_2_5_7_10_BBp11_0_1_3_6_11_13_k6_d33	best_codes/collected/SmallGroup_16_1__AAp22_0_1_2_5_7_10_BBp11_0_1_3_6_11_13_k6_d33
SmallGroup_16_1__AAp11_0_5_7_8_12_13_BBp6_0_1_5_6_6_15_k6_d32	SmallGroup_16_1_	576	6	32	1000000	dist-m4ri	p11_0_5_7_8_12_13	p6_0_1_5_6_6_15	results/progressive_SmallGroup_16_1_20260126T162940Z	results/progressive_SmallGroup_16_1_20260126T162940Z/best_codes/SmallGroup_16_1__AAp11_0_5_7_8_12_13_BBp6_0_1_5_6_6_15_k6_d32	best_codes/collected/SmallGroup_16_1__AAp11_0_5_7_8_12_13_BBp6_0_1_5_6_6_15_k6_d32
SmallGroup_16_1__AAp27_0_1_3_3_9_13_BBp6_0_2_6_11_11_14_k6_d32	SmallGroup_16_1_	576	6	32	1000000	dist-m4ri	p27_0_1_3_3_9_13	p6_0_2_6_11_11_14	results/progressive_SmallGroup_16_1_20260126T162940Z	results/progressive_SmallGroup_16_1_20260126T162940Z/best_codes/SmallGroup_16_1__AAp27_0_1_3_3_9_13_BBp6_0_2_6_11_11_14_k6_d32	best_codes/collected/SmallGroup_16_1__AAp27_0_1_3_3_9_13_BBp6_0_2_6_11_11_14_k6_d32
SmallGroup_16_1__AAp20_0_2_3_6_9_11_BBp6_0_2_6_11_11_14_k6_d31	SmallGroup_16_1_	576	6	31	1000000	dist-m4ri	p20_0_2_3_6_9_11	p6_0_2_6_11_11_14	results/progressive_SmallGroup_16_1_20260126T162940Z	results/progressive_SmallGroup_16_1_20260126T162940Z/best_codes/SmallGroup_16_1__AAp20_0_2_3_6_9_11_BBp6_0_2_6_11_11_14_k6_d31	best_codes/collected/SmallGroup_16_1__AAp20_0_2_3_6_9_11_BBp6_0_2_6_11_11_14_k6_d31
SmallGroup_16_1__AAp22_0_1_2_5_7_10_BBp11_0_1_3_6_11_13_k6_d31	SmallGroup_16_1_	576	6	31	1400000	dist-m4ri	p22_0_1_2_5_7_10	p11_0_1_3_6_11_13	results/progressive_SmallGroup_16_1_20260127T143136Z	results/progressive_SmallGroup_16_1_20260127T143136Z/best_codes/SmallGroup_16_1__AAp22_0_1_2_5_7_10_BBp11_0_1_3_6_11_13_k6_d31	best_codes/collected/SmallGroup_16_1__AAp22_0_1_2_5_7_10_BBp11_0_1_3_6_11_13_k6_d31
SmallGroup_16_1__AAp11_0_1_2_4_5_14_BBp6_0_2_6_11_11_14_k6_d30	SmallGroup_16_1_	576	6	30	1000000	dist-m4ri	p11_0_1_2_4_5_14	p6_0_2_6_11_11_14	results/progressive_SmallGroup_16_1_20260126T162940Z	results/progressive_SmallGroup_16_1_20260126T162940Z/best_codes/SmallGroup_16_1__AAp11_0_1_2_4_5_14_BBp6_0_2_6_11_11_14_k6_d30	best_codes/collected/SmallGroup_16_1__AAp11_0_1_2_4_5_14_BBp6_0_2_6_11_11_14_k6_d30
SmallGroup_16_1__AAp20_0_1_2_5_7_11_BBp6_0_2_6_11_11_14_k6_d29	SmallGroup_16_1_	576	6	29	1000000	dist-m4ri	p20_0_1_2_5_7_11	p6_0_2_6_11_11_14	results/progressive_SmallGroup_16_1_20260126T162940Z	results/progressive_SmallGroup_16_1_20260126T162940Z/best_codes/SmallGroup_16_1__AAp20_0_1_2_5_7_11_BBp6_0_2_6_11_11_14_k6_d29	best_codes/collected/SmallGroup_16_1__AAp20_0_1_2_5_7_11_BBp6_0_2_6_11_11_14_k6_d29
SmallGroup_16_1__AAp11_0_1_2_4_12_14_BBp6_0_2_6_11_11_14_k6_d28	SmallGroup_16_1_	576	6	28	1000000	dist-m4ri	p11_0_1_2_4_12_14	p6_0_2_6_11_11_14	results/progressive_SmallGroup_16_1_20260126T162940Z	results/progressive_SmallGroup_16_1_20260126T162940Z/best_codes/SmallGroup_16_1__AAp11_0_1_2_4_12_14_BBp6_0_2_6_11_11_14_k6_d28	best_codes/collected/SmallGroup_16_1__AAp11_0_1_2_4_12_14_BBp6_0_2_6_11_11_14_k6_d28
SmallGroup_16_1__AAp11_0_0_1_3_14_15_BBp23_0_6_7_8_9_10_k6_d27	SmallGroup_16_1_	576	6	27	1000000	dist-m4ri	p11_0_0_1_3_14_15	p23_0_6_7_8_9_10	results/progressive_SmallGroup_16_1_20260126T162940Z	results/progressive_SmallGroup_16_1_20260126T162940Z/best_codes/SmallGroup_16_1__AAp11_0_0_1_3_14_15_BBp23_0_6_7_8_9_10_k6_d27	best_codes/collected/SmallGroup_16_1__AAp11_0_0_1_3_14_15_BBp23_0_6_7_8_9_10_k6_d27
SmallGroup_16_1__AAp11_0_0_1_3_8_12_BBp0_0_1_3_4_7_13_k6_d26	SmallGroup_16_1_	576	6	26	1400000	dist-m4ri	p11_0_0_1_3_8_12	p0_0_1_3_4_7_13	results/progressive_SmallGroup_16_1_20260127T143136Z	results/progressive_SmallGroup_16_1_20260127T143136Z/best_codes/SmallGroup_16_1__AAp11_0_0_1_3_8_12_BBp0_0_1_3_4_7_13_k6_d26	best_codes/collected/SmallGroup_16_1__AAp11_0_0_1_3_8_12_BBp0_0_1_3_4_7_13_k6_d26
SmallGroup_16_1__AAp22_0_1_2_5_7_10_BBp11_0_0_1_2_3_11_k6_d25	SmallGroup_16_1_	576	6	25	1400000	dist-m4ri	p22_0_1_2_5_7_10	p11_0_0_1_2_3_11	results/progressive_SmallGroup_16_1_20260127T143136Z	results/progressive_SmallGroup_16_1_20260127T143136Z/best_codes/SmallGroup_16_1__AAp22_0_1_2_5_7_10_BBp11_0_0_1_2_3_11_k6_d25	best_codes/collected/SmallGroup_16_1__AAp22_0_1_2_5_7_10_BBp11_0_0_1_2_3_11_k6_d25
SmallGroup_16_1__AAp11_0_0_1_10_14_15_BBp19_0_3_8_9_11_12_k6_d24	SmallGroup_16_1_	576	6	24	1000000	dist-m4ri	p11_0_0_1_10_14_15	p19_0_3_8_9_11_12	results/progressive_SmallGroup_16_1_20260126T162940Z	results/progressive_SmallGroup_16_1_20260126T162940Z/best_codes/SmallGroup_16_1__AAp11_0_0_1_10_14_15_BBp19_0_3_8_9_11_12_k6_d24	best_codes/collected/SmallGroup_16_1__AAp11_0_0_1_10_14_15_BBp19_0_3_8_9_11_12_k6_d24
SmallGroup_16_1__AAp11_0_0_1_10_14_15_BBp23_0_6_7_8_9_10_k6_d24	SmallGroup_16_1_	576	6	24	1400000	dist-m4ri	p11_0_0_1_10_14_15	p23_0_6_7_8_9_10	results/progressive_SmallGroup_16_1_20260127T143136Z	results/progressive_SmallGroup_16_1_20260127T143136Z/best_codes/SmallGroup_16_1__AAp11_0_0_1_10_14_15_BBp23_0_6_7_8_9_10_k6_d24	best_codes/collected/SmallGroup_16_1__AAp11_0_0_1_10_14_15_BBp23_0_6_7_8_9_10_k6_d24
SmallGroup_16_1__AAp22_0_1_2_5_7_10_BBp11_0_0_1_2_3_12_k6_d24	SmallGroup_16_1_	576	6	24	1000000	dist-m4ri	p22_0_1_2_5_7_10	p11_0_0_1_2_3_12	results/progressive_SmallGroup_16_1_20260126T162940Z	results/progressive_SmallGroup_16_1_20260126T162940Z/best_codes/SmallGroup_16_1__AAp22_0_1_2_5_7_10_BBp11_0_0_1_2_3_12_k6_d24	best_codes/collected/SmallGroup_16_1__AAp22_0_1_2_5_7_10_BBp11_0_0_1_2_3_12_k6_d24
SmallGroup_16_1__AAp0_0_0_1_1_1_10_BBp11_0_5_6_9_11_13_k6_d16	SmallGroup_16_1_	576	6	16	1400000	dist-m4ri	p0_0_0_1_1_1_10	p11_0_5_6_9_11_13	results/progressive_SmallGroup_16_1_20260127T143136Z	results/progressive_SmallGroup_16_1_20260127T143136Z/best_codes/SmallGroup_16_1__AAp0_0_0_1_1_1_10_BBp11_0_5_6_9_11_13_k6_d16	best_codes/collected/SmallGroup_16_1__AAp0_0_0_1_1_1_10_BBp11_0_5_6_9_11_13_k6_d16
SmallGroup_16_1__AAp27_0_1_2_2_3_12_BBp11_0_2_4_6_14_15_k8_d54	SmallGroup_16_1_	576	8	54	1000000	dist-m4ri	p27_0_1_2_2_3_12	p11_0_2_4_6_14_15	results/progressive_SmallGroup_16_1_20260126T162940Z	results/progressive_SmallGroup_16_1_20260126T162940Z/best_codes/SmallGroup_16_1__AAp27_0_1_2_2_3_12_BBp11_0_2_4_6_14_15_k8_d54	best_codes/collected/SmallGroup_16_1__AAp27_0_1_2_2_3_12_BBp11_0_2_4_6_14_15_k8_d54
SmallGroup_16_1__AAp20_0_2_3_6_9_11_BBp11_0_2_4_6_14_15_k8_d53	SmallGroup_16_1_	576	8	53	1000000	dist-m4ri	p20_0_2_3_6_9_11	p11_0_2_4_6_14_15	results/progressive_SmallGroup_16_1_20260126T162940Z	results/progressive_SmallGroup_16_1_20260126T162940Z/best_codes/SmallGroup_16_1__AAp20_0_2_3_6_9_11_BBp11_0_2_4_6_14_15_k8_d53	best_codes/collected/SmallGroup_16_1__AAp20_0_2_3_6_9_11_BBp11_0_2_4_6_14_15_k8_d53
SmallGroup_16_1__AAp27_0_1_6_6_10_15_BBp11_0_2_4_6_14_15_k8_d52	SmallGroup_16_1_	576	8	52	1000000	dist-m4ri	p27_0_1_6_6_10_15	p11_0_2_4_6_14_15	results/progressive_SmallGroup_16_1_20260126T162940Z	results/progressive_SmallGroup_16_1_20260126T162940Z/best_codes/SmallGroup_16_1__AAp27_0_1_6_6_10_15_BBp11_0_2_4_6_14_15_k8_d52	best_codes/collected/SmallGroup_16_1__AAp27_0_1_6_6_10_15_BBp11_0_2_4_6_14_15_k8_d52
SmallGroup_16_1__AAp11_0_1_5_8_11_12_BBp11_0_2_3_7_9_11_k8_d51	SmallGroup_16_1_	576	8	51	1000000	dist-m4ri	p11_0_1_5_8_11_12	p11_0_2_3_7_9_11	results/progressive_SmallGroup_16_1_20260126T162940Z	results/progressive_SmallGroup_16_1_20260126T162940Z/best_codes/SmallGroup_16_1__AAp11_0_1_5_8_11_12_BBp11_0_2_3_7_9_11_k8_d51	best_codes/collected/SmallGroup_16_1__AAp11_0_1_5_8_11_12_BBp11_0_2_3_7_9_11_k8_d51
SmallGroup_16_1__AAp20_0_2_3_6_9_11_BBp11_0_2_4_13_14_15_k8_d50	SmallGroup_16_1_	576	8	50	1000000	dist-m4ri	p20_0_2_3_6_9_11	p11_0_2_4_13_14_15	results/progressive_SmallGroup_16_1_20260126T162940Z	results/progressive_SmallGroup_16_1_20260126T162940Z/best_codes/SmallGroup_16_1__AAp20_0_2_3_6_9_11_BBp11_0_2_4_13_14_15_k8_d50	best_codes/collected/SmallGroup_16_1__AAp20_0_2_3_6_9_11_BBp11_0_2_4_13_14_15_k8_d50
SmallGroup_16_1__AAp20_0_2_3_7_9_12_BBp11_0_2_3_5_9_13_k8_d49	SmallGroup_16_1_	576	8	49	1000000	dist-m4ri	p20_0_2_3_7_9_12	p11_0_2_3_5_9_13	results/progressive_SmallGroup_16_1_20260126T162940Z	results/progressive_SmallGroup_16_1_20260126T162940Z/best_codes/SmallGroup_16_1__AAp20_0_2_3_7_9_12_BBp11_0_2_3_5_9_13_k8_d49	best_codes/collected/SmallGroup_16_1__AAp20_0_2_3_7_9_12_BBp11_0_2_3_5_9_13_k8_d49
SmallGroup_16_1__AAp20_0_2_3_6_9_11_BBp11_0_2_4_13_14_15_k8_d48	SmallGroup_16_1_	576	8	48	1000000	dist-m4ri	p20_0_2_3_6_9_11	p11_0_2_4_13_14_15	results/progressive_SmallGroup_16_1_20260126T162940Z	results/progressive_SmallGroup_16_1_20260126T162940Z/best_codes/SmallGroup_16_1__AAp20_0_2_3_6_9_11_BBp11_0_2_4_13_14_15_k8_d48	best_codes/collected/SmallGroup_16_1__AAp20_0_2_3_6_9_11_BBp11_0_2_4_13_14_15_k8_d48
SmallGroup_16_1__AAp20_0_1_2_5_7_11_BBp11_0_2_3_6_9_12_k8_d47	SmallGroup_16_1_	576	8	47	1400000	dist-m4ri	p20_0_1_2_5_7_11	p11_0_2_3_6_9_12	results/progressive_SmallGroup_16_1_20260127T143136Z	results/progressive_SmallGroup_16_1_20260127T143136Z/best_codes/SmallGroup_16_1__AAp20_0_1_2_5_7_11_BBp11_0_2_3_6_9_12_k8_d47	best_codes/collected/SmallGroup_16_1__AAp20_0_1_2_5_7_11_BBp11_0_2_3_6_9_12_k8_d47
SmallGroup_16_1__AAp20_0_1_2_5_7_11_BBp11_0_2_3_7_9_11_k8_d47	SmallGroup_16_1_	576	8	47	1000000	dist-m4ri	p20_0_1_2_5_7_11	p11_0_2_3_7_9_11	results/progressive_SmallGroup_16_1_20260126T162940Z	results/progressive_SmallGroup_16_1_20260126T162940Z/best_codes/SmallGroup_16_1__AAp20_0_1_2_5_7_11_BBp11_0_2_3_7_9_11_k8_d47	best_codes/collected/SmallGroup_16_1__AAp20_0_1_2_5_7_11_BBp11_0_2_3_7_9_11_k8_d47
SmallGroup_16_1__AAp20_0_2_3_6_9_11_BBp11_0_2_3_5_9_13_k8_d47	SmallGroup_16_1_	576	8	47	1000000	dist-m4ri	p20_0_2_3_6_9_11	p11_0_2_3_5_9_13	results/progressive_SmallGroup_16_1_20260126T162940Z	results/progressive_SmallGroup_16_1_20260126T162940Z/best_codes/SmallGroup_16_1__AAp20_0_2_3_6_9_11_BBp11_0_2_3_5_9_13_k8_d47	best_codes/collected/SmallGroup_16_1__AAp20_0_2_3_6_9_11_BBp11_0_2_3_5_9_13_k8_d47
SmallGroup_16_1__AAp27_0_1_2_2_3_12_BBp11_0_2_4_13_14_15_k8_d47	SmallGroup_16_1_	576	8	47	1000000	dist-m4ri	p27_0_1_2_2_3_12	p11_0_2_4_13_14_15	results/progressive_SmallGroup_16_1_20260126T162940Z	results/progressive_SmallGroup_16_1_20260126T162940Z/best_codes/SmallGroup_16_1__AAp27_0_1_2_2_3_12_BBp11_0_2_4_13_14_15_k8_d47	best_codes/collected/SmallGroup_16_1__AAp27_0_1_2_2_3_12_BBp11_0_2_4_13_14_15_k8_d47
SmallGroup_16_1__AAp11_0_5_7_8_12_13_BBp11_0_0_1_4_8_15_k8_d46	SmallGroup_16_1_	576	8	46	1000000	dist-m4ri	p11_0_5_7_8_12_13	p11_0_0_1_4_8_15	results/progressive_SmallGroup_16_1_20260126T162940Z	results/progressive_SmallGroup_16_1_20260126T162940Z/best_codes/SmallGroup_16_1__AAp11_0_5_7_8_12_13_BBp11_0_0_1_4_8_15_k8_d46	best_codes/collected/SmallGroup_16_1__AAp11_0_5_7_8_12_13_BBp11_0_0_1_4_8_15_k8_d46
SmallGroup_16_1__AAp20_0_1_2_5_7_11_BBp11_0_2_3_6_9_12_k8_d46	SmallGroup_16_1_	576	8	46	1000000	dist-m4ri	p20_0_1_2_5_7_11	p11_0_2_3_6_9_12	results/progressive_SmallGroup_16_1_20260126T162940Z	results/progressive_SmallGroup_16_1_20260126T162940Z/best_codes/SmallGroup_16_1__AAp20_0_1_2_5_7_11_BBp11_0_2_3_6_9_12_k8_d46	best_codes/collected/SmallGroup_16_1__AAp20_0_1_2_5_7_11_BBp11_0_2_3_6_9_12_k8_d46
SmallGroup_16_1__AAp20_0_2_3_6_9_11_BBp11_0_2_3_5_9_13_k8_d46	SmallGroup_16_1_	576	8	46	1000000	dist-m4ri	p20_0_2_3_6_9_11	p11_0_2_3_5_9_13	results/progressive_SmallGroup_16_1_20260126T162940Z	results/progressive_SmallGroup_16_1_20260126T162940Z/best_codes/SmallGroup_16_1__AAp20_0_2_3_6_9_11_BBp11_0_2_3_5_9_13_k8_d46	best_codes/collected/SmallGroup_16_1__AAp20_0_2_3_6_9_11_BBp11_0_2_3_5_9_13_k8_d46
SmallGroup_16_1__AAp11_0_2_5_8_9_11_BBp11_0_2_3_6_9_12_k8_d45	SmallGroup_16_1_	576	8	45	1000000	dist-m4ri	p11_0_2_5_8_9_11	p11_0_2_3_6_9_12	results/progressive_SmallGroup_16_1_20260126T162940Z	results/progressive_SmallGroup_16_1_20260126T162940Z/best_codes/SmallGroup_16_1__AAp11_0_2_5_8_9_11_BBp11_0_2_3_6_9_12_k8_d45	best_codes/collected/SmallGroup_16_1__AAp11_0_2_5_8_9_11_BBp11_0_2_3_6_9_12_k8_d45
SmallGroup_16_1__AAp11_0_5_7_8_12_13_BBp11_0_0_1_4_9_15_k8_d45	SmallGroup_16_1_	576	8	45	1000000	dist-m4ri	p11_0_5_7_8_12_13	p11_0_0_1_4_9_15	results/progressive_SmallGroup_16_1_20260126T162940Z	results/progressive_SmallGroup_16_1_20260126T162940Z/best_codes/SmallGroup_16_1__AAp11_0_5_7_8_12_13_BBp11_0_0_1_4_9_15_k8_d45	best_codes/collected/SmallGroup_16_1__AAp11_0_5_7_8_12_13_BBp11_0_0_1_4_9_15_k8_d45
SmallGroup_16_1__AAp11_0_5_7_8_12_13_BBp11_0_0_1_4_8_15_k8_d43	SmallGroup_16_1_	576	8	43	1400000	dist-m4ri	p11_0_5_7_8_12_13	p11_0_0_1_4_8_15	results/progressive_SmallGroup_16_1_20260127T143136Z	results/progressive_SmallGroup_16_1_20260127T143136Z/best_codes/SmallGroup_16_1__AAp11_0_5_7_8_12_13_BBp11_0_0_1_4_8_15_k8_d43	best_codes/collected/SmallGroup_16_1__AAp11_0_5_7_8_12_13_BBp11_0_0_1_4_8_15_k8_d43
SmallGroup_16_1__AAp11_0_5_7_8_12_13_BBp11_0_2_3_6_9_12_k8_d43	SmallGroup_16_1_	576	8	43	1000000	dist-m4ri	p11_0_5_7_8_12_13	p11_0_2_3_6_9_12	results/progressive_SmallGroup_16_1_20260126T162940Z	results/progressive_SmallGroup_16_1_20260126T162940Z/best_codes/SmallGroup_16_1__AAp11_0_5_7_8_12_13_BBp11_0_2_3_6_9_12_k8_d43	best_codes/collected/SmallGroup_16_1__AAp11_0_5_7_8_12_13_BBp11_0_2_3_6_9_12_k8_d43
SmallGroup_16_1__AAp11_0_5_7_8_12_13_BBp11_0_2_3_6_9_12_k8_d42	SmallGroup_16_1_	576	8	42	1000000	dist-m4ri	p11_0_5_7_8_12_13	p11_0_2_3_6_9_12	results/progressive_SmallGroup_16_1_20260126T162940Z	results/progressive_SmallGroup_16_1_20260126T162940Z/best_codes/SmallGroup_16_1__AAp11_0_5_7_8_12_13_BBp11_0_2_3_6_9_12_k8_d42	best_codes/collected/SmallGroup_16_1__AAp11_0_5_7_8_12_13_BBp11_0_2_3_6_9_12_k8_d42
SmallGroup_16_1__AAp20_0_1_2_5_7_11_BBp11_0_2_3_5_9_13_k8_d42	SmallGroup_16_1_	576	8	42	1000000	dist-m4ri	p20_0_1_2_5_7_11	p11_0_2_3_5_9_13	results/progressive_SmallGroup_16_1_20260126T162940Z	results/progressive_SmallGroup_16_1_20260126T162940Z/best_codes/SmallGroup_16_1__AAp20_0_1_2_5_7_11_BBp11_0_2_3_5_9_13_k8_d42	best_codes/collected/SmallGroup_16_1__AAp20_0_1_2_5_7_11_BBp11_0_2_3_5_9_13_k8_d42
SmallGroup_16_1__AAp11_0_5_7_8_12_13_BBp11_0_0_1_4_8_15_k8_d41	SmallGroup_16_1_	576	8	41	1000000	dist-m4ri	p11_0_5_7_8_12_13	p11_0_0_1_4_8_15	results/progressive_SmallGroup_16_1_20260126T162940Z	results/progressive_SmallGroup_16_1_20260126T162940Z/best_codes/SmallGroup_16_1__AAp11_0_5_7_8_12_13_BBp11_0_0_1_4_8_15_k8_d41	best_codes/collected/SmallGroup_16_1__AAp11_0_5_7_8_12_13_BBp11_0_0_1_4_8_15_k8_d41
SmallGroup_16_1__AAp11_0_0_1_10_14_15_BBp11_0_2_3_6_9_12_k8_d40	SmallGroup_16_1_	576	8	40	1000000	dist-m4ri	p11_0_0_1_10_14_15	p11_0_2_3_6_9_12	results/progressive_SmallGroup_16_1_20260126T162940Z	results/progressive_SmallGroup_16_1_20260126T162940Z/best_codes/SmallGroup_16_1__AAp11_0_0_1_10_14_15_BBp11_0_2_3_6_9_12_k8_d40	best_codes/collected/SmallGroup_16_1__AAp11_0_0_1_10_14_15_BBp11_0_2_3_6_9_12_k8_d40
SmallGroup_16_1__AAp11_0_0_1_3_8_12_BBp11_0_2_3_5_9_13_k8_d40	SmallGroup_16_1_	576	8	40	1000000	dist-m4ri	p11_0_0_1_3_8_12	p11_0_2_3_5_9_13	results/progressive_SmallGroup_16_1_20260126T162940Z	results/progressive_SmallGroup_16_1_20260126T162940Z/best_codes/SmallGroup_16_1__AAp11_0_0_1_3_8_12_BBp11_0_2_3_5_9_13_k8_d40	best_codes/collected/SmallGroup_16_1__AAp11_0_0_1_3_8_12_BBp11_0_2_3_5_9_13_k8_d40
SmallGroup_16_1__AAp11_0_0_1_3_8_12_BBp27_0_5_10_10_11_14_k8_d40	SmallGroup_16_1_	576	8	40	1000000	dist-m4ri	p11_0_0_1_3_8_12	p27_0_5_10_10_11_14	results/progressive_SmallGroup_16_1_20260126T162940Z	results/progressive_SmallGroup_16_1_20260126T162940Z/best_codes/SmallGroup_16_1__AAp11_0_0_1_3_8_12_BBp27_0_5_10_10_11_14_k8_d40	best_codes/collected/SmallGroup_16_1__AAp11_0_0_1_3_8_12_BBp27_0_5_10_10_11_14_k8_d40
SmallGroup_16_1__AAp20_0_1_2_5_7_11_BBp11_0_2_3_5_9_13_k8_d40	SmallGroup_16_1_	576	8	40	1400000	dist-m4ri	p20_0_1_2_5_7_11	p11_0_2_3_5_9_13	results/progressive_SmallGroup_16_1_20260127T143136Z	results/progressive_SmallGroup_16_1_20260127T143136Z/best_codes/SmallGroup_16_1__AAp20_0_1_2_5_7_11_BBp11_0_2_3_5_9_13_k8_d40	best_codes/collected/SmallGroup_16_1__AAp20_0_1_2_5_7_11_BBp11_0_2_3_5_9_13_k8_d40
SmallGroup_16_1__AAp11_0_5_7_8_12_13_BBp11_0_2_3_6_9_12_k8_d36	SmallGroup_16_1_	576	8	36	1400000	dist-m4ri	p11_0_5_7_8_12_13	p11_0_2_3_6_9_12	results/progressive_SmallGroup_16_1_20260127T143136Z	results/progressive_SmallGroup_16_1_20260127T143136Z/best_codes/SmallGroup_16_1__AAp11_0_5_7_8_12_13_BBp11_0_2_3_6_9_12_k8_d36	best_codes/collected/SmallGroup_16_1__AAp11_0_5_7_8_12_13_BBp11_0_2_3_6_9_12_k8_d36
SmallGroup_16_1__AAp11_0_0_1_3_8_12_BBp11_0_2_3_5_9_13_k8_d35	SmallGroup_16_1_	576	8	35	1000000	dist-m4ri	p11_0_0_1_3_8_12	p11_0_2_3_5_9_13	results/progressive_SmallGroup_16_1_20260126T162940Z	results/progressive_SmallGroup_16_1_20260126T162940Z/best_codes/SmallGroup_16_1__AAp11_0_0_1_3_8_12_BBp11_0_2_3_5_9_13_k8_d35	best_codes/collected/SmallGroup_16_1__AAp11_0_0_1_3_8_12_BBp11_0_2_3_5_9_13_k8_d35
SmallGroup_16_1__AAp11_0_1_2_4_12_14_BBp11_0_2_3_5_9_13_k8_d35	SmallGroup_16_1_	576	8	35	1400000	dist-m4ri	p11_0_1_2_4_12_14	p11_0_2_3_5_9_13	results/progressive_SmallGroup_16_1_20260127T143136Z	results/progressive_SmallGroup_16_1_20260127T143136Z/best_codes/SmallGroup_16_1__AAp11_0_1_2_4_12_14_BBp11_0_2_3_5_9_13_k8_d35	best_codes/collected/SmallGroup_16_1__AAp11_0_1_2_4_12_14_BBp11_0_2_3_5_9_13_k8_d35
SmallGroup_16_1__AAp11_0_1_5_9_12_15_BBp11_0_2_4_6_14_15_k8_d53	SmallGroup_16_1_	576	8	34	1240000	dist-m4ri	p11_0_1_5_9_12_15	p11_0_2_4_6_14_15	results/progressive_SmallGroup_16_1_20260126T162940Z	results/progressive_SmallGroup_16_1_20260126T162940Z/best_codes/SmallGroup_16_1__AAp11_0_1_5_9_12_15_BBp11_0_2_4_6_14_15_k8_d53	best_codes/collected/SmallGroup_16_1__AAp11_0_1_5_9_12_15_BBp11_0_2_4_6_14_15_k8_d53
SmallGroup_16_1__AAp11_0_0_1_3_8_12_BBp11_0_2_3_5_9_13_k8_d33	SmallGroup_16_1_	576	8	33	1400000	dist-m4ri	p11_0_0_1_3_8_12	p11_0_2_3_5_9_13	results/progressive_SmallGroup_16_1_20260127T143136Z	results/progressive_SmallGroup_16_1_20260127T143136Z/best_codes/SmallGroup_16_1__AAp11_0_0_1_3_8_12_BBp11_0_2_3_5_9_13_k8_d33	best_codes/collected/SmallGroup_16_1__AAp11_0_0_1_3_8_12_BBp11_0_2_3_5_9_13_k8_d33
SmallGroup_16_1__AAp11_0_0_1_3_8_12_BBp11_0_2_3_5_9_13_k8_d32	SmallGroup_16_1_	576	8	32	1000000	dist-m4ri	p11_0_0_1_3_8_12	p11_0_2_3_5_9_13	results/progressive_SmallGroup_16_1_20260126T162940Z	results/progressive_SmallGroup_16_1_20260126T162940Z/best_codes/SmallGroup_16_1__AAp11_0_0_1_3_8_12_BBp11_0_2_3_5_9_13_k8_d32	best_codes/collected/SmallGroup_16_1__AAp11_0_0_1_3_8_12_BBp11_0_2_3_5_9_13_k8_d32
SmallGroup_16_1__AAp11_0_0_1_10_14_15_BBp11_0_2_3_5_9_13_k8_d26	SmallGroup_16_1_	576	8	26	1400000	dist-m4ri	p11_0_0_1_10_14_15	p11_0_2_3_5_9_13	results/progressive_SmallGroup_16_1_20260127T143136Z	results/progressive_SmallGroup_16_1_20260127T143136Z/best_codes/SmallGroup_16_1__AAp11_0_0_1_10_14_15_BBp11_0_2_3_5_9_13_k8_d26	best_codes/collected/SmallGroup_16_1__AAp11_0_0_1_10_14_15_BBp11_0_2_3_5_9_13_k8_d26
SmallGroup_16_1__AAp11_0_0_1_3_8_12_BBp11_0_5_6_9_11_13_k8_d24	SmallGroup_16_1_	576	8	24	1400000	dist-m4ri	p11_0_0_1_3_8_12	p11_0_5_6_9_11_13	results/progressive_SmallGroup_16_1_20260127T143136Z	results/progressive_SmallGroup_16_1_20260127T143136Z/best_codes/SmallGroup_16_1__AAp11_0_0_1_3_8_12_BBp11_0_5_6_9_11_13_k8_d24	best_codes/collected/SmallGroup_16_1__AAp11_0_0_1_3_8_12_BBp11_0_5_6_9_11_13_k8_d24
SmallGroup_16_1__AAp11_0_1_5_8_12_15_BBp20_0_6_8_10_11_14_k10_d48	SmallGroup_16_1_	576	10	48	2000000	dist-m4ri	p11_0_1_5_8_12_15	p20_0_6_8_10_11_14	results/progressive_SmallGroup_16_1_20260126T162940Z	results/progressive_SmallGroup_16_1_20260126T162940Z/best_codes/SmallGroup_16_1__AAp11_0_1_5_8_12_15_BBp20_0_6_8_10_11_14_k10_d48	best_codes/collected/SmallGroup_16_1__AAp11_0_1_5_8_12_15_BBp20_0_6_8_10_11_14_k10_d48
SmallGroup_16_1__AAp11_0_1_7_9_12_13_BBp20_0_1_2_3_5_9_k10_d48	SmallGroup_16_1_	576	10	48	1000000	dist-m4ri	p11_0_1_7_9_12_13	p20_0_1_2_3_5_9	results/progressive_SmallGroup_16_1_20260126T162940Z	results/progressive_SmallGroup_16_1_20260126T162940Z/best_codes/SmallGroup_16_1__AAp11_0_1_7_9_12_13_BBp20_0_1_2_3_5_9_k10_d48	best_codes/collected/SmallGroup_16_1__AAp11_0_1_7_9_12_13_BBp20_0_1_2_3_5_9_k10_d48
SmallGroup_16_1__AAp11_0_1_5_8_12_15_BBp20_0_6_8_10_11_14_k10_d47	SmallGroup_16_1_	576	10	47	2000000	dist-m4ri	p11_0_1_5_8_12_15	p20_0_6_8_10_11_14	results/progressive_SmallGroup_16_1_20260126T162940Z	results/progressive_SmallGroup_16_1_20260126T162940Z/best_codes/SmallGroup_16_1__AAp11_0_1_5_8_12_15_BBp20_0_6_8_10_11_14_k10_d47	best_codes/collected/SmallGroup_16_1__AAp11_0_1_5_8_12_15_BBp20_0_6_8_10_11_14_k10_d47
SmallGroup_16_1__AAp11_0_1_7_9_11_13_BBp20_0_1_8_10_12_14_k10_d46	SmallGroup_16_1_	576	10	46	2000000	dist-m4ri	p11_0_1_7_9_11_13	p20_0_1_8_10_12_14	results/progressive_SmallGroup_16_1_20260126T162940Z	results/progressive_SmallGroup_16_1_20260126T162940Z/best_codes/SmallGroup_16_1__AAp11_0_1_7_9_11_13_BBp20_0_1_8_10_12_14_k10_d46	best_codes/collected/SmallGroup_16_1__AAp11_0_1_7_9_11_13_BBp20_0_1_8_10_12_14_k10_d46
SmallGroup_16_1__AAp11_0_0_1_3_9_15_BBp20_0_7_8_10_12_14_k10_d43	SmallGroup_16_1_	576	10	43	1000000	dist-m4ri	p11_0_0_1_3_9_15	p20_0_7_8_10_12_14	results/progressive_SmallGroup_16_1_20260126T162940Z	results/progressive_SmallGroup_16_1_20260126T162940Z/best_codes/SmallGroup_16_1__AAp11_0_0_1_3_9_15_BBp20_0_7_8_10_12_14_k10_d43	best_codes/collected/SmallGroup_16_1__AAp11_0_0_1_3_9_15_BBp20_0_7_8_10_12_14_k10_d43
SmallGroup_16_1__AAp11_0_1_5_8_11_15_BBp20_0_1_8_10_12_14_k10_d43	SmallGroup_16_1_	576	10	43	1000000	dist-m4ri	p11_0_1_5_8_11_15	p20_0_1_8_10_12_14	results/progressive_SmallGroup_16_1_20260126T162940Z	results/progressive_SmallGroup_16_1_20260126T162940Z/best_codes/SmallGroup_16_1__AAp11_0_1_5_8_11_15_BBp20_0_1_8_10_12_14_k10_d43	best_codes/collected/SmallGroup_16_1__AAp11_0_1_5_8_11_15_BBp20_0_1_8_10_12_14_k10_d43
SmallGroup_16_1__AAp11_0_0_1_3_9_11_BBp20_0_1_8_10_12_14_k10_d42	SmallGroup_16_1_	576	10	42	1000000	dist-m4ri	p11_0_0_1_3_9_11	p20_0_1_8_10_12_14	results/progressive_SmallGroup_16_1_20260126T162940Z	results/progressive_SmallGroup_16_1_20260126T162940Z/best_codes/SmallGroup_16_1__AAp11_0_0_1_3_9_11_BBp20_0_1_8_10_12_14_k10_d42	best_codes/collected/SmallGroup_16_1__AAp11_0_0_1_3_9_11_BBp20_0_1_8_10_12_14_k10_d42
SmallGroup_16_1__AAp11_0_0_7_10_14_15_BBp20_0_7_8_10_12_14_k10_d42	SmallGroup_16_1_	576	10	42	1000000	dist-m4ri	p11_0_0_7_10_14_15	p20_0_7_8_10_12_14	results/progressive_SmallGroup_16_1_20260126T162940Z	results/progressive_SmallGroup_16_1_20260126T162940Z/best_codes/SmallGroup_16_1__AAp11_0_0_7_10_14_15_BBp20_0_7_8_10_12_14_k10_d42	best_codes/collected/SmallGroup_16_1__AAp11_0_0_7_10_14_15_BBp20_0_7_8_10_12_14_k10_d42
SmallGroup_16_1__AAp11_0_1_5_8_12_15_BBp20_0_1_2_3_5_9_k10_d42	SmallGroup_16_1_	576	10	42	1000000	dist-m4ri	p11_0_1_5_8_12_15	p20_0_1_2_3_5_9	results/progressive_SmallGroup_16_1_20260126T162940Z	results/progressive_SmallGroup_16_1_20260126T162940Z/best_codes/SmallGroup_16_1__AAp11_0_1_5_8_12_15_BBp20_0_1_2_3_5_9_k10_d42	best_codes/collected/SmallGroup_16_1__AAp11_0_1_5_8_12_15_BBp20_0_1_2_3_5_9_k10_d42
SmallGroup_16_1__AAp11_0_0_1_3_9_11_BBp20_0_1_8_10_12_14_k10_d41	SmallGroup_16_1_	576	10	41	1000000	dist-m4ri	p11_0_0_1_3_9_11	p20_0_1_8_10_12_14	results/progressive_SmallGroup_16_1_20260126T162940Z	results/progressive_SmallGroup_16_1_20260126T162940Z/best_codes/SmallGroup_16_1__AAp11_0_0_1_3_9_11_BBp20_0_1_8_10_12_14_k10_d41	best_codes/collected/SmallGroup_16_1__AAp11_0_0_1_3_9_11_BBp20_0_1_8_10_12_14_k10_d41
SmallGroup_16_1__AAp11_0_1_5_8_11_15_BBp20_0_6_8_10_11_14_k10_d45	SmallGroup_16_1_	576	10	41	2000000	dist-m4ri	p11_0_1_5_8_11_15	p20_0_6_8_10_11_14	results/progressive_SmallGroup_16_1_20260126T162940Z	results/progressive_SmallGroup_16_1_20260126T162940Z/best_codes/SmallGroup_16_1__AAp11_0_1_5_8_11_15_BBp20_0_6_8_10_11_14_k10_d45	best_codes/collected/SmallGroup_16_1__AAp11_0_1_5_8_11_15_BBp20_0_6_8_10_11_14_k10_d45
SmallGroup_16_1__AAp11_0_0_1_3_8_11_BBp20_0_7_8_10_12_14_k10_d40	SmallGroup_16_1_	576	10	40	1000000	dist-m4ri	p11_0_0_1_3_8_11	p20_0_7_8_10_12_14	results/progressive_SmallGroup_16_1_20260126T162940Z	results/progressive_SmallGroup_16_1_20260126T162940Z/best_codes/SmallGroup_16_1__AAp11_0_0_1_3_8_11_BBp20_0_7_8_10_12_14_k10_d40	best_codes/collected/SmallGroup_16_1__AAp11_0_0_1_3_8_11_BBp20_0_7_8_10_12_14_k10_d40
SmallGroup_16_1__AAp11_0_1_1_2_11_13_BBp20_0_1_2_3_5_9_k10_d40	SmallGroup_16_1_	576	10	40	1000000	dist-m4ri	p11_0_1_1_2_11_13	p20_0_1_2_3_5_9	results/progressive_SmallGroup_16_1_20260126T162940Z	results/progressive_SmallGroup_16_1_20260126T162940Z/best_codes/SmallGroup_16_1__AAp11_0_1_1_2_11_13_BBp20_0_1_2_3_5_9_k10_d40	best_codes/collected/SmallGroup_16_1__AAp11_0_1_1_2_11_13_BBp20_0_1_2_3_5_9_k10_d40
SmallGroup_16_1__AAp11_0_0_1_3_14_15_BBp27_0_5_10_10_11_14_k10_d39	SmallGroup_16_1_	576	10	39	1000000	dist-m4ri	p11_0_0_1_3_14_15	p27_0_5_10_10_11_14	results/progressive_SmallGroup_16_1_20260126T162940Z	results/progressive_SmallGroup_16_1_20260126T162940Z/best_codes/SmallGroup_16_1__AAp11_0_0_1_3_14_15_BBp27_0_5_10_10_11_14_k10_d39	best_codes/collected/SmallGroup_16_1__AAp11_0_0_1_3_14_15_BBp27_0_5_10_10_11_14_k10_d39
SmallGroup_16_1__AAp11_0_0_1_3_8_11_BBp20_0_1_8_10_12_14_k10_d39	SmallGroup_16_1_	576	10	39	1000000	dist-m4ri	p11_0_0_1_3_8_11	p20_0_1_8_10_12_14	results/progressive_SmallGroup_16_1_20260126T162940Z	results/progressive_SmallGroup_16_1_20260126T162940Z/best_codes/SmallGroup_16_1__AAp11_0_0_1_3_8_11_BBp20_0_1_8_10_12_14_k10_d39	best_codes/collected/SmallGroup_16_1__AAp11_0_0_1_3_8_11_BBp20_0_1_8_10_12_14_k10_d39
SmallGroup_16_1__AAp11_0_0_1_3_8_15_BBp20_0_1_8_10_12_14_k10_d39	SmallGroup_16_1_	576	10	39	1400000	dist-m4ri	p11_0_0_1_3_8_15	p20_0_1_8_10_12_14	results/progressive_SmallGroup_16_1_20260127T143136Z	results/progressive_SmallGroup_16_1_20260127T143136Z/best_codes/SmallGroup_16_1__AAp11_0_0_1_3_8_15_BBp20_0_1_8_10_12_14_k10_d39	best_codes/collected/SmallGroup_16_1__AAp11_0_0_1_3_8_15_BBp20_0_1_8_10_12_14_k10_d39
SmallGroup_16_1__AAp11_0_0_1_3_9_15_BBp20_0_1_2_3_5_9_k10_d39	SmallGroup_16_1_	576	10	39	1000000	dist-m4ri	p11_0_0_1_3_9_15	p20_0_1_2_3_5_9	results/progressive_SmallGroup_16_1_20260126T162940Z	results/progressive_SmallGroup_16_1_20260126T162940Z/best_codes/SmallGroup_16_1__AAp11_0_0_1_3_9_15_BBp20_0_1_2_3_5_9_k10_d39	best_codes/collected/SmallGroup_16_1__AAp11_0_0_1_3_9_15_BBp20_0_1_2_3_5_9_k10_d39
SmallGroup_16_1__AAp11_0_0_1_10_14_15_BBp27_0_5_10_10_11_14_k10_d38	SmallGroup_16_1_	576	10	38	1000000	dist-m4ri	p11_0_0_1_10_14_15	p27_0_5_10_10_11_14	results/progressive_SmallGroup_16_1_20260126T162940Z	results/progressive_SmallGroup_16_1_20260126T162940Z/best_codes/SmallGroup_16_1__AAp11_0_0_1_10_14_15_BBp27_0_5_10_10_11_14_k10_d38	best_codes/collected/SmallGroup_16_1__AAp11_0_0_1_10_14_15_BBp27_0_5_10_10_11_14_k10_d38
SmallGroup_16_1__AAp11_0_0_1_3_8_15_BBp20_0_1_8_10_12_14_k10_d38	SmallGroup_16_1_	576	10	38	1000000	dist-m4ri	p11_0_0_1_3_8_15	p20_0_1_8_10_12_14	results/progressive_SmallGroup_16_1_20260126T162940Z	results/progressive_SmallGroup_16_1_20260126T162940Z/best_codes/SmallGroup_16_1__AAp11_0_0_1_3_8_15_BBp20_0_1_8_10_12_14_k10_d38	best_codes/collected/SmallGroup_16_1__AAp11_0_0_1_3_8_15_BBp20_0_1_8_10_12_14_k10_d38
SmallGroup_16_1__AAp11_0_0_1_3_9_15_BBp20_0_1_2_3_5_9_k10_d37	SmallGroup_16_1_	576	10	37	1000000	dist-m4ri	p11_0_0_1_3_9_15	p20_0_1_2_3_5_9	results/progressive_SmallGroup_16_1_20260126T162940Z	results/progressive_SmallGroup_16_1_20260126T162940Z/best_codes/SmallGroup_16_1__AAp11_0_0_1_3_9_15_BBp20_0_1_2_3_5_9_k10_d37	best_codes/collected/SmallGroup_16_1__AAp11_0_0_1_3_9_15_BBp20_0_1_2_3_5_9_k10_d37
SmallGroup_16_1__AAp11_0_0_1_3_8_11_BBp20_0_1_8_10_12_14_k10_d36	SmallGroup_16_1_	576	10	36	1000000	dist-m4ri	p11_0_0_1_3_8_11	p20_0_1_8_10_12_14	results/progressive_SmallGroup_16_1_20260126T162940Z	results/progressive_SmallGroup_16_1_20260126T162940Z/best_codes/SmallGroup_16_1__AAp11_0_0_1_3_8_11_BBp20_0_1_8_10_12_14_k10_d36	best_codes/collected/SmallGroup_16_1__AAp11_0_0_1_3_8_11_BBp20_0_1_8_10_12_14_k10_d36
SmallGroup_16_1__AAp11_0_0_1_3_8_11_BBp20_0_1_8_10_12_14_k10_d35	SmallGroup_16_1_	576	10	35	1400000	dist-m4ri	p11_0_0_1_3_8_11	p20_0_1_8_10_12_14	results/progressive_SmallGroup_16_1_20260127T143136Z	results/progressive_SmallGroup_16_1_20260127T143136Z/best_codes/SmallGroup_16_1__AAp11_0_0_1_3_8_11_BBp20_0_1_8_10_12_14_k10_d35	best_codes/collected/SmallGroup_16_1__AAp11_0_0_1_3_8_11_BBp20_0_1_8_10_12_14_k10_d35
SmallGroup_16_1__AAp11_0_0_1_3_8_11_BBp20_0_1_2_3_5_9_k10_d34	SmallGroup_16_1_	576	10	34	1400000	dist-m4ri	p11_0_0_1_3_8_11	p20_0_1_2_3_5_9	results/progressive_SmallGroup_16_1_20260127T143136Z	results/progressive_SmallGroup_16_1_20260127T143136Z/best_codes/SmallGroup_16_1__AAp11_0_0_1_3_8_11_BBp20_0_1_2_3_5_9_k10_d34	best_codes/collected/SmallGroup_16_1__AAp11_0_0_1_3_8_11_BBp20_0_1_2_3_5_9_k10_d34
SmallGroup_16_1__AAp11_0_0_1_10_14_15_BBp20_0_1_8_10_12_14_k10_d33	SmallGroup_16_1_	576	10	33	1000000	dist-m4ri	p11_0_0_1_10_14_15	p20_0_1_8_10_12_14	results/progressive_SmallGroup_16_1_20260126T162940Z	results/progressive_SmallGroup_16_1_20260126T162940Z/best_codes/SmallGroup_16_1__AAp11_0_0_1_10_14_15_BBp20_0_1_8_10_12_14_k10_d33	best_codes/collected/SmallGroup_16_1__AAp11_0_0_1_10_14_15_BBp20_0_1_8_10_12_14_k10_d33
SmallGroup_16_1__AAp11_0_0_1_10_14_15_BBp20_0_1_8_10_12_14_k10_d32	SmallGroup_16_1_	576	10	32	1000000	dist-m4ri	p11_0_0_1_10_14_15	p20_0_1_8_10_12_14	results/progressive_SmallGroup_16_1_20260126T162940Z	results/progressive_SmallGroup_16_1_20260126T162940Z/best_codes/SmallGroup_16_1__AAp11_0_0_1_10_14_15_BBp20_0_1_8_10_12_14_k10_d32	best_codes/collected/SmallGroup_16_1__AAp11_0_0_1_10_14_15_BBp20_0_1_8_10_12_14_k10_d32
SmallGroup_16_1__AAp11_0_0_1_10_14_15_BBp20_0_6_8_10_11_14_k10_d32	SmallGroup_16_1_	576	10	32	1000000	dist-m4ri	p11_0_0_1_10_14_15	p20_0_6_8_10_11_14	results/progressive_SmallGroup_16_1_20260126T162940Z	results/progressive_SmallGroup_16_1_20260126T162940Z/best_codes/SmallGroup_16_1__AAp11_0_0_1_10_14_15_BBp20_0_6_8_10_11_14_k10_d32	best_codes/collected/SmallGroup_16_1__AAp11_0_0_1_10_14_15_BBp20_0_6_8_10_11_14_k10_d32
SmallGroup_16_1__AAp11_0_0_1_3_14_15_BBp20_0_1_2_3_5_9_k10_d31	SmallGroup_16_1_	576	10	31	1400000	dist-m4ri	p11_0_0_1_3_14_15	p20_0_1_2_3_5_9	results/progressive_SmallGroup_16_1_20260127T143136Z	results/progressive_SmallGroup_16_1_20260127T143136Z/best_codes/SmallGroup_16_1__AAp11_0_0_1_3_14_15_BBp20_0_1_2_3_5_9_k10_d31	best_codes/collected/SmallGroup_16_1__AAp11_0_0_1_3_14_15_BBp20_0_1_2_3_5_9_k10_d31
SmallGroup_16_1__AAp11_0_0_1_10_14_15_BBp20_0_1_2_3_5_9_k10_d30	SmallGroup_16_1_	576	10	30	1000000	dist-m4ri	p11_0_0_1_10_14_15	p20_0_1_2_3_5_9	results/progressive_SmallGroup_16_1_20260126T162940Z	results/progressive_SmallGroup_16_1_20260126T162940Z/best_codes/SmallGroup_16_1__AAp11_0_0_1_10_14_15_BBp20_0_1_2_3_5_9_k10_d30	best_codes/collected/SmallGroup_16_1__AAp11_0_0_1_10_14_15_BBp20_0_1_2_3_5_9_k10_d30
SmallGroup_16_1__AAp11_0_0_1_10_14_15_BBp20_0_1_2_3_5_9_k10_d29	SmallGroup_16_1_	576	10	29	1000000	dist-m4ri	p11_0_0_1_10_14_15	p20_0_1_2_3_5_9	results/progressive_SmallGroup_16_1_20260126T162940Z	results/progressive_SmallGroup_16_1_20260126T162940Z/best_codes/SmallGroup_16_1__AAp11_0_0_1_10_14_15_BBp20_0_1_2_3_5_9_k10_d29	best_codes/collected/SmallGroup_16_1__AAp11_0_0_1_10_14_15_BBp20_0_1_2_3_5_9_k10_d29
SmallGroup_16_1__AAp11_0_0_1_10_14_15_BBp20_0_1_2_3_5_9_k10_d28	SmallGroup_16_1_	576	10	28	1400000	dist-m4ri	p11_0_0_1_10_14_15	p20_0_1_2_3_5_9	results/progressive_SmallGroup_16_1_20260127T143136Z	results/progressive_SmallGroup_16_1_20260127T143136Z/best_codes/SmallGroup_16_1__AAp11_0_0_1_10_14_15_BBp20_0_1_2_3_5_9_k10_d28	best_codes/collected/SmallGroup_16_1__AAp11_0_0_1_10_14_15_BBp20_0_1_2_3_5_9_k10_d28
SmallGroup_16_1__AAp11_0_0_1_10_14_15_BBp11_0_5_6_9_11_13_k10_d24	SmallGroup_16_1_	576	10	24	1400000	dist-m4ri	p11_0_0_1_10_14_15	p11_0_5_6_9_11_13	results/progressive_SmallGroup_16_1_20260127T143136Z	results/progressive_SmallGroup_16_1_20260127T143136Z/best_codes/SmallGroup_16_1__AAp11_0_0_1_10_14_15_BBp11_0_5_6_9_11_13_k10_d24	best_codes/collected/SmallGroup_16_1__AAp11_0_0_1_10_14_15_BBp11_0_5_6_9_11_13_k10_d24
SmallGroup_16_1__AAp27_0_1_2_2_3_12_BBp20_0_7_8_10_12_14_k12_d48	SmallGroup_16_1_	576	12	48	1000000	dist-m4ri	p27_0_1_2_2_3_12	p20_0_7_8_10_12_14	results/progressive_SmallGroup_16_1_20260126T162940Z	results/progressive_SmallGroup_16_1_20260126T162940Z/best_codes/SmallGroup_16_1__AAp27_0_1_2_2_3_12_BBp20_0_7_8_10_12_14_k12_d48	best_codes/collected/SmallGroup_16_1__AAp27_0_1_2_2_3_12_BBp20_0_7_8_10_12_14_k12_d48
SmallGroup_16_1__AAp20_0_2_3_6_9_15_BBp20_0_1_2_3_5_9_k12_d47	SmallGroup_16_1_	576	12	47	1000000	dist-m4ri	p20_0_2_3_6_9_15	p20_0_1_2_3_5_9	results/progressive_SmallGroup_16_1_20260126T162940Z	results/progressive_SmallGroup_16_1_20260126T162940Z/best_codes/SmallGroup_16_1__AAp20_0_2_3_6_9_15_BBp20_0_1_2_3_5_9_k12_d47	best_codes/collected/SmallGroup_16_1__AAp20_0_2_3_6_9_15_BBp20_0_1_2_3_5_9_k12_d47
SmallGroup_16_1__AAp27_0_5_7_7_9_11_BBp20_0_1_8_10_12_14_k12_d47	SmallGroup_16_1_	576	12	47	1000000	dist-m4ri	p27_0_5_7_7_9_11	p20_0_1_8_10_12_14	results/progressive_SmallGroup_16_1_20260126T162940Z	results/progressive_SmallGroup_16_1_20260126T162940Z/best_codes/SmallGroup_16_1__AAp27_0_5_7_7_9_11_BBp20_0_1_8_10_12_14_k12_d47	best_codes/collected/SmallGroup_16_1__AAp27_0_5_7_7_9_11_BBp20_0_1_8_10_12_14_k12_d47
SmallGroup_16_1__AAp20_0_2_3_7_9_12_BBp20_0_7_8_10_12_14_k12_d46	SmallGroup_16_1_	576	12	46	1000000	dist-m4ri	p20_0_2_3_7_9_12	p20_0_7_8_10_12_14	results/progressive_SmallGroup_16_1_20260126T162940Z	results/progressive_SmallGroup_16_1_20260126T162940Z/best_codes/SmallGroup_16_1__AAp20_0_2_3_7_9_12_BBp20_0_7_8_10_12_14_k12_d46	best_codes/collected/SmallGroup_16_1__AAp20_0_2_3_7_9_12_BBp20_0_7_8_10_12_14_k12_d46
SmallGroup_16_1__AAp20_0_8_10_13_14_15_BBp20_0_7_8_10_12_14_k12_d45	SmallGroup_16_1_	576	12	45	1000000	dist-m4ri	p20_0_8_10_13_14_15	p20_0_7_8_10_12_14	results/progressive_SmallGroup_16_1_20260126T162940Z	results/progressive_SmallGroup_16_1_20260126T162940Z/best_codes/SmallGroup_16_1__AAp20_0_8_10_13_14_15_BBp20_0_7_8_10_12_14_k12_d45	best_codes/collected/SmallGroup_16_1__AAp20_0_8_10_13_14_15_BBp20_0_7_8_10_12_14_k12_d45
SmallGroup_16_1__AAp27_0_1_2_2_3_12_BBp20_0_1_8_10_12_14_k12_d45	SmallGroup_16_1_	576	12	45	1000000	dist-m4ri	p27_0_1_2_2_3_12	p20_0_1_8_10_12_14	results/progressive_SmallGroup_16_1_20260126T162940Z	results/progressive_SmallGroup_16_1_20260126T162940Z/best_codes/SmallGroup_16_1__AAp27_0_1_2_2_3_12_BBp20_0_1_8_10_12_14_k12_d45	best_codes/collected/SmallGroup_16_1__AAp27_0_1_2_2_3_12_BBp20_0_1_8_10_12_14_k12_d45
SmallGroup_16_1__AAp20_0_1_2_5_7_11_BBp20_0_7_8_10_12_14_k12_d44	SmallGroup_16_1_	576	12	44	1400000	dist-m4ri	p20_0_1_2_5_7_11	p20_0_7_8_10_12_14	results/progressive_SmallGroup_16_1_20260127T143136Z	results/progressive_SmallGroup_16_1_20260127T143136Z/best_codes/SmallGroup_16_1__AAp20_0_1_2_5_7_11_BBp20_0_7_8_10_12_14_k12_d44	best_codes/collected/SmallGroup_16_1__AAp20_0_1_2_5_7_11_BBp20_0_7_8_10_12_14_k12_d44
SmallGroup_16_1__AAp20_0_2_3_6_9_11_BBp20_0_6_8_10_11_14_k12_d44	SmallGroup_16_1_	576	12	44	1000000	dist-m4ri	p20_0_2_3_6_9_11	p20_0_6_8_10_11_14	results/progressive_SmallGroup_16_1_20260126T162940Z	results/progressive_SmallGroup_16_1_20260126T162940Z/best_codes/SmallGroup_16_1__AAp20_0_2_3_6_9_11_BBp20_0_6_8_10_11_14_k12_d44	best_codes/collected/SmallGroup_16_1__AAp20_0_2_3_6_9_11_BBp20_0_6_8_10_11_14_k12_d44
SmallGroup_16_1__AAp20_0_2_3_6_9_11_BBp20_0_1_2_3_5_9_k12_d43	SmallGroup_16_1_	576	12	43	1000000	dist-m4ri	p20_0_2_3_6_9_11	p20_0_1_2_3_5_9	results/progressive_SmallGroup_16_1_20260126T162940Z	results/progressive_SmallGroup_16_1_20260126T162940Z/best_codes/SmallGroup_16_1__AAp20_0_2_3_6_9_11_BBp20_0_1_2_3_5_9_k12_d43	best_codes/collected/SmallGroup_16_1__AAp20_0_2_3_6_9_11_BBp20_0_1_2_3_5_9_k12_d43
SmallGroup_16_1__AAp20_0_1_2_5_7_11_BBp20_0_1_8_10_12_14_k12_d42	SmallGroup_16_1_	576	12	42	1000000	dist-m4ri	p20_0_1_2_5_7_11	p20_0_1_8_10_12_14	results/progressive_SmallGroup_16_1_20260126T162940Z	results/progressive_SmallGroup_16_1_20260126T162940Z/best_codes/SmallGroup_16_1__AAp20_0_1_2_5_7_11_BBp20_0_1_8_10_12_14_k12_d42	best_codes/collected/SmallGroup_16_1__AAp20_0_1_2_5_7_11_BBp20_0_1_8_10_12_14_k12_d42
SmallGroup_16_1__AAp20_0_2_3_6_9_11_BBp20_0_1_2_3_5_9_k12_d42	SmallGroup_16_1_	576	12	42	1400000	dist-m4ri	p20_0_2_3_6_9_11	p20_0_1_2_3_5_9	results/progressive_SmallGroup_16_1_20260127T143136Z	results/progressive_SmallGroup_16_1_20260127T143136Z/best_codes/SmallGroup_16_1__AAp20_0_2_3_6_9_11_BBp20_0_1_2_3_5_9_k12_d42	best_codes/collected/SmallGroup_16_1__AAp20_0_2_3_6_9_11_BBp20_0_1_2_3_5_9_k12_d42
SmallGroup_16_1__AAp20_0_1_2_5_7_11_BBp20_0_1_8_10_12_14_k12_d41	SmallGroup_16_1_	576	12	41	1000000	dist-m4ri	p20_0_1_2_5_7_11	p20_0_1_8_10_12_14	results/progressive_SmallGroup_16_1_20260126T162940Z	results/progressive_SmallGroup_16_1_20260126T162940Z/best_codes/SmallGroup_16_1__AAp20_0_1_2_5_7_11_BBp20_0_1_8_10_12_14_k12_d41	best_codes/collected/SmallGroup_16_1__AAp20_0_1_2_5_7_11_BBp20_0_1_8_10_12_14_k12_d41
SmallGroup_16_1__AAp20_0_1_2_5_7_15_BBp27_0_5_10_10_11_14_k12_d41	SmallGroup_16_1_	576	12	41	1000000	dist-m4ri	p20_0_1_2_5_7_15	p27_0_5_10_10_11_14	results/progressive_SmallGroup_16_1_20260126T162940Z	results/progressive_SmallGroup_16_1_20260126T162940Z/best_codes/SmallGroup_16_1__AAp20_0_1_2_5_7_15_BBp27_0_5_10_10_11_14_k12_d41	best_codes/collected/SmallGroup_16_1__AAp20_0_1_2_5_7_15_BBp27_0_5_10_10_11_14_k12_d41
SmallGroup_16_1__AAp20_0_1_2_5_7_11_BBp20_0_1_8_10_12_14_k12_d40	SmallGroup_16_1_	576	12	40	1000000	dist-m4ri	p20_0_1_2_5_7_11	p20_0_1_8_10_12_14	results/progressive_SmallGroup_16_1_20260126T162940Z	results/progressive_SmallGroup_16_1_20260126T162940Z/best_codes/SmallGroup_16_1__AAp20_0_1_2_5_7_11_BBp20_0_1_8_10_12_14_k12_d40	best_codes/collected/SmallGroup_16_1__AAp20_0_1_2_5_7_11_BBp20_0_1_8_10_12_14_k12_d40
SmallGroup_16_1__AAp11_0_5_7_8_12_13_BBp20_0_1_2_3_5_9_k12_d37	SmallGroup_16_1_	576	12	37	1400000	dist-m4ri	p11_0_5_7_8_12_13	p20_0_1_2_3_5_9	results/progressive_SmallGroup_16_1_20260127T143136Z	results/progressive_SmallGroup_16_1_20260127T143136Z/best_codes/SmallGroup_16_1__AAp11_0_5_7_8_12_13_BBp20_0_1_2_3_5_9_k12_d37	best_codes/collected/SmallGroup_16_1__AAp11_0_5_7_8_12_13_BBp20_0_1_2_3_5_9_k12_d37
SmallGroup_16_1__AAp11_0_5_7_8_12_13_BBp20_0_1_2_3_5_9_k12_d36	SmallGroup_16_1_	576	12	36	1000000	dist-m4ri	p11_0_5_7_8_12_13	p20_0_1_2_3_5_9	results/progressive_SmallGroup_16_1_20260126T162940Z	results/progressive_SmallGroup_16_1_20260126T162940Z/best_codes/SmallGroup_16_1__AAp11_0_5_7_8_12_13_BBp20_0_1_2_3_5_9_k12_d36	best_codes/collected/SmallGroup_16_1__AAp11_0_5_7_8_12_13_BBp20_0_1_2_3_5_9_k12_d36
SmallGroup_16_1__AAp11_0_5_7_8_12_13_BBp20_0_6_8_10_11_14_k12_d35	SmallGroup_16_1_	576	12	35	1000000	dist-m4ri	p11_0_5_7_8_12_13	p20_0_6_8_10_11_14	results/progressive_SmallGroup_16_1_20260126T162940Z	results/progressive_SmallGroup_16_1_20260126T162940Z/best_codes/SmallGroup_16_1__AAp11_0_5_7_8_12_13_BBp20_0_6_8_10_11_14_k12_d35	best_codes/collected/SmallGroup_16_1__AAp11_0_5_7_8_12_13_BBp20_0_6_8_10_11_14_k12_d35
SmallGroup_16_1__AAp11_0_5_7_8_12_13_BBp20_0_1_2_3_5_9_k12_d34	SmallGroup_16_1_	576	12	34	1000000	dist-m4ri	p11_0_5_7_8_12_13	p20_0_1_2_3_5_9	results/progressive_SmallGroup_16_1_20260126T162940Z	results/progressive_SmallGroup_16_1_20260126T162940Z/best_codes/SmallGroup_16_1__AAp11_0_5_7_8_12_13_BBp20_0_1_2_3_5_9_k12_d34	best_codes/collected/SmallGroup_16_1__AAp11_0_5_7_8_12_13_BBp20_0_1_2_3_5_9_k12_d34
SmallGroup_16_1__AAp11_0_5_7_8_12_13_BBp20_0_1_2_3_5_9_k12_d33	SmallGroup_16_1_	576	12	33	1000000	dist-m4ri	p11_0_5_7_8_12_13	p20_0_1_2_3_5_9	results/progressive_SmallGroup_16_1_20260126T162940Z	results/progressive_SmallGroup_16_1_20260126T162940Z/best_codes/SmallGroup_16_1__AAp11_0_5_7_8_12_13_BBp20_0_1_2_3_5_9_k12_d33	best_codes/collected/SmallGroup_16_1__AAp11_0_5_7_8_12_13_BBp20_0_1_2_3_5_9_k12_d33
SmallGroup_16_1__AAp20_0_1_2_5_7_11_BBp27_0_5_10_10_11_14_k12_d32	SmallGroup_16_1_	576	12	32	1000000	dist-m4ri	p20_0_1_2_5_7_11	p27_0_5_10_10_11_14	results/progressive_SmallGroup_16_1_20260126T162940Z	results/progressive_SmallGroup_16_1_20260126T162940Z/best_codes/SmallGroup_16_1__AAp20_0_1_2_5_7_11_BBp27_0_5_10_10_11_14_k12_d32	best_codes/collected/SmallGroup_16_1__AAp20_0_1_2_5_7_11_BBp27_0_5_10_10_11_14_k12_d32
SmallGroup_16_1__AAp11_0_5_7_8_12_13_BBp20_0_1_2_3_5_9_k12_d31	SmallGroup_16_1_	576	12	31	1000000	dist-m4ri	p11_0_5_7_8_12_13	p20_0_1_2_3_5_9	results/progressive_SmallGroup_16_1_20260126T162940Z	results/progressive_SmallGroup_16_1_20260126T162940Z/best_codes/SmallGroup_16_1__AAp11_0_5_7_8_12_13_BBp20_0_1_2_3_5_9_k12_d31	best_codes/collected/SmallGroup_16_1__AAp11_0_5_7_8_12_13_BBp20_0_1_2_3_5_9_k12_d31
SmallGroup_16_1__AAp11_0_5_7_8_12_13_BBp27_0_5_10_10_11_14_k12_d31	SmallGroup_16_1_	576	12	31	1000000	dist-m4ri	p11_0_5_7_8_12_13	p27_0_5_10_10_11_14	results/progressive_SmallGroup_16_1_20260126T162940Z	results/progressive_SmallGroup_16_1_20260126T162940Z/best_codes/SmallGroup_16_1__AAp11_0_5_7_8_12_13_BBp27_0_5_10_10_11_14_k12_d31	best_codes/collected/SmallGroup_16_1__AAp11_0_5_7_8_12_13_BBp27_0_5_10_10_11_14_k12_d31
SmallGroup_16_1__AAp11_0_5_7_8_12_13_BBp11_0_5_6_9_11_13_k12_d24	SmallGroup_16_1_	576	12	24	1400000	dist-m4ri	p11_0_5_7_8_12_13	p11_0_5_6_9_11_13	results/progressive_SmallGroup_16_1_20260127T143136Z	results/progressive_SmallGroup_16_1_20260127T143136Z/best_codes/SmallGroup_16_1__AAp11_0_5_7_8_12_13_BBp11_0_5_6_9_11_13_k12_d24	best_codes/collected/SmallGroup_16_1__AAp11_0_5_7_8_12_13_BBp11_0_5_6_9_11_13_k12_d24
SmallGroup_16_1__AAp22_0_5_8_9_12_13_BBp20_0_6_8_10_11_14_k14_d35	SmallGroup_16_1_	576	14	35	1000000	dist-m4ri	p22_0_5_8_9_12_13	p20_0_6_8_10_11_14	results/progressive_SmallGroup_16_1_20260126T162940Z	results/progressive_SmallGroup_16_1_20260126T162940Z/best_codes/SmallGroup_16_1__AAp22_0_5_8_9_12_13_BBp20_0_6_8_10_11_14_k14_d35	best_codes/collected/SmallGroup_16_1__AAp22_0_5_8_9_12_13_BBp20_0_6_8_10_11_14_k14_d35
SmallGroup_16_1__AAp22_0_1_2_5_7_10_BBp20_0_1_8_10_12_14_k14_d33	SmallGroup_16_1_	576	14	33	1000000	dist-m4ri	p22_0_1_2_5_7_10	p20_0_1_8_10_12_14	results/progressive_SmallGroup_16_1_20260126T162940Z	results/progressive_SmallGroup_16_1_20260126T162940Z/best_codes/SmallGroup_16_1__AAp22_0_1_2_5_7_10_BBp20_0_1_8_10_12_14_k14_d33	best_codes/collected/SmallGroup_16_1__AAp22_0_1_2_5_7_10_BBp20_0_1_8_10_12_14_k14_d33
SmallGroup_16_1__AAp22_0_1_2_5_7_10_BBp20_0_1_8_10_12_14_k14_d32	SmallGroup_16_1_	576	14	32	1400000	dist-m4ri	p22_0_1_2_5_7_10	p20_0_1_8_10_12_14	results/progressive_SmallGroup_16_1_20260127T143136Z	results/progressive_SmallGroup_16_1_20260127T143136Z/best_codes/SmallGroup_16_1__AAp22_0_1_2_5_7_10_BBp20_0_1_8_10_12_14_k14_d32	best_codes/collected/SmallGroup_16_1__AAp22_0_1_2_5_7_10_BBp20_0_1_8_10_12_14_k14_d32
SmallGroup_16_1__AAp22_0_5_8_9_12_13_BBp20_0_6_8_10_11_14_k14_d31	SmallGroup_16_1_	576	14	31	1000000	dist-m4ri	p22_0_5_8_9_12_13	p20_0_6_8_10_11_14	results/progressive_SmallGroup_16_1_20260126T162940Z	results/progressive_SmallGroup_16_1_20260126T162940Z/best_codes/SmallGroup_16_1__AAp22_0_5_8_9_12_13_BBp20_0_6_8_10_11_14_k14_d31	best_codes/collected/SmallGroup_16_1__AAp22_0_5_8_9_12_13_BBp20_0_6_8_10_11_14_k14_d31
SmallGroup_16_1__AAp22_0_1_2_5_7_10_BBp20_0_1_8_10_12_14_k14_d30	SmallGroup_16_1_	576	14	30	1000000	dist-m4ri	p22_0_1_2_5_7_10	p20_0_1_8_10_12_14	results/progressive_SmallGroup_16_1_20260126T162940Z	results/progressive_SmallGroup_16_1_20260126T162940Z/best_codes/SmallGroup_16_1__AAp22_0_1_2_5_7_10_BBp20_0_1_8_10_12_14_k14_d30	best_codes/collected/SmallGroup_16_1__AAp22_0_1_2_5_7_10_BBp20_0_1_8_10_12_14_k14_d30
SmallGroup_16_1__AAp22_0_1_2_5_7_10_BBp27_0_5_10_10_11_14_k14_d26	SmallGroup_16_1_	576	14	26	1000000	dist-m4ri	p22_0_1_2_5_7_10	p27_0_5_10_10_11_14	results/progressive_SmallGroup_16_1_20260126T162940Z	results/progressive_SmallGroup_16_1_20260126T162940Z/best_codes/SmallGroup_16_1__AAp22_0_1_2_5_7_10_BBp27_0_5_10_10_11_14_k14_d26	best_codes/collected/SmallGroup_16_1__AAp22_0_1_2_5_7_10_BBp27_0_5_10_10_11_14_k14_d26
SmallGroup_16_1__AAp22_0_1_2_5_7_10_BBp11_0_5_6_9_11_13_k14_d24	SmallGroup_16_1_	576	14	24	1400000	dist-m4ri	p22_0_1_2_5_7_10	p11_0_5_6_9_11_13	results/progressive_SmallGroup_16_1_20260127T143136Z	results/progressive_SmallGroup_16_1_20260127T143136Z/best_codes/SmallGroup_16_1__AAp22_0_1_2_5_7_10_BBp11_0_5_6_9_11_13_k14_d24	best_codes/collected/SmallGroup_16_1__AAp22_0_1_2_5_7_10_BBp11_0_5_6_9_11_13_k14_d24
SmallGroup_16_1__AAp11_0_5_8_10_13_14_BBp16_0_6_10_11_13_15_k16_d35	SmallGroup_16_1_	576	16	35	1000000	dist-m4ri	p11_0_5_8_10_13_14	p16_0_6_10_11_13_15	results/progressive_SmallGroup_16_1_20260126T162940Z	results/progressive_SmallGroup_16_1_20260126T162940Z/best_codes/SmallGroup_16_1__AAp11_0_5_8_10_13_14_BBp16_0_6_10_11_13_15_k16_d35	best_codes/collected/SmallGroup_16_1__AAp11_0_5_8_10_13_14_BBp16_0_6_10_11_13_15_k16_d35
SmallGroup_16_1__AAp15_0_0_9_9_12_15_BBp27_0_5_10_10_11_14_k16_d33	SmallGroup_16_1_	576	16	33	1000000	dist-m4ri	p15_0_0_9_9_12_15	p27_0_5_10_10_11_14	results/progressive_SmallGroup_16_1_20260126T162940Z	results/progressive_SmallGroup_16_1_20260126T162940Z/best_codes/SmallGroup_16_1__AAp15_0_0_9_9_12_15_BBp27_0_5_10_10_11_14_k16_d33	best_codes/collected/SmallGroup_16_1__AAp15_0_0_9_9_12_15_BBp27_0_5_10_10_11_14_k16_d33
SmallGroup_16_1__AAp11_0_1_2_4_12_14_BBp16_0_1_3_5_7_12_k16_d32	SmallGroup_16_1_	576	16	32	1400000	dist-m4ri	p11_0_1_2_4_12_14	p16_0_1_3_5_7_12	results/progressive_SmallGroup_16_1_20260127T143136Z	results/progressive_SmallGroup_16_1_20260127T143136Z/best_codes/SmallGroup_16_1__AAp11_0_1_2_4_12_14_BBp16_0_1_3_5_7_12_k16_d32	best_codes/collected/SmallGroup_16_1__AAp11_0_1_2_4_12_14_BBp16_0_1_3_5_7_12_k16_d32
SmallGroup_16_1__AAp11_0_1_8_10_11_14_BBp16_0_6_10_11_13_15_k16_d31	SmallGroup_16_1_	576	16	31	1000000	dist-m4ri	p11_0_1_8_10_11_14	p16_0_6_10_11_13_15	results/progressive_SmallGroup_16_1_20260126T162940Z	results/progressive_SmallGroup_16_1_20260126T162940Z/best_codes/SmallGroup_16_1__AAp11_0_1_8_10_11_14_BBp16_0_6_10_11_13_15_k16_d31	best_codes/collected/SmallGroup_16_1__AAp11_0_1_8_10_11_14_BBp16_0_6_10_11_13_15_k16_d31
SmallGroup_16_1__AAp11_0_5_8_10_13_14_BBp16_0_6_10_11_13_15_k16_d31	SmallGroup_16_1_	576	16	31	1000000	dist-m4ri	p11_0_5_8_10_13_14	p16_0_6_10_11_13_15	results/progressive_SmallGroup_16_1_20260126T162940Z	results/progressive_SmallGroup_16_1_20260126T162940Z/best_codes/SmallGroup_16_1__AAp11_0_5_8_10_13_14_BBp16_0_6_10_11_13_15_k16_d31	best_codes/collected/SmallGroup_16_1__AAp11_0_5_8_10_13_14_BBp16_0_6_10_11_13_15_k16_d31
SmallGroup_16_1__AAp11_0_1_2_4_12_14_BBp16_0_1_3_5_7_12_k16_d30	SmallGroup_16_1_	576	16	30	1000000	dist-m4ri	p11_0_1_2_4_12_14	p16_0_1_3_5_7_12	results/progressive_SmallGroup_16_1_20260126T162940Z	results/progressive_SmallGroup_16_1_20260126T162940Z/best_codes/SmallGroup_16_1__AAp11_0_1_2_4_12_14_BBp16_0_1_3_5_7_12_k16_d30	best_codes/collected/SmallGroup_16_1__AAp11_0_1_2_4_12_14_BBp16_0_1_3_5_7_12_k16_d30
SmallGroup_16_1__AAp11_0_1_2_4_12_14_BBp16_0_1_3_5_7_12_k16_d29	SmallGroup_16_1_	576	16	29	1000000	dist-m4ri	p11_0_1_2_4_12_14	p16_0_1_3_5_7_12	results/progressive_SmallGroup_16_1_20260126T162940Z	results/progressive_SmallGroup_16_1_20260126T162940Z/best_codes/SmallGroup_16_1__AAp11_0_1_2_4_12_14_BBp16_0_1_3_5_7_12_k16_d29	best_codes/collected/SmallGroup_16_1__AAp11_0_1_2_4_12_14_BBp16_0_1_3_5_7_12_k16_d29
SmallGroup_16_1__AAp15_0_0_9_9_12_15_BBp27_0_5_10_10_11_14_k16_d29	SmallGroup_16_1_	576	16	29	1000000	dist-m4ri	p15_0_0_9_9_12_15	p27_0_5_10_10_11_14	results/progressive_SmallGroup_16_1_20260126T162940Z	results/progressive_SmallGroup_16_1_20260126T162940Z/best_codes/SmallGroup_16_1__AAp15_0_0_9_9_12_15_BBp27_0_5_10_10_11_14_k16_d29	best_codes/collected/SmallGroup_16_1__AAp15_0_0_9_9_12_15_BBp27_0_5_10_10_11_14_k16_d29
SmallGroup_16_1__AAp15_0_0_9_9_11_12_BBp27_0_5_10_10_11_14_k16_d28	SmallGroup_16_1_	576	16	28	1000000	dist-m4ri	p15_0_0_9_9_11_12	p27_0_5_10_10_11_14	results/progressive_SmallGroup_16_1_20260126T162940Z	results/progressive_SmallGroup_16_1_20260126T162940Z/best_codes/SmallGroup_16_1__AAp15_0_0_9_9_11_12_BBp27_0_5_10_10_11_14_k16_d28	best_codes/collected/SmallGroup_16_1__AAp15_0_0_9_9_11_12_BBp27_0_5_10_10_11_14_k16_d28
SmallGroup_16_1__AAp11_0_1_2_4_12_14_BBp11_0_5_6_9_11_13_k16_d24	SmallGroup_16_1_	576	16	24	1400000	dist-m4ri	p11_0_1_2_4_12_14	p11_0_5_6_9_11_13	results/progressive_SmallGroup_16_1_20260127T143136Z	results/progressive_SmallGroup_16_1_20260127T143136Z/best_codes/SmallGroup_16_1__AAp11_0_1_2_4_12_14_BBp11_0_5_6_9_11_13_k16_d24	best_codes/collected/SmallGroup_16_1__AAp11_0_1_2_4_12_14_BBp11_0_5_6_9_11_13_k16_d24
SmallGroup_16_1__AAp11_0_5_7_8_12_13_BBp5_0_2_4_5_9_15_k16_d24	SmallGroup_16_1_	576	16	24	1000000	dist-m4ri	p11_0_5_7_8_12_13	p5_0_2_4_5_9_15	results/progressive_SmallGroup_16_1_20260126T162940Z	results/progressive_SmallGroup_16_1_20260126T162940Z/best_codes/SmallGroup_16_1__AAp11_0_5_7_8_12_13_BBp5_0_2_4_5_9_15_k16_d24	best_codes/collected/SmallGroup_16_1__AAp11_0_5_7_8_12_13_BBp5_0_2_4_5_9_15_k16_d24
SmallGroup_16_1__AAp16_0_1_3_12_13_15_BBp11_0_5_6_9_11_13_k16_d24	SmallGroup_16_1_	576	16	24	1000000	dist-m4ri	p16_0_1_3_12_13_15	p11_0_5_6_9_11_13	results/progressive_SmallGroup_16_1_20260126T162940Z	results/progressive_SmallGroup_16_1_20260126T162940Z/best_codes/SmallGroup_16_1__AAp16_0_1_3_12_13_15_BBp11_0_5_6_9_11_13_k16_d24	best_codes/collected/SmallGroup_16_1__AAp16_0_1_3_12_13_15_BBp11_0_5_6_9_11_13_k16_d24
SmallGroup_16_1__AAp27_0_2_3_3_7_13_BBp11_0_5_6_9_11_13_k16_d24	SmallGroup_16_1_	576	16	24	1000000	dist-m4ri	p27_0_2_3_3_7_13	p11_0_5_6_9_11_13	results/progressive_SmallGroup_16_1_20260126T162940Z	results/progressive_SmallGroup_16_1_20260126T162940Z/best_codes/SmallGroup_16_1__AAp27_0_2_3_3_7_13_BBp11_0_5_6_9_11_13_k16_d24	best_codes/collected/SmallGroup_16_1__AAp27_0_2_3_3_7_13_BBp11_0_5_6_9_11_13_k16_d24
SmallGroup_16_1__AAp23_0_3_8_9_11_12_BBp11_0_5_6_9_11_13_k16_d21	SmallGroup_16_1_	576	16	21	1400000	dist-m4ri	p23_0_3_8_9_11_12	p11_0_5_6_9_11_13	results/progressive_SmallGroup_16_1_20260127T143136Z	results/progressive_SmallGroup_16_1_20260127T143136Z/best_codes/SmallGroup_16_1__AAp23_0_3_8_9_11_12_BBp11_0_5_6_9_11_13_k16_d21	best_codes/collected/SmallGroup_16_1__AAp23_0_3_8_9_11_12_BBp11_0_5_6_9_11_13_k16_d21
SmallGroup_16_1__AAp11_0_1_2_4_5_14_BBp27_0_5_10_10_11_14_k18_d40	SmallGroup_16_1_	576	18	38	1400000	dist-m4ri	p11_0_1_2_4_5_14	p27_0_5_10_10_11_14	results/progressive_SmallGroup_16_1_20260126T162940Z	results/progressive_SmallGroup_16_1_20260126T162940Z/best_codes/SmallGroup_16_1__AAp11_0_1_2_4_5_14_BBp27_0_5_10_10_11_14_k18_d40	best_codes/collected/SmallGroup_16_1__AAp11_0_1_2_4_5_14_BBp27_0_5_10_10_11_14_k18_d40
SmallGroup_16_1__AAp11_0_6_8_10_12_14_BBp27_0_2_3_3_7_13_k18_d37	SmallGroup_16_1_	576	18	37	1000000	dist-m4ri	p11_0_6_8_10_12_14	p27_0_2_3_3_7_13	results/progressive_SmallGroup_16_1_20260126T162940Z	results/progressive_SmallGroup_16_1_20260126T162940Z/best_codes/SmallGroup_16_1__AAp11_0_6_8_10_12_14_BBp27_0_2_3_3_7_13_k18_d37	best_codes/collected/SmallGroup_16_1__AAp11_0_6_8_10_12_14_BBp27_0_2_3_3_7_13_k18_d37
SmallGroup_16_1__AAp11_0_1_2_4_5_14_BBp27_0_5_10_10_11_14_k18_d36	SmallGroup_16_1_	576	18	36	1000000	dist-m4ri	p11_0_1_2_4_5_14	p27_0_5_10_10_11_14	results/progressive_SmallGroup_16_1_20260126T162940Z	results/progressive_SmallGroup_16_1_20260126T162940Z/best_codes/SmallGroup_16_1__AAp11_0_1_2_4_5_14_BBp27_0_5_10_10_11_14_k18_d36	best_codes/collected/SmallGroup_16_1__AAp11_0_1_2_4_5_14_BBp27_0_5_10_10_11_14_k18_d36
SmallGroup_16_1__AAp11_0_1_2_4_12_14_BBp27_0_2_3_3_7_13_k18_d35	SmallGroup_16_1_	576	18	35	1000000	dist-m4ri	p11_0_1_2_4_12_14	p27_0_2_3_3_7_13	results/progressive_SmallGroup_16_1_20260126T162940Z	results/progressive_SmallGroup_16_1_20260126T162940Z/best_codes/SmallGroup_16_1__AAp11_0_1_2_4_12_14_BBp27_0_2_3_3_7_13_k18_d35	best_codes/collected/SmallGroup_16_1__AAp11_0_1_2_4_12_14_BBp27_0_2_3_3_7_13_k18_d35
SmallGroup_16_1__AAp11_0_6_8_10_12_14_BBp27_0_2_3_3_7_13_k18_d35	SmallGroup_16_1_	576	18	35	1000000	dist-m4ri	p11_0_6_8_10_12_14	p27_0_2_3_3_7_13	results/progressive_SmallGroup_16_1_20260126T162940Z	results/progressive_SmallGroup_16_1_20260126T162940Z/best_codes/SmallGroup_16_1__AAp11_0_6_8_10_12_14_BBp27_0_2_3_3_7_13_k18_d35	best_codes/collected/SmallGroup_16_1__AAp11_0_6_8_10_12_14_BBp27_0_2_3_3_7_13_k18_d35
SmallGroup_16_1__AAp11_0_1_2_4_5_14_BBp27_0_2_3_3_7_13_k18_d34	SmallGroup_16_1_	576	18	34	1000000	dist-m4ri	p11_0_1_2_4_5_14	p27_0_2_3_3_7_13	results/progressive_SmallGroup_16_1_20260126T162940Z	results/progressive_SmallGroup_16_1_20260126T162940Z/best_codes/SmallGroup_16_1__AAp11_0_1_2_4_5_14_BBp27_0_2_3_3_7_13_k18_d34	best_codes/collected/SmallGroup_16_1__AAp11_0_1_2_4_5_14_BBp27_0_2_3_3_7_13_k18_d34
SmallGroup_16_1__AAp11_0_1_2_4_12_14_BBp27_0_2_3_3_7_13_k18_d32	SmallGroup_16_1_	576	18	32	1000000	dist-m4ri	p11_0_1_2_4_12_14	p27_0_2_3_3_7_13	results/progressive_SmallGroup_16_1_20260126T162940Z	results/progressive_SmallGroup_16_1_20260126T162940Z/best_codes/SmallGroup_16_1__AAp11_0_1_2_4_12_14_BBp27_0_2_3_3_7_13_k18_d32	best_codes/collected/SmallGroup_16_1__AAp11_0_1_2_4_12_14_BBp27_0_2_3_3_7_13_k18_d32
SmallGroup_16_1__AAp11_0_1_2_4_12_14_BBp27_0_5_10_10_11_14_k18_d32	SmallGroup_16_1_	576	18	32	1000000	dist-m4ri	p11_0_1_2_4_12_14	p27_0_5_10_10_11_14	results/progressive_SmallGroup_16_1_20260126T162940Z	results/progressive_SmallGroup_16_1_20260126T162940Z/best_codes/SmallGroup_16_1__AAp11_0_1_2_4_12_14_BBp27_0_5_10_10_11_14_k18_d32	best_codes/collected/SmallGroup_16_1__AAp11_0_1_2_4_12_14_BBp27_0_5_10_10_11_14_k18_d32
SmallGroup_16_1__AAp11_0_5_8_10_13_14_BBp27_0_2_3_3_7_13_k18_d32	SmallGroup_16_1_	576	18	32	1400000	dist-m4ri	p11_0_5_8_10_13_14	p27_0_2_3_3_7_13	results/progressive_SmallGroup_16_1_20260127T143136Z	results/progressive_SmallGroup_16_1_20260127T143136Z/best_codes/SmallGroup_16_1__AAp11_0_5_8_10_13_14_BBp27_0_2_3_3_7_13_k18_d32	best_codes/collected/SmallGroup_16_1__AAp11_0_5_8_10_13_14_BBp27_0_2_3_3_7_13_k18_d32
SmallGroup_16_1__AAp11_0_1_2_4_12_14_BBp27_0_2_3_3_7_13_k18_d31	SmallGroup_16_1_	576	18	31	1000000	dist-m4ri	p11_0_1_2_4_12_14	p27_0_2_3_3_7_13	results/progressive_SmallGroup_16_1_20260126T162940Z	results/progressive_SmallGroup_16_1_20260126T162940Z/best_codes/SmallGroup_16_1__AAp11_0_1_2_4_12_14_BBp27_0_2_3_3_7_13_k18_d31	best_codes/collected/SmallGroup_16_1__AAp11_0_1_2_4_12_14_BBp27_0_2_3_3_7_13_k18_d31
SmallGroup_16_1__AAp11_0_1_2_4_5_14_BBp27_0_2_3_3_7_13_k18_d31	SmallGroup_16_1_	576	18	31	1400000	dist-m4ri	p11_0_1_2_4_5_14	p27_0_2_3_3_7_13	results/progressive_SmallGroup_16_1_20260127T143136Z	results/progressive_SmallGroup_16_1_20260127T143136Z/best_codes/SmallGroup_16_1__AAp11_0_1_2_4_5_14_BBp27_0_2_3_3_7_13_k18_d31	best_codes/collected/SmallGroup_16_1__AAp11_0_1_2_4_5_14_BBp27_0_2_3_3_7_13_k18_d31
SmallGroup_16_1__AAp11_0_1_2_4_12_14_BBp20_0_3_5_9_10_12_k18_d30	SmallGroup_16_1_	576	18	30	1000000	dist-m4ri	p11_0_1_2_4_12_14	p20_0_3_5_9_10_12	results/progressive_SmallGroup_16_1_20260126T162940Z	results/progressive_SmallGroup_16_1_20260126T162940Z/best_codes/SmallGroup_16_1__AAp11_0_1_2_4_12_14_BBp20_0_3_5_9_10_12_k18_d30	best_codes/collected/SmallGroup_16_1__AAp11_0_1_2_4_12_14_BBp20_0_3_5_9_10_12_k18_d30
SmallGroup_16_1__AAp11_0_1_2_4_12_14_BBp27_0_2_3_3_7_13_k18_d30	SmallGroup_16_1_	576	18	30	1400000	dist-m4ri	p11_0_1_2_4_12_14	p27_0_2_3_3_7_13	results/progressive_SmallGroup_16_1_20260127T143136Z	results/progressive_SmallGroup_16_1_20260127T143136Z/best_codes/SmallGroup_16_1__AAp11_0_1_2_4_12_14_BBp27_0_2_3_3_7_13_k18_d30	best_codes/collected/SmallGroup_16_1__AAp11_0_1_2_4_12_14_BBp27_0_2_3_3_7_13_k18_d30
SmallGroup_16_1__AAp20_0_7_9_12_13_15_BBp20_0_2_4_7_8_15_k18_d24	SmallGroup_16_1_	576	18	24	1000000	dist-m4ri	p20_0_7_9_12_13_15	p20_0_2_4_7_8_15	results/progressive_SmallGroup_16_1_20260126T162940Z	results/progressive_SmallGroup_16_1_20260126T162940Z/best_codes/SmallGroup_16_1__AAp20_0_7_9_12_13_15_BBp20_0_2_4_7_8_15_k18_d24	best_codes/collected/SmallGroup_16_1__AAp20_0_7_9_12_13_15_BBp20_0_2_4_7_8_15_k18_d24
SmallGroup_16_1__AAp27_0_1_8_9_10_12_BBp27_0_2_3_3_7_13_k18_d24	SmallGroup_16_1_	576	18	24	1000000	dist-m4ri	p27_0_1_8_9_10_12	p27_0_2_3_3_7_13	results/progressive_SmallGroup_16_1_20260126T162940Z	results/progressive_SmallGroup_16_1_20260126T162940Z/best_codes/SmallGroup_16_1__AAp27_0_1_8_9_10_12_BBp27_0_2_3_3_7_13_k18_d24	best_codes/collected/SmallGroup_16_1__AAp27_0_1_8_9_10_12_BBp27_0_2_3_3_7_13_k18_d24
SmallGroup_16_1__AAp29_0_2_3_10_13_14_BBp11_0_5_6_9_11_13_k18_d20	SmallGroup_16_1_	576	18	20	1400000	dist-m4ri	p29_0_2_3_10_13_14	p11_0_5_6_9_11_13	results/progressive_SmallGroup_16_1_20260127T143136Z	results/progressive_SmallGroup_16_1_20260127T143136Z/best_codes/SmallGroup_16_1__AAp29_0_2_3_10_13_14_BBp11_0_5_6_9_11_13_k18_d20	best_codes/collected/SmallGroup_16_1__AAp29_0_2_3_10_13_14_BBp11_0_5_6_9_11_13_k18_d20
SmallGroup_16_1__AAp11_0_1_4_6_7_15_BBp27_0_2_3_3_7_13_k20_d31	SmallGroup_16_1_	576	20	31	1000000	dist-m4ri	p11_0_1_4_6_7_15	p27_0_2_3_3_7_13	results/progressive_SmallGroup_16_1_20260126T162940Z	results/progressive_SmallGroup_16_1_20260126T162940Z/best_codes/SmallGroup_16_1__AAp11_0_1_4_6_7_15_BBp27_0_2_3_3_7_13_k20_d31	best_codes/collected/SmallGroup_16_1__AAp11_0_1_4_6_7_15_BBp27_0_2_3_3_7_13_k20_d31
SmallGroup_16_1__AAp11_0_1_4_6_7_15_BBp27_0_5_10_10_11_14_k20_d31	SmallGroup_16_1_	576	20	31	1000000	dist-m4ri	p11_0_1_4_6_7_15	p27_0_5_10_10_11_14	results/progressive_SmallGroup_16_1_20260126T162940Z	results/progressive_SmallGroup_16_1_20260126T162940Z/best_codes/SmallGroup_16_1__AAp11_0_1_4_6_7_15_BBp27_0_5_10_10_11_14_k20_d31	best_codes/collected/SmallGroup_16_1__AAp11_0_1_4_6_7_15_BBp27_0_5_10_10_11_14_k20_d31
SmallGroup_16_1__AAp27_0_1_3_3_9_13_BBp27_0_2_3_3_7_13_k20_d30	SmallGroup_16_1_	576	20	30	1000000	dist-m4ri	p27_0_1_3_3_9_13	p27_0_2_3_3_7_13	results/progressive_SmallGroup_16_1_20260126T162940Z	results/progressive_SmallGroup_16_1_20260126T162940Z/best_codes/SmallGroup_16_1__AAp27_0_1_3_3_9_13_BBp27_0_2_3_3_7_13_k20_d30	best_codes/collected/SmallGroup_16_1__AAp27_0_1_3_3_9_13_BBp27_0_2_3_3_7_13_k20_d30
SmallGroup_16_1__AAp11_0_2_5_8_9_11_BBp27_0_2_3_3_7_13_k20_d28	SmallGroup_16_1_	576	20	28	1400000	dist-m4ri	p11_0_2_5_8_9_11	p27_0_2_3_3_7_13	results/progressive_SmallGroup_16_1_20260127T143136Z	results/progressive_SmallGroup_16_1_20260127T143136Z/best_codes/SmallGroup_16_1__AAp11_0_2_5_8_9_11_BBp27_0_2_3_3_7_13_k20_d28	best_codes/collected/SmallGroup_16_1__AAp11_0_2_5_8_9_11_BBp27_0_2_3_3_7_13_k20_d28
SmallGroup_16_1__AAp11_0_2_5_8_9_11_BBp27_0_5_10_10_11_14_k20_d28	SmallGroup_16_1_	576	20	28	1000000	dist-m4ri	p11_0_2_5_8_9_11	p27_0_5_10_10_11_14	results/progressive_SmallGroup_16_1_20260126T162940Z	results/progressive_SmallGroup_16_1_20260126T162940Z/best_codes/SmallGroup_16_1__AAp11_0_2_5_8_9_11_BBp27_0_5_10_10_11_14_k20_d28	best_codes/collected/SmallGroup_16_1__AAp11_0_2_5_8_9_11_BBp27_0_5_10_10_11_14_k20_d28
SmallGroup_16_1__AAp19_0_6_7_8_9_10_BBp27_0_5_10_10_11_14_k20_d28	SmallGroup_16_1_	576	20	28	1000000	dist-m4ri	p19_0_6_7_8_9_10	p27_0_5_10_10_11_14	results/progressive_SmallGroup_16_1_20260126T162940Z	results/progressive_SmallGroup_16_1_20260126T162940Z/best_codes/SmallGroup_16_1__AAp19_0_6_7_8_9_10_BBp27_0_5_10_10_11_14_k20_d28	best_codes/collected/SmallGroup_16_1__AAp19_0_6_7_8_9_10_BBp27_0_5_10_10_11_14_k20_d28
SmallGroup_16_1__AAp11_0_3_5_8_10_15_BBp27_0_2_3_3_7_13_k20_d27	SmallGroup_16_1_	576	20	27	1000000	dist-m4ri	p11_0_3_5_8_10_15	p27_0_2_3_3_7_13	results/progressive_SmallGroup_16_1_20260126T162940Z	results/progressive_SmallGroup_16_1_20260126T162940Z/best_codes/SmallGroup_16_1__AAp11_0_3_5_8_10_15_BBp27_0_2_3_3_7_13_k20_d27	best_codes/collected/SmallGroup_16_1__AAp11_0_3_5_8_10_15_BBp27_0_2_3_3_7_13_k20_d27
SmallGroup_16_1__AAp19_0_6_7_8_9_10_BBp27_0_2_3_3_7_13_k20_d26	SmallGroup_16_1_	576	20	26	1000000	dist-m4ri	p19_0_6_7_8_9_10	p27_0_2_3_3_7_13	results/progressive_SmallGroup_16_1_20260126T162940Z	results/progressive_SmallGroup_16_1_20260126T162940Z/best_codes/SmallGroup_16_1__AAp19_0_6_7_8_9_10_BBp27_0_2_3_3_7_13_k20_d26	best_codes/collected/SmallGroup_16_1__AAp19_0_6_7_8_9_10_BBp27_0_2_3_3_7_13_k20_d26
SmallGroup_16_1__AAp28_0_3_6_7_12_15_BBp20_0_3_5_9_10_12_k20_d26	SmallGroup_16_1_	576	20	26	1000000	dist-m4ri	p28_0_3_6_7_12_15	p20_0_3_5_9_10_12	results/progressive_SmallGroup_16_1_20260126T162940Z	results/progressive_SmallGroup_16_1_20260126T162940Z/best_codes/SmallGroup_16_1__AAp28_0_3_6_7_12_15_BBp20_0_3_5_9_10_12_k20_d26	best_codes/collected/SmallGroup_16_1__AAp28_0_3_6_7_12_15_BBp20_0_3_5_9_10_12_k20_d26
SmallGroup_16_1__AAp11_0_2_5_8_9_11_BBp27_0_2_3_3_7_13_k20_d24	SmallGroup_16_1_	576	20	24	1000000	dist-m4ri	p11_0_2_5_8_9_11	p27_0_2_3_3_7_13	results/progressive_SmallGroup_16_1_20260126T162940Z	results/progressive_SmallGroup_16_1_20260126T162940Z/best_codes/SmallGroup_16_1__AAp11_0_2_5_8_9_11_BBp27_0_2_3_3_7_13_k20_d24	best_codes/collected/SmallGroup_16_1__AAp11_0_2_5_8_9_11_BBp27_0_2_3_3_7_13_k20_d24
SmallGroup_16_1__AAp11_0_2_5_8_9_11_BBp27_0_5_10_10_11_14_k20_d24	SmallGroup_16_1_	576	20	24	1000000	dist-m4ri	p11_0_2_5_8_9_11	p27_0_5_10_10_11_14	results/progressive_SmallGroup_16_1_20260126T162940Z	results/progressive_SmallGroup_16_1_20260126T162940Z/best_codes/SmallGroup_16_1__AAp11_0_2_5_8_9_11_BBp27_0_5_10_10_11_14_k20_d24	best_codes/collected/SmallGroup_16_1__AAp11_0_2_5_8_9_11_BBp27_0_5_10_10_11_14_k20_d24
SmallGroup_16_1__AAp20_0_1_3_8_12_14_BBp20_0_2_4_7_8_15_k20_d24	SmallGroup_16_1_	576	20	24	1000000	dist-m4ri	p20_0_1_3_8_12_14	p20_0_2_4_7_8_15	results/progressive_SmallGroup_16_1_20260126T162940Z	results/progressive_SmallGroup_16_1_20260126T162940Z/best_codes/SmallGroup_16_1__AAp20_0_1_3_8_12_14_BBp20_0_2_4_7_8_15_k20_d24	best_codes/collected/SmallGroup_16_1__AAp20_0_1_3_8_12_14_BBp20_0_2_4_7_8_15_k20_d24
SmallGroup_16_1__AAp0_0_6_7_8_9_11_BBp11_0_5_6_9_11_13_k20_d20	SmallGroup_16_1_	576	20	20	1400000	dist-m4ri	p0_0_6_7_8_9_11	p11_0_5_6_9_11_13	results/progressive_SmallGroup_16_1_20260127T143136Z	results/progressive_SmallGroup_16_1_20260127T143136Z/best_codes/SmallGroup_16_1__AAp0_0_6_7_8_9_11_BBp11_0_5_6_9_11_13_k20_d20	best_codes/collected/SmallGroup_16_1__AAp0_0_6_7_8_9_11_BBp11_0_5_6_9_11_13_k20_d20
SmallGroup_16_1__AAp11_0_5_7_10_12_15_BBp20_0_3_5_9_10_12_k22_d30	SmallGroup_16_1_	576	22	30	1000000	dist-m4ri	p11_0_5_7_10_12_15	p20_0_3_5_9_10_12	results/progressive_SmallGroup_16_1_20260126T162940Z	results/progressive_SmallGroup_16_1_20260126T162940Z/best_codes/SmallGroup_16_1__AAp11_0_5_7_10_12_15_BBp20_0_3_5_9_10_12_k22_d30	best_codes/collected/SmallGroup_16_1__AAp11_0_5_7_10_12_15_BBp20_0_3_5_9_10_12_k22_d30
SmallGroup_16_1__AAp11_0_2_5_8_9_11_BBp20_0_3_6_8_10_13_k22_d29	SmallGroup_16_1_	576	22	29	1000000	dist-m4ri	p11_0_2_5_8_9_11	p20_0_3_6_8_10_13	results/progressive_SmallGroup_16_1_20260126T162940Z	results/progressive_SmallGroup_16_1_20260126T162940Z/best_codes/SmallGroup_16_1__AAp11_0_2_5_8_9_11_BBp20_0_3_6_8_10_13_k22_d29	best_codes/collected/SmallGroup_16_1__AAp11_0_2_5_8_9_11_BBp20_0_3_6_8_10_13_k22_d29
SmallGroup_16_1__AAp11_0_2_5_8_9_11_BBp20_0_3_6_8_10_13_k22_d28	SmallGroup_16_1_	576	22	28	1000000	dist-m4ri	p11_0_2_5_8_9_11	p20_0_3_6_8_10_13	results/progressive_SmallGroup_16_1_20260126T162940Z	results/progressive_SmallGroup_16_1_20260126T162940Z/best_codes/SmallGroup_16_1__AAp11_0_2_5_8_9_11_BBp20_0_3_6_8_10_13_k22_d28	best_codes/collected/SmallGroup_16_1__AAp11_0_2_5_8_9_11_BBp20_0_3_6_8_10_13_k22_d28
SmallGroup_16_1__AAp6_0_5_7_7_9_14_BBp27_0_2_3_3_7_13_k22_d28	SmallGroup_16_1_	576	22	28	1000000	dist-m4ri	p6_0_5_7_7_9_14	p27_0_2_3_3_7_13	results/progressive_SmallGroup_16_1_20260126T162940Z	results/progressive_SmallGroup_16_1_20260126T162940Z/best_codes/SmallGroup_16_1__AAp6_0_5_7_7_9_14_BBp27_0_2_3_3_7_13_k22_d28	best_codes/collected/SmallGroup_16_1__AAp6_0_5_7_7_9_14_BBp27_0_2_3_3_7_13_k22_d28
SmallGroup_16_1__AAp11_0_5_7_10_12_15_BBp20_0_3_5_9_10_12_k22_d27	SmallGroup_16_1_	576	22	27	1000000	dist-m4ri	p11_0_5_7_10_12_15	p20_0_3_5_9_10_12	results/progressive_SmallGroup_16_1_20260126T162940Z	results/progressive_SmallGroup_16_1_20260126T162940Z/best_codes/SmallGroup_16_1__AAp11_0_5_7_10_12_15_BBp20_0_3_5_9_10_12_k22_d27	best_codes/collected/SmallGroup_16_1__AAp11_0_5_7_10_12_15_BBp20_0_3_5_9_10_12_k22_d27
SmallGroup_16_1__AAp19_0_6_7_8_9_10_BBp20_0_3_5_9_10_12_k22_d26	SmallGroup_16_1_	576	22	26	1000000	dist-m4ri	p19_0_6_7_8_9_10	p20_0_3_5_9_10_12	results/progressive_SmallGroup_16_1_20260126T162940Z	results/progressive_SmallGroup_16_1_20260126T162940Z/best_codes/SmallGroup_16_1__AAp19_0_6_7_8_9_10_BBp20_0_3_5_9_10_12_k22_d26	best_codes/collected/SmallGroup_16_1__AAp19_0_6_7_8_9_10_BBp20_0_3_5_9_10_12_k22_d26
SmallGroup_16_1__AAp29_0_3_5_5_6_14_BBp27_0_2_3_3_7_13_k22_d26	SmallGroup_16_1_	576	22	26	1000000	dist-m4ri	p29_0_3_5_5_6_14	p27_0_2_3_3_7_13	results/progressive_SmallGroup_16_1_20260126T162940Z	results/progressive_SmallGroup_16_1_20260126T162940Z/best_codes/SmallGroup_16_1__AAp29_0_3_5_5_6_14_BBp27_0_2_3_3_7_13_k22_d26	best_codes/collected/SmallGroup_16_1__AAp29_0_3_5_5_6_14_BBp27_0_2_3_3_7_13_k22_d26
SmallGroup_16_1__AAp16_0_1_3_12_13_15_BBp20_0_3_5_9_10_12_k22_d25	SmallGroup_16_1_	576	22	25	1000000	dist-m4ri	p16_0_1_3_12_13_15	p20_0_3_5_9_10_12	results/progressive_SmallGroup_16_1_20260126T162940Z	results/progressive_SmallGroup_16_1_20260126T162940Z/best_codes/SmallGroup_16_1__AAp16_0_1_3_12_13_15_BBp20_0_3_5_9_10_12_k22_d25	best_codes/collected/SmallGroup_16_1__AAp16_0_1_3_12_13_15_BBp20_0_3_5_9_10_12_k22_d25
SmallGroup_16_1__AAp29_0_2_6_6_8_15_BBp27_0_2_3_3_7_13_k22_d25	SmallGroup_16_1_	576	22	25	1400000	dist-m4ri	p29_0_2_6_6_8_15	p27_0_2_3_3_7_13	results/progressive_SmallGroup_16_1_20260127T143136Z	results/progressive_SmallGroup_16_1_20260127T143136Z/best_codes/SmallGroup_16_1__AAp29_0_2_6_6_8_15_BBp27_0_2_3_3_7_13_k22_d25	best_codes/collected/SmallGroup_16_1__AAp29_0_2_6_6_8_15_BBp27_0_2_3_3_7_13_k22_d25
SmallGroup_16_1__AAp29_0_3_5_5_13_14_BBp27_0_5_10_10_11_14_k22_d25	SmallGroup_16_1_	576	22	25	1000000	dist-m4ri	p29_0_3_5_5_13_14	p27_0_5_10_10_11_14	results/progressive_SmallGroup_16_1_20260126T162940Z	results/progressive_SmallGroup_16_1_20260126T162940Z/best_codes/SmallGroup_16_1__AAp29_0_3_5_5_13_14_BBp27_0_5_10_10_11_14_k22_d25	best_codes/collected/SmallGroup_16_1__AAp29_0_3_5_5_13_14_BBp27_0_5_10_10_11_14_k22_d25
SmallGroup_16_1__AAp29_0_3_7_7_8_15_BBp27_0_2_3_3_7_13_k22_d24	SmallGroup_16_1_	576	22	24	1000000	dist-m4ri	p29_0_3_7_7_8_15	p27_0_2_3_3_7_13	results/progressive_SmallGroup_16_1_20260126T162940Z	results/progressive_SmallGroup_16_1_20260126T162940Z/best_codes/SmallGroup_16_1__AAp29_0_3_7_7_8_15_BBp27_0_2_3_3_7_13_k22_d24	best_codes/collected/SmallGroup_16_1__AAp29_0_3_7_7_8_15_BBp27_0_2_3_3_7_13_k22_d24
SmallGroup_16_1__AAp6_0_2_6_6_10_12_BBp27_0_5_10_10_11_14_k22_d24	SmallGroup_16_1_	576	22	24	1000000	dist-m4ri	p6_0_2_6_6_10_12	p27_0_5_10_10_11_14	results/progressive_SmallGroup_16_1_20260126T162940Z	results/progressive_SmallGroup_16_1_20260126T162940Z/best_codes/SmallGroup_16_1__AAp6_0_2_6_6_10_12_BBp27_0_5_10_10_11_14_k22_d24	best_codes/collected/SmallGroup_16_1__AAp6_0_2_6_6_10_12_BBp27_0_5_10_10_11_14_k22_d24
SmallGroup_16_1__AAp23_0_3_8_9_11_12_BBp27_0_3_4_4_13_15_k22_d20	SmallGroup_16_1_	576	22	20	1400000	dist-m4ri	p23_0_3_8_9_11_12	p27_0_3_4_4_13_15	results/progressive_SmallGroup_16_1_20260127T143136Z	results/progressive_SmallGroup_16_1_20260127T143136Z/best_codes/SmallGroup_16_1__AAp23_0_3_8_9_11_12_BBp27_0_3_4_4_13_15_k22_d20	best_codes/collected/SmallGroup_16_1__AAp23_0_3_8_9_11_12_BBp27_0_3_4_4_13_15_k22_d20
SmallGroup_16_1__AAp0_0_2_6_6_8_10_BBp27_0_2_3_3_7_13_k24_d24	SmallGroup_16_1_	576	24	24	1000000	dist-m4ri	p0_0_2_6_6_8_10	p27_0_2_3_3_7_13	results/progressive_SmallGroup_16_1_20260126T162940Z	results/progressive_SmallGroup_16_1_20260126T162940Z/best_codes/SmallGroup_16_1__AAp0_0_2_6_6_8_10_BBp27_0_2_3_3_7_13_k24_d24	best_codes/collected/SmallGroup_16_1__AAp0_0_2_6_6_8_10_BBp27_0_2_3_3_7_13_k24_d24
SmallGroup_16_1__AAp27_0_1_4_4_7_8_BBp27_0_3_4_4_13_15_k24_d20	SmallGroup_16_1_	576	24	20	1400000	dist-m4ri	p27_0_1_4_4_7_8	p27_0_3_4_4_13_15	results/progressive_SmallGroup_16_1_20260127T143136Z	results/progressive_SmallGroup_16_1_20260127T143136Z/best_codes/SmallGroup_16_1__AAp27_0_1_4_4_7_8_BBp27_0_3_4_4_13_15_k24_d20	best_codes/collected/SmallGroup_16_1__AAp27_0_1_4_4_7_8_BBp27_0_3_4_4_13_15_k24_d20
SmallGroup_16_1__AAp29_0_2_3_10_13_14_BBp27_0_3_4_4_13_15_k24_d19	SmallGroup_16_1_	576	24	19	1400000	dist-m4ri	p29_0_2_3_10_13_14	p27_0_3_4_4_13_15	results/progressive_SmallGroup_16_1_20260127T143136Z	results/progressive_SmallGroup_16_1_20260127T143136Z/best_codes/SmallGroup_16_1__AAp29_0_2_3_10_13_14_BBp27_0_3_4_4_13_15_k24_d19	best_codes/collected/SmallGroup_16_1__AAp29_0_2_3_10_13_14_BBp27_0_3_4_4_13_15_k24_d19
SmallGroup_16_1__AAp0_0_6_7_8_9_11_BBp27_0_3_4_4_13_15_k26_d20	SmallGroup_16_1_	576	26	20	1400000	dist-m4ri	p0_0_6_7_8_9_11	p27_0_3_4_4_13_15	results/progressive_SmallGroup_16_1_20260127T143136Z	results/progressive_SmallGroup_16_1_20260127T143136Z/best_codes/SmallGroup_16_1__AAp0_0_6_7_8_9_11_BBp27_0_3_4_4_13_15_k26_d20	best_codes/collected/SmallGroup_16_1__AAp0_0_6_7_8_9_11_BBp27_0_3_4_4_13_15_k26_d20
SmallGroup_16_1__AAp8_0_4_12_12_13_15_BBp27_0_3_4_4_13_15_k28_d20	SmallGroup_16_1_	576	28	20	1400000	dist-m4ri	p8_0_4_12_12_13_15	p27_0_3_4_4_13_15	results/progressive_SmallGroup_16_1_20260127T143136Z	results/progressive_SmallGroup_16_1_20260127T143136Z/best_codes/SmallGroup_16_1__AAp8_0_4_12_12_13_15_BBp27_0_3_4_4_13_15_k28_d20	best_codes/collected/SmallGroup_16_1__AAp8_0_4_12_12_13_15_BBp27_0_3_4_4_13_15_k28_d20
SmallGroup_16_1__AAp8_0_2_5_5_12_15_BBp27_0_3_4_4_13_15_k28_d18	SmallGroup_16_1_	576	28	18	1400000	dist-m4ri	p8_0_2_5_5_12_15	p27_0_3_4_4_13_15	results/progressive_SmallGroup_16_1_20260127T143136Z	results/progressive_SmallGroup_16_1_20260127T143136Z/best_codes/SmallGroup_16_1__AAp8_0_2_5_5_12_15_BBp27_0_3_4_4_13_15_k28_d18	best_codes/collected/SmallGroup_16_1__AAp8_0_2_5_5_12_15_BBp27_0_3_4_4_13_15_k28_d18
SmallGroup_16_1__AAp0_0_1_3_4_6_10_BBp27_0_3_4_4_13_15_k28_d16	SmallGroup_16_1_	576	28	16	1400000	dist-m4ri	p0_0_1_3_4_6_10	p27_0_3_4_4_13_15	results/progressive_SmallGroup_16_1_20260127T143136Z	results/progressive_SmallGroup_16_1_20260127T143136Z/best_codes/SmallGroup_16_1__AAp0_0_1_3_4_6_10_BBp27_0_3_4_4_13_15_k28_d16	best_codes/collected/SmallGroup_16_1__AAp0_0_1_3_4_6_10_BBp27_0_3_4_4_13_15_k28_d16
SmallGroup_16_1__AAp1_0_1_7_8_14_15_BBp27_0_3_4_4_13_15_k32_d18	SmallGroup_16_1_	576	32	18	1400000	dist-m4ri	p1_0_1_7_8_14_15	p27_0_3_4_4_13_15	results/progressive_SmallGroup_16_1_20260127T143136Z	results/progressive_SmallGroup_16_1_20260127T143136Z/best_codes/SmallGroup_16_1__AAp1_0_1_7_8_14_15_BBp27_0_3_4_4_13_15_k32_d18	best_codes/collected/SmallGroup_16_1__AAp1_0_1_7_8_14_15_BBp27_0_3_4_4_13_15_k32_d18
SmallGroup_16_2__AAp11_0_0_1_2_5_7_BBp11_0_7_11_12_14_15_k2_d55	SmallGroup_16_2_	576	2	55	1000000	dist-m4ri	p11_0_0_1_2_5_7	p11_0_7_11_12_14_15	results/progressive_SmallGroup_16_2_20260126T162940Z	results/progressive_SmallGroup_16_2_20260126T162940Z/best_codes/SmallGroup_16_2__AAp11_0_0_1_2_5_7_BBp11_0_7_11_12_14_15_k2_d55	best_codes/collected/SmallGroup_16_2__AAp11_0_0_1_2_5_7_BBp11_0_7_11_12_14_15_k2_d55
SmallGroup_16_2__AAp11_0_0_1_10_11_14_BBp12_0_2_5_7_9_13_k2_d54	SmallGroup_16_2_	576	2	54	1000000	dist-m4ri	p11_0_0_1_10_11_14	p12_0_2_5_7_9_13	results/progressive_SmallGroup_16_2_20260126T162940Z	results/progressive_SmallGroup_16_2_20260126T162940Z/best_codes/SmallGroup_16_2__AAp11_0_0_1_10_11_14_BBp12_0_2_5_7_9_13_k2_d54	best_codes/collected/SmallGroup_16_2__AAp11_0_0_1_10_11_14_BBp12_0_2_5_7_9_13_k2_d54
SmallGroup_16_2__AAp11_0_0_1_10_11_15_BBp11_0_4_5_7_9_11_k2_d54	SmallGroup_16_2_	576	2	54	1000000	dist-m4ri	p11_0_0_1_10_11_15	p11_0_4_5_7_9_11	results/progressive_SmallGroup_16_2_20260126T162940Z	results/progressive_SmallGroup_16_2_20260126T162940Z/best_codes/SmallGroup_16_2__AAp11_0_0_1_10_11_15_BBp11_0_4_5_7_9_11_k2_d54	best_codes/collected/SmallGroup_16_2__AAp11_0_0_1_10_11_15_BBp11_0_4_5_7_9_11_k2_d54
SmallGroup_16_2__AAp11_0_0_1_10_11_14_BBp11_0_2_4_6_12_15_k2_d53	SmallGroup_16_2_	576	2	53	1000000	dist-m4ri	p11_0_0_1_10_11_14	p11_0_2_4_6_12_15	results/progressive_SmallGroup_16_2_20260126T162940Z	results/progressive_SmallGroup_16_2_20260126T162940Z/best_codes/SmallGroup_16_2__AAp11_0_0_1_10_11_14_BBp11_0_2_4_6_12_15_k2_d53	best_codes/collected/SmallGroup_16_2__AAp11_0_0_1_10_11_14_BBp11_0_2_4_6_12_15_k2_d53
SmallGroup_16_2__AAp11_0_0_1_10_11_14_BBp27_0_2_4_5_11_15_k2_d52	SmallGroup_16_2_	576	2	52	1000000	dist-m4ri	p11_0_0_1_10_11_14	p27_0_2_4_5_11_15	results/progressive_SmallGroup_16_2_20260126T162940Z	results/progressive_SmallGroup_16_2_20260126T162940Z/best_codes/SmallGroup_16_2__AAp11_0_0_1_10_11_14_BBp27_0_2_4_5_11_15_k2_d52	best_codes/collected/SmallGroup_16_2__AAp11_0_0_1_10_11_14_BBp27_0_2_4_5_11_15_k2_d52
SmallGroup_16_2__AAp11_0_0_1_10_11_15_BBp11_0_3_5_7_9_12_k2_d52	SmallGroup_16_2_	576	2	52	1000000	dist-m4ri	p11_0_0_1_10_11_15	p11_0_3_5_7_9_12	results/progressive_SmallGroup_16_2_20260126T162940Z	results/progressive_SmallGroup_16_2_20260126T162940Z/best_codes/SmallGroup_16_2__AAp11_0_0_1_10_11_15_BBp11_0_3_5_7_9_12_k2_d52	best_codes/collected/SmallGroup_16_2__AAp11_0_0_1_10_11_15_BBp11_0_3_5_7_9_12_k2_d52
SmallGroup_16_2__AAp11_0_0_1_10_11_15_BBp11_0_1_4_5_10_14_k2_d48	SmallGroup_16_2_	576	2	48	1000000	dist-m4ri	p11_0_0_1_10_11_15	p11_0_1_4_5_10_14	results/progressive_SmallGroup_16_2_20260126T162940Z	results/progressive_SmallGroup_16_2_20260126T162940Z/best_codes/SmallGroup_16_2__AAp11_0_0_1_10_11_15_BBp11_0_1_4_5_10_14_k2_d48	best_codes/collected/SmallGroup_16_2__AAp11_0_0_1_10_11_15_BBp11_0_1_4_5_10_14_k2_d48
SmallGroup_16_2__AAp11_0_0_1_10_11_11_BBp11_0_1_4_5_10_14_k2_d45	SmallGroup_16_2_	576	2	45	1000000	dist-m4ri	p11_0_0_1_10_11_11	p11_0_1_4_5_10_14	results/progressive_SmallGroup_16_2_20260126T162940Z	results/progressive_SmallGroup_16_2_20260126T162940Z/best_codes/SmallGroup_16_2__AAp11_0_0_1_10_11_11_BBp11_0_1_4_5_10_14_k2_d45	best_codes/collected/SmallGroup_16_2__AAp11_0_0_1_10_11_11_BBp11_0_1_4_5_10_14_k2_d45
SmallGroup_16_2__AAp11_0_0_1_10_11_14_BBp11_0_0_1_1_3_9_k2_d36	SmallGroup_16_2_	576	2	36	1000000	dist-m4ri	p11_0_0_1_10_11_14	p11_0_0_1_1_3_9	results/progressive_SmallGroup_16_2_20260126T162940Z	results/progressive_SmallGroup_16_2_20260126T162940Z/best_codes/SmallGroup_16_2__AAp11_0_0_1_10_11_14_BBp11_0_0_1_1_3_9_k2_d36	best_codes/collected/SmallGroup_16_2__AAp11_0_0_1_10_11_14_BBp11_0_0_1_1_3_9_k2_d36
SmallGroup_16_2__AAp11_0_0_1_10_11_11_BBp11_0_0_1_1_6_15_k2_d26	SmallGroup_16_2_	576	2	26	1000000	dist-m4ri	p11_0_0_1_10_11_11	p11_0_0_1_1_6_15	results/progressive_SmallGroup_16_2_20260126T162940Z	results/progressive_SmallGroup_16_2_20260126T162940Z/best_codes/SmallGroup_16_2__AAp11_0_0_1_10_11_11_BBp11_0_0_1_1_6_15_k2_d26	best_codes/collected/SmallGroup_16_2__AAp11_0_0_1_10_11_11_BBp11_0_0_1_1_6_15_k2_d26
SmallGroup_16_2__AAp11_0_0_1_10_11_11_BBp12_0_1_3_8_10_13_k2_d24	SmallGroup_16_2_	576	2	24	1000000	dist-m4ri	p11_0_0_1_10_11_11	p12_0_1_3_8_10_13	results/progressive_SmallGroup_16_2_20260126T162940Z	results/progressive_SmallGroup_16_2_20260126T162940Z/best_codes/SmallGroup_16_2__AAp11_0_0_1_10_11_11_BBp12_0_1_3_8_10_13_k2_d24	best_codes/collected/SmallGroup_16_2__AAp11_0_0_1_10_11_11_BBp12_0_1_3_8_10_13_k2_d24
SmallGroup_16_2__AAp11_0_0_1_10_11_11_BBp12_0_3_4_5_9_14_k2_d24	SmallGroup_16_2_	576	2	24	1000000	dist-m4ri	p11_0_0_1_10_11_11	p12_0_3_4_5_9_14	results/progressive_SmallGroup_16_2_20260126T162940Z	results/progressive_SmallGroup_16_2_20260126T162940Z/best_codes/SmallGroup_16_2__AAp11_0_0_1_10_11_11_BBp12_0_3_4_5_9_14_k2_d24	best_codes/collected/SmallGroup_16_2__AAp11_0_0_1_10_11_11_BBp12_0_3_4_5_9_14_k2_d24
SmallGroup_16_2__AAp6_0_1_3_8_12_13_BBp11_0_3_5_7_9_12_k4_d60	SmallGroup_16_2_	576	4	60	1000000	dist-m4ri	p6_0_1_3_8_12_13	p11_0_3_5_7_9_12	results/progressive_SmallGroup_16_2_20260126T162940Z	results/progressive_SmallGroup_16_2_20260126T162940Z/best_codes/SmallGroup_16_2__AAp6_0_1_3_8_12_13_BBp11_0_3_5_7_9_12_k4_d60	best_codes/collected/SmallGroup_16_2__AAp6_0_1_3_8_12_13_BBp11_0_3_5_7_9_12_k4_d60
SmallGroup_16_2__AAp6_0_1_3_5_11_14_BBp11_0_1_4_5_10_14_k4_d57	SmallGroup_16_2_	576	4	57	1000000	dist-m4ri	p6_0_1_3_5_11_14	p11_0_1_4_5_10_14	results/progressive_SmallGroup_16_2_20260126T162940Z	results/progressive_SmallGroup_16_2_20260126T162940Z/best_codes/SmallGroup_16_2__AAp6_0_1_3_5_11_14_BBp11_0_1_4_5_10_14_k4_d57	best_codes/collected/SmallGroup_16_2__AAp6_0_1_3_5_11_14_BBp11_0_1_4_5_10_14_k4_d57
SmallGroup_16_2__AAp6_0_1_3_7_11_12_BBp11_0_3_5_7_9_12_k4_d56	SmallGroup_16_2_	576	4	56	1000000	dist-m4ri	p6_0_1_3_7_11_12	p11_0_3_5_7_9_12	results/progressive_SmallGroup_16_2_20260126T162940Z	results/progressive_SmallGroup_16_2_20260126T162940Z/best_codes/SmallGroup_16_2__AAp6_0_1_3_7_11_12_BBp11_0_3_5_7_9_12_k4_d56	best_codes/collected/SmallGroup_16_2__AAp6_0_1_3_7_11_12_BBp11_0_3_5_7_9_12_k4_d56
SmallGroup_16_2__AAp6_0_1_2_3_11_12_BBp11_0_2_5_6_7_13_k4_d55	SmallGroup_16_2_	576	4	55	1000000	dist-m4ri	p6_0_1_2_3_11_12	p11_0_2_5_6_7_13	results/progressive_SmallGroup_16_2_20260126T162940Z	results/progressive_SmallGroup_16_2_20260126T162940Z/best_codes/SmallGroup_16_2__AAp6_0_1_2_3_11_12_BBp11_0_2_5_6_7_13_k4_d55	best_codes/collected/SmallGroup_16_2__AAp6_0_1_2_3_11_12_BBp11_0_2_5_6_7_13_k4_d55
SmallGroup_16_2__AAp6_0_1_2_4_8_13_BBp11_0_1_4_5_10_14_k4_d55	SmallGroup_16_2_	576	4	55	1000000	dist-m4ri	p6_0_1_2_4_8_13	p11_0_1_4_5_10_14	results/progressive_SmallGroup_16_2_20260126T162940Z	results/progressive_SmallGroup_16_2_20260126T162940Z/best_codes/SmallGroup_16_2__AAp6_0_1_2_4_8_13_BBp11_0_1_4_5_10_14_k4_d55	best_codes/collected/SmallGroup_16_2__AAp6_0_1_2_4_8_13_BBp11_0_1_4_5_10_14_k4_d55
SmallGroup_16_2__AAp6_0_1_2_3_10_12_BBp11_0_1_3_9_11_15_k4_d54	SmallGroup_16_2_	576	4	54	1000000	dist-m4ri	p6_0_1_2_3_10_12	p11_0_1_3_9_11_15	results/progressive_SmallGroup_16_2_20260126T162940Z	results/progressive_SmallGroup_16_2_20260126T162940Z/best_codes/SmallGroup_16_2__AAp6_0_1_2_3_10_12_BBp11_0_1_3_9_11_15_k4_d54	best_codes/collected/SmallGroup_16_2__AAp6_0_1_2_3_10_12_BBp11_0_1_3_9_11_15_k4_d54
SmallGroup_16_2__AAp6_0_1_2_3_9_13_BBp11_0_2_4_6_12_15_k4_d54	SmallGroup_16_2_	576	4	54	1000000	dist-m4ri	p6_0_1_2_3_9_13	p11_0_2_4_6_12_15	results/progressive_SmallGroup_16_2_20260126T162940Z	results/progressive_SmallGroup_16_2_20260126T162940Z/best_codes/SmallGroup_16_2__AAp6_0_1_2_3_9_13_BBp11_0_2_4_6_12_15_k4_d54	best_codes/collected/SmallGroup_16_2__AAp6_0_1_2_3_9_13_BBp11_0_2_4_6_12_15_k4_d54
SmallGroup_16_2__AAp6_0_1_2_10_11_12_BBp12_0_1_4_9_10_15_k4_d53	SmallGroup_16_2_	576	4	53	1000000	dist-m4ri	p6_0_1_2_10_11_12	p12_0_1_4_9_10_15	results/progressive_SmallGroup_16_2_20260126T162940Z	results/progressive_SmallGroup_16_2_20260126T162940Z/best_codes/SmallGroup_16_2__AAp6_0_1_2_10_11_12_BBp12_0_1_4_9_10_15_k4_d53	best_codes/collected/SmallGroup_16_2__AAp6_0_1_2_10_11_12_BBp12_0_1_4_9_10_15_k4_d53
SmallGroup_16_2__AAp6_0_1_2_3_11_12_BBp11_0_1_4_5_10_14_k4_d50	SmallGroup_16_2_	576	4	50	1000000	dist-m4ri	p6_0_1_2_3_11_12	p11_0_1_4_5_10_14	results/progressive_SmallGroup_16_2_20260126T162940Z	results/progressive_SmallGroup_16_2_20260126T162940Z/best_codes/SmallGroup_16_2__AAp6_0_1_2_3_11_12_BBp11_0_1_4_5_10_14_k4_d50	best_codes/collected/SmallGroup_16_2__AAp6_0_1_2_3_11_12_BBp11_0_1_4_5_10_14_k4_d50
SmallGroup_16_2__AAp6_0_1_2_10_11_12_BBp11_0_1_3_9_11_15_k4_d46	SmallGroup_16_2_	576	4	46	1000000	dist-m4ri	p6_0_1_2_10_11_12	p11_0_1_3_9_11_15	results/progressive_SmallGroup_16_2_20260126T162940Z	results/progressive_SmallGroup_16_2_20260126T162940Z/best_codes/SmallGroup_16_2__AAp6_0_1_2_10_11_12_BBp11_0_1_3_9_11_15_k4_d46	best_codes/collected/SmallGroup_16_2__AAp6_0_1_2_10_11_12_BBp11_0_1_3_9_11_15_k4_d46
SmallGroup_16_2__AAp11_0_0_1_10_11_14_BBp6_0_1_2_3_7_14_k4_d44	SmallGroup_16_2_	576	4	44	1000000	dist-m4ri	p11_0_0_1_10_11_14	p6_0_1_2_3_7_14	results/progressive_SmallGroup_16_2_20260126T162940Z	results/progressive_SmallGroup_16_2_20260126T162940Z/best_codes/SmallGroup_16_2__AAp11_0_0_1_10_11_14_BBp6_0_1_2_3_7_14_k4_d44	best_codes/collected/SmallGroup_16_2__AAp11_0_0_1_10_11_14_BBp6_0_1_2_3_7_14_k4_d44
SmallGroup_16_2__AAp6_0_1_2_10_11_13_BBp11_0_1_4_5_10_14_k4_d43	SmallGroup_16_2_	576	4	43	1000000	dist-m4ri	p6_0_1_2_10_11_13	p11_0_1_4_5_10_14	results/progressive_SmallGroup_16_2_20260126T162940Z	results/progressive_SmallGroup_16_2_20260126T162940Z/best_codes/SmallGroup_16_2__AAp6_0_1_2_10_11_13_BBp11_0_1_4_5_10_14_k4_d43	best_codes/collected/SmallGroup_16_2__AAp6_0_1_2_10_11_13_BBp11_0_1_4_5_10_14_k4_d43
SmallGroup_16_2__AAp6_0_1_2_3_10_12_BBp11_0_0_1_1_4_9_k4_d43	SmallGroup_16_2_	576	4	43	1000000	dist-m4ri	p6_0_1_2_3_10_12	p11_0_0_1_1_4_9	results/progressive_SmallGroup_16_2_20260126T162940Z	results/progressive_SmallGroup_16_2_20260126T162940Z/best_codes/SmallGroup_16_2__AAp6_0_1_2_3_10_12_BBp11_0_0_1_1_4_9_k4_d43	best_codes/collected/SmallGroup_16_2__AAp6_0_1_2_3_10_12_BBp11_0_0_1_1_4_9_k4_d43
SmallGroup_16_2__AAp11_0_0_1_10_11_14_BBp6_0_1_2_3_12_15_k4_d40	SmallGroup_16_2_	576	4	40	1000000	dist-m4ri	p11_0_0_1_10_11_14	p6_0_1_2_3_12_15	results/progressive_SmallGroup_16_2_20260126T162940Z	results/progressive_SmallGroup_16_2_20260126T162940Z/best_codes/SmallGroup_16_2__AAp11_0_0_1_10_11_14_BBp6_0_1_2_3_12_15_k4_d40	best_codes/collected/SmallGroup_16_2__AAp11_0_0_1_10_11_14_BBp6_0_1_2_3_12_15_k4_d40
SmallGroup_16_2__AAp11_0_0_1_10_11_14_BBp6_0_1_2_3_12_15_k4_d39	SmallGroup_16_2_	576	4	39	1000000	dist-m4ri	p11_0_0_1_10_11_14	p6_0_1_2_3_12_15	results/progressive_SmallGroup_16_2_20260126T162940Z	results/progressive_SmallGroup_16_2_20260126T162940Z/best_codes/SmallGroup_16_2__AAp11_0_0_1_10_11_14_BBp6_0_1_2_3_12_15_k4_d39	best_codes/collected/SmallGroup_16_2__AAp11_0_0_1_10_11_14_BBp6_0_1_2_3_12_15_k4_d39
SmallGroup_16_2__AAp6_0_1_2_10_11_12_BBp11_0_1_4_5_10_14_k4_d39	SmallGroup_16_2_	576	4	39	1000000	dist-m4ri	p6_0_1_2_10_11_12	p11_0_1_4_5_10_14	results/progressive_SmallGroup_16_2_20260126T162940Z	results/progressive_SmallGroup_16_2_20260126T162940Z/best_codes/SmallGroup_16_2__AAp6_0_1_2_10_11_12_BBp11_0_1_4_5_10_14_k4_d39	best_codes/collected/SmallGroup_16_2__AAp6_0_1_2_10_11_12_BBp11_0_1_4_5_10_14_k4_d39
SmallGroup_16_2__AAp11_0_0_1_10_11_12_BBp11_0_0_1_1_3_9_k4_d38	SmallGroup_16_2_	576	4	38	1000000	dist-m4ri	p11_0_0_1_10_11_12	p11_0_0_1_1_3_9	results/progressive_SmallGroup_16_2_20260126T162940Z	results/progressive_SmallGroup_16_2_20260126T162940Z/best_codes/SmallGroup_16_2__AAp11_0_0_1_10_11_12_BBp11_0_0_1_1_3_9_k4_d38	best_codes/collected/SmallGroup_16_2__AAp11_0_0_1_10_11_12_BBp11_0_0_1_1_3_9_k4_d38
SmallGroup_16_2__AAp11_0_0_1_10_11_12_BBp11_0_0_1_1_3_9_k4_d36	SmallGroup_16_2_	576	4	36	1000000	dist-m4ri	p11_0_0_1_10_11_12	p11_0_0_1_1_3_9	results/progressive_SmallGroup_16_2_20260126T162940Z	results/progressive_SmallGroup_16_2_20260126T162940Z/best_codes/SmallGroup_16_2__AAp11_0_0_1_10_11_12_BBp11_0_0_1_1_3_9_k4_d36	best_codes/collected/SmallGroup_16_2__AAp11_0_0_1_10_11_12_BBp11_0_0_1_1_3_9_k4_d36
SmallGroup_16_2__AAp11_0_0_1_10_11_11_BBp16_0_5_9_11_13_14_k4_d24	SmallGroup_16_2_	576	4	24	1000000	dist-m4ri	p11_0_0_1_10_11_11	p16_0_5_9_11_13_14	results/progressive_SmallGroup_16_2_20260126T162940Z	results/progressive_SmallGroup_16_2_20260126T162940Z/best_codes/SmallGroup_16_2__AAp11_0_0_1_10_11_11_BBp16_0_5_9_11_13_14_k4_d24	best_codes/collected/SmallGroup_16_2__AAp11_0_0_1_10_11_11_BBp16_0_5_9_11_13_14_k4_d24
SmallGroup_16_2__AAp6_0_1_2_10_11_12_BBp11_0_3_6_11_12_15_k4_d24	SmallGroup_16_2_	576	4	24	1000000	dist-m4ri	p6_0_1_2_10_11_12	p11_0_3_6_11_12_15	results/progressive_SmallGroup_16_2_20260126T162940Z	results/progressive_SmallGroup_16_2_20260126T162940Z/best_codes/SmallGroup_16_2__AAp6_0_1_2_10_11_12_BBp11_0_3_6_11_12_15_k4_d24	best_codes/collected/SmallGroup_16_2__AAp6_0_1_2_10_11_12_BBp11_0_3_6_11_12_15_k4_d24
SmallGroup_16_2__AAp6_0_1_2_4_9_15_BBp27_0_3_5_12_13_14_k6_d52	SmallGroup_16_2_	576	6	52	1000000	dist-m4ri	p6_0_1_2_4_9_15	p27_0_3_5_12_13_14	results/progressive_SmallGroup_16_2_20260126T162940Z	results/progressive_SmallGroup_16_2_20260126T162940Z/best_codes/SmallGroup_16_2__AAp6_0_1_2_4_9_15_BBp27_0_3_5_12_13_14_k6_d52	best_codes/collected/SmallGroup_16_2__AAp6_0_1_2_4_9_15_BBp27_0_3_5_12_13_14_k6_d52
SmallGroup_16_2__AAp11_0_0_1_10_12_15_BBp12_0_2_5_7_9_13_k6_d47	SmallGroup_16_2_	576	6	47	1000000	dist-m4ri	p11_0_0_1_10_12_15	p12_0_2_5_7_9_13	results/progressive_SmallGroup_16_2_20260126T162940Z	results/progressive_SmallGroup_16_2_20260126T162940Z/best_codes/SmallGroup_16_2__AAp11_0_0_1_10_12_15_BBp12_0_2_5_7_9_13_k6_d47	best_codes/collected/SmallGroup_16_2__AAp11_0_0_1_10_12_15_BBp12_0_2_5_7_9_13_k6_d47
SmallGroup_16_2__AAp11_0_0_1_10_12_15_BBp11_0_2_4_6_12_15_k6_d46	SmallGroup_16_2_	576	6	46	1000000	dist-m4ri	p11_0_0_1_10_12_15	p11_0_2_4_6_12_15	results/progressive_SmallGroup_16_2_20260126T162940Z	results/progressive_SmallGroup_16_2_20260126T162940Z/best_codes/SmallGroup_16_2__AAp11_0_0_1_10_12_15_BBp11_0_2_4_6_12_15_k6_d46	best_codes/collected/SmallGroup_16_2__AAp11_0_0_1_10_12_15_BBp11_0_2_4_6_12_15_k6_d46
SmallGroup_16_2__AAp6_0_1_2_10_11_13_BBp11_0_0_1_3_6_12_k6_d46	SmallGroup_16_2_	576	6	46	1000000	dist-m4ri	p6_0_1_2_10_11_13	p11_0_0_1_3_6_12	results/progressive_SmallGroup_16_2_20260126T162940Z	results/progressive_SmallGroup_16_2_20260126T162940Z/best_codes/SmallGroup_16_2__AAp6_0_1_2_10_11_13_BBp11_0_0_1_3_6_12_k6_d46	best_codes/collected/SmallGroup_16_2__AAp6_0_1_2_10_11_13_BBp11_0_0_1_3_6_12_k6_d46
SmallGroup_16_2__AAp6_0_1_3_6_11_14_BBp11_0_0_1_10_11_15_k6_d45	SmallGroup_16_2_	576	6	45	1000000	dist-m4ri	p6_0_1_3_6_11_14	p11_0_0_1_10_11_15	results/progressive_SmallGroup_16_2_20260126T162940Z	results/progressive_SmallGroup_16_2_20260126T162940Z/best_codes/SmallGroup_16_2__AAp6_0_1_3_6_11_14_BBp11_0_0_1_10_11_15_k6_d45	best_codes/collected/SmallGroup_16_2__AAp6_0_1_3_6_11_14_BBp11_0_0_1_10_11_15_k6_d45
SmallGroup_16_2__AAp11_0_0_1_10_11_15_BBp11_0_3_9_11_13_15_k6_d44	SmallGroup_16_2_	576	6	44	1000000	dist-m4ri	p11_0_0_1_10_11_15	p11_0_3_9_11_13_15	results/progressive_SmallGroup_16_2_20260126T162940Z	results/progressive_SmallGroup_16_2_20260126T162940Z/best_codes/SmallGroup_16_2__AAp11_0_0_1_10_11_15_BBp11_0_3_9_11_13_15_k6_d44	best_codes/collected/SmallGroup_16_2__AAp11_0_0_1_10_11_15_BBp11_0_3_9_11_13_15_k6_d44
SmallGroup_16_2__AAp11_0_0_1_10_13_15_BBp27_0_2_4_5_11_15_k6_d43	SmallGroup_16_2_	576	6	43	1000000	dist-m4ri	p11_0_0_1_10_13_15	p27_0_2_4_5_11_15	results/progressive_SmallGroup_16_2_20260126T162940Z	results/progressive_SmallGroup_16_2_20260126T162940Z/best_codes/SmallGroup_16_2__AAp11_0_0_1_10_13_15_BBp27_0_2_4_5_11_15_k6_d43	best_codes/collected/SmallGroup_16_2__AAp11_0_0_1_10_13_15_BBp27_0_2_4_5_11_15_k6_d43
SmallGroup_16_2__AAp6_0_1_2_3_11_12_BBp11_0_1_6_9_11_13_k6_d42	SmallGroup_16_2_	576	6	42	1000000	dist-m4ri	p6_0_1_2_3_11_12	p11_0_1_6_9_11_13	results/progressive_SmallGroup_16_2_20260126T162940Z	results/progressive_SmallGroup_16_2_20260126T162940Z/best_codes/SmallGroup_16_2__AAp6_0_1_2_3_11_12_BBp11_0_1_6_9_11_13_k6_d42	best_codes/collected/SmallGroup_16_2__AAp6_0_1_2_3_11_12_BBp11_0_1_6_9_11_13_k6_d42
SmallGroup_16_2__AAp11_0_0_1_10_11_15_BBp11_0_2_4_6_12_15_k6_d41	SmallGroup_16_2_	576	6	41	1000000	dist-m4ri	p11_0_0_1_10_11_15	p11_0_2_4_6_12_15	results/progressive_SmallGroup_16_2_20260126T162940Z	results/progressive_SmallGroup_16_2_20260126T162940Z/best_codes/SmallGroup_16_2__AAp11_0_0_1_10_11_15_BBp11_0_2_4_6_12_15_k6_d41	best_codes/collected/SmallGroup_16_2__AAp11_0_0_1_10_11_15_BBp11_0_2_4_6_12_15_k6_d41
SmallGroup_16_2__AAp11_0_0_1_10_12_15_BBp6_0_2_4_10_11_14_k6_d39	SmallGroup_16_2_	576	6	39	1000000	dist-m4ri	p11_0_0_1_10_12_15	p6_0_2_4_10_11_14	results/progressive_SmallGroup_16_2_20260126T162940Z	results/progressive_SmallGroup_16_2_20260126T162940Z/best_codes/SmallGroup_16_2__AAp11_0_0_1_10_12_15_BBp6_0_2_4_10_11_14_k6_d39	best_codes/collected/SmallGroup_16_2__AAp11_0_0_1_10_12_15_BBp6_0_2_4_10_11_14_k6_d39
SmallGroup_16_2__AAp6_0_1_3_6_8_15_BBp12_0_1_4_9_10_15_k6_d54	SmallGroup_16_2_	576	6	38	4000000	dist-m4ri	p6_0_1_3_6_8_15	p12_0_1_4_9_10_15	results/progressive_SmallGroup_16_2_20260126T162940Z	results/progressive_SmallGroup_16_2_20260126T162940Z/best_codes/SmallGroup_16_2__AAp6_0_1_3_6_8_15_BBp12_0_1_4_9_10_15_k6_d54	best_codes/collected/SmallGroup_16_2__AAp6_0_1_3_6_8_15_BBp12_0_1_4_9_10_15_k6_d54
SmallGroup_16_2__AAp11_0_0_1_10_11_11_BBp27_0_2_4_5_11_15_k6_d37	SmallGroup_16_2_	576	6	37	1000000	dist-m4ri	p11_0_0_1_10_11_11	p27_0_2_4_5_11_15	results/progressive_SmallGroup_16_2_20260126T162940Z	results/progressive_SmallGroup_16_2_20260126T162940Z/best_codes/SmallGroup_16_2__AAp11_0_0_1_10_11_11_BBp27_0_2_4_5_11_15_k6_d37	best_codes/collected/SmallGroup_16_2__AAp11_0_0_1_10_11_11_BBp27_0_2_4_5_11_15_k6_d37
SmallGroup_16_2__AAp6_0_1_2_10_11_12_BBp11_0_1_6_9_11_13_k6_d37	SmallGroup_16_2_	576	6	37	1000000	dist-m4ri	p6_0_1_2_10_11_12	p11_0_1_6_9_11_13	results/progressive_SmallGroup_16_2_20260126T162940Z	results/progressive_SmallGroup_16_2_20260126T162940Z/best_codes/SmallGroup_16_2__AAp6_0_1_2_10_11_12_BBp11_0_1_6_9_11_13_k6_d37	best_codes/collected/SmallGroup_16_2__AAp6_0_1_2_10_11_12_BBp11_0_1_6_9_11_13_k6_d37
SmallGroup_16_2__AAp11_0_0_1_10_11_11_BBp11_0_1_6_9_11_13_k6_d33	SmallGroup_16_2_	576	6	33	1000000	dist-m4ri	p11_0_0_1_10_11_11	p11_0_1_6_9_11_13	results/progressive_SmallGroup_16_2_20260126T162940Z	results/progressive_SmallGroup_16_2_20260126T162940Z/best_codes/SmallGroup_16_2__AAp11_0_0_1_10_11_11_BBp11_0_1_6_9_11_13_k6_d33	best_codes/collected/SmallGroup_16_2__AAp11_0_0_1_10_11_11_BBp11_0_1_6_9_11_13_k6_d33
SmallGroup_16_2__AAp6_0_1_2_10_11_13_BBp11_0_0_1_1_4_9_k6_d33	SmallGroup_16_2_	576	6	33	1000000	dist-m4ri	p6_0_1_2_10_11_13	p11_0_0_1_1_4_9	results/progressive_SmallGroup_16_2_20260126T162940Z	results/progressive_SmallGroup_16_2_20260126T162940Z/best_codes/SmallGroup_16_2__AAp6_0_1_2_10_11_13_BBp11_0_0_1_1_4_9_k6_d33	best_codes/collected/SmallGroup_16_2__AAp6_0_1_2_10_11_13_BBp11_0_0_1_1_4_9_k6_d33
SmallGroup_16_2__AAp6_0_1_2_10_11_13_BBp11_0_0_1_1_4_9_k6_d32	SmallGroup_16_2_	576	6	32	1000000	dist-m4ri	p6_0_1_2_10_11_13	p11_0_0_1_1_4_9	results/progressive_SmallGroup_16_2_20260126T162940Z	results/progressive_SmallGroup_16_2_20260126T162940Z/best_codes/SmallGroup_16_2__AAp6_0_1_2_10_11_13_BBp11_0_0_1_1_4_9_k6_d32	best_codes/collected/SmallGroup_16_2__AAp6_0_1_2_10_11_13_BBp11_0_0_1_1_4_9_k6_d32
SmallGroup_16_2__AAp6_0_1_2_10_11_12_BBp11_0_0_1_1_3_9_k6_d31	SmallGroup_16_2_	576	6	31	1000000	dist-m4ri	p6_0_1_2_10_11_12	p11_0_0_1_1_3_9	results/progressive_SmallGroup_16_2_20260126T162940Z	results/progressive_SmallGroup_16_2_20260126T162940Z/best_codes/SmallGroup_16_2__AAp6_0_1_2_10_11_12_BBp11_0_0_1_1_3_9_k6_d31	best_codes/collected/SmallGroup_16_2__AAp6_0_1_2_10_11_12_BBp11_0_0_1_1_3_9_k6_d31
SmallGroup_16_2__AAp6_0_1_2_10_11_13_BBp11_0_0_1_1_3_9_k6_d31	SmallGroup_16_2_	576	6	31	1000000	dist-m4ri	p6_0_1_2_10_11_13	p11_0_0_1_1_3_9	results/progressive_SmallGroup_16_2_20260126T162940Z	results/progressive_SmallGroup_16_2_20260126T162940Z/best_codes/SmallGroup_16_2__AAp6_0_1_2_10_11_13_BBp11_0_0_1_1_3_9_k6_d31	best_codes/collected/SmallGroup_16_2__AAp6_0_1_2_10_11_13_BBp11_0_0_1_1_3_9_k6_d31
SmallGroup_16_2__AAp6_0_1_2_10_11_12_BBp11_0_0_1_1_4_9_k6_d30	SmallGroup_16_2_	576	6	30	1000000	dist-m4ri	p6_0_1_2_10_11_12	p11_0_0_1_1_4_9	results/progressive_SmallGroup_16_2_20260126T162940Z	results/progressive_SmallGroup_16_2_20260126T162940Z/best_codes/SmallGroup_16_2__AAp6_0_1_2_10_11_12_BBp11_0_0_1_1_4_9_k6_d30	best_codes/collected/SmallGroup_16_2__AAp6_0_1_2_10_11_12_BBp11_0_0_1_1_4_9_k6_d30
SmallGroup_16_2__AAp6_0_1_2_10_11_12_BBp11_0_0_1_1_3_9_k6_d29	SmallGroup_16_2_	576	6	29	1000000	dist-m4ri	p6_0_1_2_10_11_12	p11_0_0_1_1_3_9	results/progressive_SmallGroup_16_2_20260126T162940Z	results/progressive_SmallGroup_16_2_20260126T162940Z/best_codes/SmallGroup_16_2__AAp6_0_1_2_10_11_12_BBp11_0_0_1_1_3_9_k6_d29	best_codes/collected/SmallGroup_16_2__AAp6_0_1_2_10_11_12_BBp11_0_0_1_1_3_9_k6_d29
SmallGroup_16_2__AAp11_0_0_1_10_11_11_BBp11_0_0_1_1_3_9_k6_d25	SmallGroup_16_2_	576	6	25	1000000	dist-m4ri	p11_0_0_1_10_11_11	p11_0_0_1_1_3_9	results/progressive_SmallGroup_16_2_20260126T162940Z	results/progressive_SmallGroup_16_2_20260126T162940Z/best_codes/SmallGroup_16_2__AAp11_0_0_1_10_11_11_BBp11_0_0_1_1_3_9_k6_d25	best_codes/collected/SmallGroup_16_2__AAp11_0_0_1_10_11_11_BBp11_0_0_1_1_3_9_k6_d25
SmallGroup_16_2__AAp6_0_1_2_5_8_14_BBp6_0_1_2_9_12_13_k8_d48	SmallGroup_16_2_	576	8	48	1000000	dist-m4ri	p6_0_1_2_5_8_14	p6_0_1_2_9_12_13	results/progressive_SmallGroup_16_2_20260126T162940Z	results/progressive_SmallGroup_16_2_20260126T162940Z/best_codes/SmallGroup_16_2__AAp6_0_1_2_5_8_14_BBp6_0_1_2_9_12_13_k8_d48	best_codes/collected/SmallGroup_16_2__AAp6_0_1_2_5_8_14_BBp6_0_1_2_9_12_13_k8_d48
SmallGroup_16_2__AAp6_0_1_2_3_8_15_BBp6_0_1_2_3_7_14_k8_d45	SmallGroup_16_2_	576	8	45	1000000	dist-m4ri	p6_0_1_2_3_8_15	p6_0_1_2_3_7_14	results/progressive_SmallGroup_16_2_20260126T162940Z	results/progressive_SmallGroup_16_2_20260126T162940Z/best_codes/SmallGroup_16_2__AAp6_0_1_2_3_8_15_BBp6_0_1_2_3_7_14_k8_d45	best_codes/collected/SmallGroup_16_2__AAp6_0_1_2_3_8_15_BBp6_0_1_2_3_7_14_k8_d45
SmallGroup_16_2__AAp6_0_1_2_7_11_15_BBp6_0_1_2_4_5_6_k8_d45	SmallGroup_16_2_	576	8	45	1000000	dist-m4ri	p6_0_1_2_7_11_15	p6_0_1_2_4_5_6	results/progressive_SmallGroup_16_2_20260126T162940Z	results/progressive_SmallGroup_16_2_20260126T162940Z/best_codes/SmallGroup_16_2__AAp6_0_1_2_7_11_15_BBp6_0_1_2_4_5_6_k8_d45	best_codes/collected/SmallGroup_16_2__AAp6_0_1_2_7_11_15_BBp6_0_1_2_4_5_6_k8_d45
SmallGroup_16_2__AAp6_0_1_2_3_8_15_BBp6_0_1_2_3_7_14_k8_d44	SmallGroup_16_2_	576	8	44	1000000	dist-m4ri	p6_0_1_2_3_8_15	p6_0_1_2_3_7_14	results/progressive_SmallGroup_16_2_20260126T162940Z	results/progressive_SmallGroup_16_2_20260126T162940Z/best_codes/SmallGroup_16_2__AAp6_0_1_2_3_8_15_BBp6_0_1_2_3_7_14_k8_d44	best_codes/collected/SmallGroup_16_2__AAp6_0_1_2_3_8_15_BBp6_0_1_2_3_7_14_k8_d44
SmallGroup_16_2__AAp11_0_0_1_10_11_12_BBp6_0_1_2_3_7_14_k8_d40	SmallGroup_16_2_	576	8	40	1000000	dist-m4ri	p11_0_0_1_10_11_12	p6_0_1_2_3_7_14	results/progressive_SmallGroup_16_2_20260126T162940Z	results/progressive_SmallGroup_16_2_20260126T162940Z/best_codes/SmallGroup_16_2__AAp11_0_0_1_10_11_12_BBp6_0_1_2_3_7_14_k8_d40	best_codes/collected/SmallGroup_16_2__AAp11_0_0_1_10_11_12_BBp6_0_1_2_3_7_14_k8_d40
SmallGroup_16_2__AAp6_0_1_2_5_8_14_BBp6_0_1_3_11_13_15_k8_d49	SmallGroup_16_2_	576	8	40	3280000	dist-m4ri	p6_0_1_2_5_8_14	p6_0_1_3_11_13_15	results/progressive_SmallGroup_16_2_20260126T162940Z	results/progressive_SmallGroup_16_2_20260126T162940Z/best_codes/SmallGroup_16_2__AAp6_0_1_2_5_8_14_BBp6_0_1_3_11_13_15_k8_d49	best_codes/collected/SmallGroup_16_2__AAp6_0_1_2_5_8_14_BBp6_0_1_3_11_13_15_k8_d49
SmallGroup_16_2__AAp6_0_1_2_3_10_12_BBp6_0_1_2_3_12_15_k8_d39	SmallGroup_16_2_	576	8	39	1000000	dist-m4ri	p6_0_1_2_3_10_12	p6_0_1_2_3_12_15	results/progressive_SmallGroup_16_2_20260126T162940Z	results/progressive_SmallGroup_16_2_20260126T162940Z/best_codes/SmallGroup_16_2__AAp6_0_1_2_3_10_12_BBp6_0_1_2_3_12_15_k8_d39	best_codes/collected/SmallGroup_16_2__AAp6_0_1_2_3_10_12_BBp6_0_1_2_3_12_15_k8_d39
SmallGroup_16_2__AAp6_0_1_2_5_8_14_BBp6_0_1_3_4_8_12_k8_d46	SmallGroup_16_2_	576	8	39	3440000	dist-m4ri	p6_0_1_2_5_8_14	p6_0_1_3_4_8_12	results/progressive_SmallGroup_16_2_20260126T162940Z	results/progressive_SmallGroup_16_2_20260126T162940Z/best_codes/SmallGroup_16_2__AAp6_0_1_2_5_8_14_BBp6_0_1_3_4_8_12_k8_d46	best_codes/collected/SmallGroup_16_2__AAp6_0_1_2_5_8_14_BBp6_0_1_3_4_8_12_k8_d46
SmallGroup_16_2__AAp11_0_0_1_3_11_12_BBp6_0_1_2_3_7_14_k8_d47	SmallGroup_16_2_	576	8	38	1200000	dist-m4ri	p11_0_0_1_3_11_12	p6_0_1_2_3_7_14	results/progressive_SmallGroup_16_2_20260126T162940Z	results/progressive_SmallGroup_16_2_20260126T162940Z/best_codes/SmallGroup_16_2__AAp11_0_0_1_3_11_12_BBp6_0_1_2_3_7_14_k8_d47	best_codes/collected/SmallGroup_16_2__AAp11_0_0_1_3_11_12_BBp6_0_1_2_3_7_14_k8_d47
SmallGroup_16_2__AAp6_0_1_2_3_10_12_BBp6_0_1_2_3_12_15_k8_d38	SmallGroup_16_2_	576	8	38	1000000	dist-m4ri	p6_0_1_2_3_10_12	p6_0_1_2_3_12_15	results/progressive_SmallGroup_16_2_20260126T162940Z	results/progressive_SmallGroup_16_2_20260126T162940Z/best_codes/SmallGroup_16_2__AAp6_0_1_2_3_10_12_BBp6_0_1_2_3_12_15_k8_d38	best_codes/collected/SmallGroup_16_2__AAp6_0_1_2_3_10_12_BBp6_0_1_2_3_12_15_k8_d38
SmallGroup_16_2__AAp6_0_1_2_10_11_13_BBp16_0_5_9_11_13_14_k8_d31	SmallGroup_16_2_	576	8	31	1000000	dist-m4ri	p6_0_1_2_10_11_13	p16_0_5_9_11_13_14	results/progressive_SmallGroup_16_2_20260126T162940Z	results/progressive_SmallGroup_16_2_20260126T162940Z/best_codes/SmallGroup_16_2__AAp6_0_1_2_10_11_13_BBp16_0_5_9_11_13_14_k8_d31	best_codes/collected/SmallGroup_16_2__AAp6_0_1_2_10_11_13_BBp16_0_5_9_11_13_14_k8_d31
SmallGroup_16_2__AAp6_0_1_2_10_11_12_BBp16_0_5_9_11_13_14_k8_d30	SmallGroup_16_2_	576	8	30	1000000	dist-m4ri	p6_0_1_2_10_11_12	p16_0_5_9_11_13_14	results/progressive_SmallGroup_16_2_20260126T162940Z	results/progressive_SmallGroup_16_2_20260126T162940Z/best_codes/SmallGroup_16_2__AAp6_0_1_2_10_11_12_BBp16_0_5_9_11_13_14_k8_d30	best_codes/collected/SmallGroup_16_2__AAp6_0_1_2_10_11_12_BBp16_0_5_9_11_13_14_k8_d30
SmallGroup_16_2__AAp11_0_0_1_10_11_15_BBp15_0_0_1_11_12_14_k8_d25	SmallGroup_16_2_	576	8	25	1000000	dist-m4ri	p11_0_0_1_10_11_15	p15_0_0_1_11_12_14	results/progressive_SmallGroup_16_2_20260126T162940Z	results/progressive_SmallGroup_16_2_20260126T162940Z/best_codes/SmallGroup_16_2__AAp11_0_0_1_10_11_15_BBp15_0_0_1_11_12_14_k8_d25	best_codes/collected/SmallGroup_16_2__AAp11_0_0_1_10_11_15_BBp15_0_0_1_11_12_14_k8_d25
SmallGroup_16_2__AAp11_0_0_1_10_11_11_BBp15_0_1_3_6_8_12_k8_d24	SmallGroup_16_2_	576	8	24	1000000	dist-m4ri	p11_0_0_1_10_11_11	p15_0_1_3_6_8_12	results/progressive_SmallGroup_16_2_20260126T162940Z	results/progressive_SmallGroup_16_2_20260126T162940Z/best_codes/SmallGroup_16_2__AAp11_0_0_1_10_11_11_BBp15_0_1_3_6_8_12_k8_d24	best_codes/collected/SmallGroup_16_2__AAp11_0_0_1_10_11_11_BBp15_0_1_3_6_8_12_k8_d24
SmallGroup_16_2__AAp11_0_0_1_2_10_13_BBp6_0_1_2_3_12_15_k10_d41	SmallGroup_16_2_	576	10	41	1000000	dist-m4ri	p11_0_0_1_2_10_13	p6_0_1_2_3_12_15	results/progressive_SmallGroup_16_2_20260126T162940Z	results/progressive_SmallGroup_16_2_20260126T162940Z/best_codes/SmallGroup_16_2__AAp11_0_0_1_2_10_13_BBp6_0_1_2_3_12_15_k10_d41	best_codes/collected/SmallGroup_16_2__AAp11_0_0_1_2_10_13_BBp6_0_1_2_3_12_15_k10_d41
SmallGroup_16_2__AAp6_0_1_2_10_11_13_BBp6_0_1_3_8_13_15_k10_d39	SmallGroup_16_2_	576	10	39	1000000	dist-m4ri	p6_0_1_2_10_11_13	p6_0_1_3_8_13_15	results/progressive_SmallGroup_16_2_20260126T162940Z	results/progressive_SmallGroup_16_2_20260126T162940Z/best_codes/SmallGroup_16_2__AAp6_0_1_2_10_11_13_BBp6_0_1_3_8_13_15_k10_d39	best_codes/collected/SmallGroup_16_2__AAp6_0_1_2_10_11_13_BBp6_0_1_3_8_13_15_k10_d39
SmallGroup_16_2__AAp11_0_0_1_2_10_13_BBp6_0_1_2_3_12_15_k10_d37	SmallGroup_16_2_	576	10	37	1000000	dist-m4ri	p11_0_0_1_2_10_13	p6_0_1_2_3_12_15	results/progressive_SmallGroup_16_2_20260126T162940Z	results/progressive_SmallGroup_16_2_20260126T162940Z/best_codes/SmallGroup_16_2__AAp11_0_0_1_2_10_13_BBp6_0_1_2_3_12_15_k10_d37	best_codes/collected/SmallGroup_16_2__AAp11_0_0_1_2_10_13_BBp6_0_1_2_3_12_15_k10_d37
SmallGroup_16_2__AAp11_0_0_1_10_11_14_BBp6_0_1_2_5_8_12_k10_d33	SmallGroup_16_2_	576	10	33	1000000	dist-m4ri	p11_0_0_1_10_11_14	p6_0_1_2_5_8_12	results/progressive_SmallGroup_16_2_20260126T162940Z	results/progressive_SmallGroup_16_2_20260126T162940Z/best_codes/SmallGroup_16_2__AAp11_0_0_1_10_11_14_BBp6_0_1_2_5_8_12_k10_d33	best_codes/collected/SmallGroup_16_2__AAp11_0_0_1_10_11_14_BBp6_0_1_2_5_8_12_k10_d33
SmallGroup_16_2__AAp6_0_1_2_3_11_12_BBp6_0_2_4_10_11_14_k10_d31	SmallGroup_16_2_	576	10	31	1000000	dist-m4ri	p6_0_1_2_3_11_12	p6_0_2_4_10_11_14	results/progressive_SmallGroup_16_2_20260126T162940Z	results/progressive_SmallGroup_16_2_20260126T162940Z/best_codes/SmallGroup_16_2__AAp6_0_1_2_3_11_12_BBp6_0_2_4_10_11_14_k10_d31	best_codes/collected/SmallGroup_16_2__AAp6_0_1_2_3_11_12_BBp6_0_2_4_10_11_14_k10_d31
SmallGroup_16_2__AAp11_0_0_1_10_11_14_BBp6_0_1_2_5_8_12_k10_d30	SmallGroup_16_2_	576	10	30	1000000	dist-m4ri	p11_0_0_1_10_11_14	p6_0_1_2_5_8_12	results/progressive_SmallGroup_16_2_20260126T162940Z	results/progressive_SmallGroup_16_2_20260126T162940Z/best_codes/SmallGroup_16_2__AAp11_0_0_1_10_11_14_BBp6_0_1_2_5_8_12_k10_d30	best_codes/collected/SmallGroup_16_2__AAp11_0_0_1_10_11_14_BBp6_0_1_2_5_8_12_k10_d30
SmallGroup_16_2__AAp11_0_0_1_10_11_11_BBp6_0_1_2_3_12_15_k10_d28	SmallGroup_16_2_	576	10	28	1000000	dist-m4ri	p11_0_0_1_10_11_11	p6_0_1_2_3_12_15	results/progressive_SmallGroup_16_2_20260126T162940Z	results/progressive_SmallGroup_16_2_20260126T162940Z/best_codes/SmallGroup_16_2__AAp11_0_0_1_10_11_11_BBp6_0_1_2_3_12_15_k10_d28	best_codes/collected/SmallGroup_16_2__AAp11_0_0_1_10_11_11_BBp6_0_1_2_3_12_15_k10_d28
SmallGroup_16_2__AAp11_0_0_1_10_11_11_BBp6_0_1_2_3_12_15_k10_d27	SmallGroup_16_2_	576	10	27	1000000	dist-m4ri	p11_0_0_1_10_11_11	p6_0_1_2_3_12_15	results/progressive_SmallGroup_16_2_20260126T162940Z	results/progressive_SmallGroup_16_2_20260126T162940Z/best_codes/SmallGroup_16_2__AAp11_0_0_1_10_11_11_BBp6_0_1_2_3_12_15_k10_d27	best_codes/collected/SmallGroup_16_2__AAp11_0_0_1_10_11_11_BBp6_0_1_2_3_12_15_k10_d27
SmallGroup_16_2__AAp6_0_1_3_8_10_11_BBp6_0_1_2_3_9_13_k12_d43	SmallGroup_16_2_	576	12	43	1000000	dist-m4ri	p6_0_1_3_8_10_11	p6_0_1_2_3_9_13	results/progressive_SmallGroup_16_2_20260126T162940Z	results/progressive_SmallGroup_16_2_20260126T162940Z/best_codes/SmallGroup_16_2__AAp6_0_1_3_8_10_11_BBp6_0_1_2_3_9_13_k12_d43	best_codes/collected/SmallGroup_16_2__AAp6_0_1_3_8_10_11_BBp6_0_1_2_3_9_13_k12_d43
SmallGroup_16_2__AAp6_0_1_3_8_10_11_BBp6_0_1_2_3_9_13_k12_d41	SmallGroup_16_2_	576	12	41	1000000	dist-m4ri	p6_0_1_3_8_10_11	p6_0_1_2_3_9_13	results/progressive_SmallGroup_16_2_20260126T162940Z	results/progressive_SmallGroup_16_2_20260126T162940Z/best_codes/SmallGroup_16_2__AAp6_0_1_3_8_10_11_BBp6_0_1_2_3_9_13_k12_d41	best_codes/collected/SmallGroup_16_2__AAp6_0_1_3_8_10_11_BBp6_0_1_2_3_9_13_k12_d41
SmallGroup_16_2__AAp6_0_1_2_6_11_14_BBp6_0_1_2_3_12_15_k12_d38	SmallGroup_16_2_	576	12	38	1000000	dist-m4ri	p6_0_1_2_6_11_14	p6_0_1_2_3_12_15	results/progressive_SmallGroup_16_2_20260126T162940Z	results/progressive_SmallGroup_16_2_20260126T162940Z/best_codes/SmallGroup_16_2__AAp6_0_1_2_6_11_14_BBp6_0_1_2_3_12_15_k12_d38	best_codes/collected/SmallGroup_16_2__AAp6_0_1_2_6_11_14_BBp6_0_1_2_3_12_15_k12_d38
SmallGroup_16_2__AAp6_0_1_2_4_9_15_BBp6_0_1_3_4_8_12_k12_d37	SmallGroup_16_2_	576	12	37	1000000	dist-m4ri	p6_0_1_2_4_9_15	p6_0_1_3_4_8_12	results/progressive_SmallGroup_16_2_20260126T162940Z	results/progressive_SmallGroup_16_2_20260126T162940Z/best_codes/SmallGroup_16_2__AAp6_0_1_2_4_9_15_BBp6_0_1_3_4_8_12_k12_d37	best_codes/collected/SmallGroup_16_2__AAp6_0_1_2_4_9_15_BBp6_0_1_3_4_8_12_k12_d37
SmallGroup_16_2__AAp6_0_1_2_6_11_14_BBp6_0_1_2_3_12_15_k12_d36	SmallGroup_16_2_	576	12	36	1000000	dist-m4ri	p6_0_1_2_6_11_14	p6_0_1_2_3_12_15	results/progressive_SmallGroup_16_2_20260126T162940Z	results/progressive_SmallGroup_16_2_20260126T162940Z/best_codes/SmallGroup_16_2__AAp6_0_1_2_6_11_14_BBp6_0_1_2_3_12_15_k12_d36	best_codes/collected/SmallGroup_16_2__AAp6_0_1_2_6_11_14_BBp6_0_1_2_3_12_15_k12_d36
SmallGroup_16_2__AAp6_0_1_2_10_11_12_BBp6_0_1_2_3_12_15_k12_d33	SmallGroup_16_2_	576	12	33	1000000	dist-m4ri	p6_0_1_2_10_11_12	p6_0_1_2_3_12_15	results/progressive_SmallGroup_16_2_20260126T162940Z	results/progressive_SmallGroup_16_2_20260126T162940Z/best_codes/SmallGroup_16_2__AAp6_0_1_2_10_11_12_BBp6_0_1_2_3_12_15_k12_d33	best_codes/collected/SmallGroup_16_2__AAp6_0_1_2_10_11_12_BBp6_0_1_2_3_12_15_k12_d33
SmallGroup_16_2__AAp6_0_1_2_10_11_13_BBp6_0_1_2_3_12_15_k12_d33	SmallGroup_16_2_	576	12	33	1000000	dist-m4ri	p6_0_1_2_10_11_13	p6_0_1_2_3_12_15	results/progressive_SmallGroup_16_2_20260126T162940Z	results/progressive_SmallGroup_16_2_20260126T162940Z/best_codes/SmallGroup_16_2__AAp6_0_1_2_10_11_13_BBp6_0_1_2_3_12_15_k12_d33	best_codes/collected/SmallGroup_16_2__AAp6_0_1_2_10_11_13_BBp6_0_1_2_3_12_15_k12_d33
SmallGroup_16_2__AAp6_0_1_2_10_11_12_BBp6_0_1_2_3_12_15_k12_d32	SmallGroup_16_2_	576	12	32	1000000	dist-m4ri	p6_0_1_2_10_11_12	p6_0_1_2_3_12_15	results/progressive_SmallGroup_16_2_20260126T162940Z	results/progressive_SmallGroup_16_2_20260126T162940Z/best_codes/SmallGroup_16_2__AAp6_0_1_2_10_11_12_BBp6_0_1_2_3_12_15_k12_d32	best_codes/collected/SmallGroup_16_2__AAp6_0_1_2_10_11_12_BBp6_0_1_2_3_12_15_k12_d32
SmallGroup_16_2__AAp15_0_1_2_4_7_11_BBp15_0_0_1_2_5_11_k14_d38	SmallGroup_16_2_	576	14	38	1000000	dist-m4ri	p15_0_1_2_4_7_11	p15_0_0_1_2_5_11	results/progressive_SmallGroup_16_2_20260126T162940Z	results/progressive_SmallGroup_16_2_20260126T162940Z/best_codes/SmallGroup_16_2__AAp15_0_1_2_4_7_11_BBp15_0_0_1_2_5_11_k14_d38	best_codes/collected/SmallGroup_16_2__AAp15_0_1_2_4_7_11_BBp15_0_0_1_2_5_11_k14_d38
SmallGroup_16_2__AAp6_0_1_2_10_11_13_BBp6_0_1_3_8_12_15_k14_d37	SmallGroup_16_2_	576	14	37	1000000	dist-m4ri	p6_0_1_2_10_11_13	p6_0_1_3_8_12_15	results/progressive_SmallGroup_16_2_20260126T162940Z	results/progressive_SmallGroup_16_2_20260126T162940Z/best_codes/SmallGroup_16_2__AAp6_0_1_2_10_11_13_BBp6_0_1_3_8_12_15_k14_d37	best_codes/collected/SmallGroup_16_2__AAp6_0_1_2_10_11_13_BBp6_0_1_3_8_12_15_k14_d37
SmallGroup_16_2__AAp6_0_1_2_10_11_13_BBp6_0_1_3_8_12_15_k14_d36	SmallGroup_16_2_	576	14	36	1000000	dist-m4ri	p6_0_1_2_10_11_13	p6_0_1_3_8_12_15	results/progressive_SmallGroup_16_2_20260126T162940Z	results/progressive_SmallGroup_16_2_20260126T162940Z/best_codes/SmallGroup_16_2__AAp6_0_1_2_10_11_13_BBp6_0_1_3_8_12_15_k14_d36	best_codes/collected/SmallGroup_16_2__AAp6_0_1_2_10_11_13_BBp6_0_1_3_8_12_15_k14_d36
SmallGroup_16_2__AAp6_0_1_2_6_12_15_BBp11_0_2_8_10_11_14_k14_d36	SmallGroup_16_2_	576	14	36	1000000	dist-m4ri	p6_0_1_2_6_12_15	p11_0_2_8_10_11_14	results/progressive_SmallGroup_16_2_20260126T162940Z	results/progressive_SmallGroup_16_2_20260126T162940Z/best_codes/SmallGroup_16_2__AAp6_0_1_2_6_12_15_BBp11_0_2_8_10_11_14_k14_d36	best_codes/collected/SmallGroup_16_2__AAp6_0_1_2_6_12_15_BBp11_0_2_8_10_11_14_k14_d36
SmallGroup_16_2__AAp15_0_0_1_2_8_13_BBp15_0_0_7_11_12_13_k14_d35	SmallGroup_16_2_	576	14	35	1000000	dist-m4ri	p15_0_0_1_2_8_13	p15_0_0_7_11_12_13	results/progressive_SmallGroup_16_2_20260126T162940Z	results/progressive_SmallGroup_16_2_20260126T162940Z/best_codes/SmallGroup_16_2__AAp15_0_0_1_2_8_13_BBp15_0_0_7_11_12_13_k14_d35	best_codes/collected/SmallGroup_16_2__AAp15_0_0_1_2_8_13_BBp15_0_0_7_11_12_13_k14_d35
SmallGroup_16_2__AAp15_0_0_1_2_8_13_BBp15_0_0_6_9_11_15_k14_d34	SmallGroup_16_2_	576	14	34	1000000	dist-m4ri	p15_0_0_1_2_8_13	p15_0_0_6_9_11_15	results/progressive_SmallGroup_16_2_20260126T162940Z	results/progressive_SmallGroup_16_2_20260126T162940Z/best_codes/SmallGroup_16_2__AAp15_0_0_1_2_8_13_BBp15_0_0_6_9_11_15_k14_d34	best_codes/collected/SmallGroup_16_2__AAp15_0_0_1_2_8_13_BBp15_0_0_6_9_11_15_k14_d34
SmallGroup_16_2__AAp6_0_1_2_10_11_12_BBp6_0_1_2_4_5_6_k14_d32	SmallGroup_16_2_	576	14	32	1000000	dist-m4ri	p6_0_1_2_10_11_12	p6_0_1_2_4_5_6	results/progressive_SmallGroup_16_2_20260126T162940Z	results/progressive_SmallGroup_16_2_20260126T162940Z/best_codes/SmallGroup_16_2__AAp6_0_1_2_10_11_12_BBp6_0_1_2_4_5_6_k14_d32	best_codes/collected/SmallGroup_16_2__AAp6_0_1_2_10_11_12_BBp6_0_1_2_4_5_6_k14_d32
SmallGroup_16_2__AAp12_0_1_2_4_11_15_BBp6_0_1_10_11_12_14_k14_d24	SmallGroup_16_2_	576	14	24	1000000	dist-m4ri	p12_0_1_2_4_11_15	p6_0_1_10_11_12_14	results/progressive_SmallGroup_16_2_20260126T162940Z	results/progressive_SmallGroup_16_2_20260126T162940Z/best_codes/SmallGroup_16_2__AAp12_0_1_2_4_11_15_BBp6_0_1_10_11_12_14_k14_d24	best_codes/collected/SmallGroup_16_2__AAp12_0_1_2_4_11_15_BBp6_0_1_10_11_12_14_k14_d24
SmallGroup_16_2__AAp4_0_1_4_8_14_15_BBp6_0_1_2_3_12_15_k14_d24	SmallGroup_16_2_	576	14	24	1000000	dist-m4ri	p4_0_1_4_8_14_15	p6_0_1_2_3_12_15	results/progressive_SmallGroup_16_2_20260126T162940Z	results/progressive_SmallGroup_16_2_20260126T162940Z/best_codes/SmallGroup_16_2__AAp4_0_1_4_8_14_15_BBp6_0_1_2_3_12_15_k14_d24	best_codes/collected/SmallGroup_16_2__AAp4_0_1_4_8_14_15_BBp6_0_1_2_3_12_15_k14_d24
SmallGroup_16_2__AAp15_0_2_5_6_7_10_BBp6_0_1_2_4_5_6_k16_d36	SmallGroup_16_2_	576	16	36	1000000	dist-m4ri	p15_0_2_5_6_7_10	p6_0_1_2_4_5_6	results/progressive_SmallGroup_16_2_20260126T162940Z	results/progressive_SmallGroup_16_2_20260126T162940Z/best_codes/SmallGroup_16_2__AAp15_0_2_5_6_7_10_BBp6_0_1_2_4_5_6_k16_d36	best_codes/collected/SmallGroup_16_2__AAp15_0_2_5_6_7_10_BBp6_0_1_2_4_5_6_k16_d36
SmallGroup_16_2__AAp15_0_2_5_6_7_10_BBp6_0_1_2_4_5_6_k16_d34	SmallGroup_16_2_	576	16	34	1000000	dist-m4ri	p15_0_2_5_6_7_10	p6_0_1_2_4_5_6	results/progressive_SmallGroup_16_2_20260126T162940Z	results/progressive_SmallGroup_16_2_20260126T162940Z/best_codes/SmallGroup_16_2__AAp15_0_2_5_6_7_10_BBp6_0_1_2_4_5_6_k16_d34	best_codes/collected/SmallGroup_16_2__AAp15_0_2_5_6_7_10_BBp6_0_1_2_4_5_6_k16_d34
SmallGroup_16_2__AAp6_0_5_6_7_8_10_BBp11_0_1_2_6_13_15_k16_d34	SmallGroup_16_2_	576	16	34	1000000	dist-m4ri	p6_0_5_6_7_8_10	p11_0_1_2_6_13_15	results/progressive_SmallGroup_16_2_20260126T162940Z	results/progressive_SmallGroup_16_2_20260126T162940Z/best_codes/SmallGroup_16_2__AAp6_0_5_6_7_8_10_BBp11_0_1_2_6_13_15_k16_d34	best_codes/collected/SmallGroup_16_2__AAp6_0_5_6_7_8_10_BBp11_0_1_2_6_13_15_k16_d34
SmallGroup_16_2__AAp15_0_2_5_6_14_15_BBp6_0_1_2_4_5_6_k16_d33	SmallGroup_16_2_	576	16	33	1000000	dist-m4ri	p15_0_2_5_6_14_15	p6_0_1_2_4_5_6	results/progressive_SmallGroup_16_2_20260126T162940Z	results/progressive_SmallGroup_16_2_20260126T162940Z/best_codes/SmallGroup_16_2__AAp15_0_2_5_6_14_15_BBp6_0_1_2_4_5_6_k16_d33	best_codes/collected/SmallGroup_16_2__AAp15_0_2_5_6_14_15_BBp6_0_1_2_4_5_6_k16_d33
SmallGroup_16_2__AAp6_0_1_2_10_11_12_BBp11_0_0_1_2_7_11_k16_d32	SmallGroup_16_2_	576	16	32	1000000	dist-m4ri	p6_0_1_2_10_11_12	p11_0_0_1_2_7_11	results/progressive_SmallGroup_16_2_20260126T162940Z	results/progressive_SmallGroup_16_2_20260126T162940Z/best_codes/SmallGroup_16_2__AAp6_0_1_2_10_11_12_BBp11_0_0_1_2_7_11_k16_d32	best_codes/collected/SmallGroup_16_2__AAp6_0_1_2_10_11_12_BBp11_0_0_1_2_7_11_k16_d32
SmallGroup_16_2__AAp6_0_1_2_10_11_12_BBp11_0_0_1_2_7_11_k16_d30	SmallGroup_16_2_	576	16	30	1000000	dist-m4ri	p6_0_1_2_10_11_12	p11_0_0_1_2_7_11	results/progressive_SmallGroup_16_2_20260126T162940Z	results/progressive_SmallGroup_16_2_20260126T162940Z/best_codes/SmallGroup_16_2__AAp6_0_1_2_10_11_12_BBp11_0_0_1_2_7_11_k16_d30	best_codes/collected/SmallGroup_16_2__AAp6_0_1_2_10_11_12_BBp11_0_0_1_2_7_11_k16_d30
SmallGroup_16_2__AAp6_0_1_2_5_8_14_BBp6_0_2_9_10_13_13_k16_d29	SmallGroup_16_2_	576	16	29	1000000	dist-m4ri	p6_0_1_2_5_8_14	p6_0_2_9_10_13_13	results/progressive_SmallGroup_16_2_20260126T162940Z	results/progressive_SmallGroup_16_2_20260126T162940Z/best_codes/SmallGroup_16_2__AAp6_0_1_2_5_8_14_BBp6_0_2_9_10_13_13_k16_d29	best_codes/collected/SmallGroup_16_2__AAp6_0_1_2_5_8_14_BBp6_0_2_9_10_13_13_k16_d29
SmallGroup_16_2__AAp15_0_0_2_5_11_14_BBp6_0_1_2_3_9_13_k16_d28	SmallGroup_16_2_	576	16	28	1000000	dist-m4ri	p15_0_0_2_5_11_14	p6_0_1_2_3_9_13	results/progressive_SmallGroup_16_2_20260126T162940Z	results/progressive_SmallGroup_16_2_20260126T162940Z/best_codes/SmallGroup_16_2__AAp15_0_0_2_5_11_14_BBp6_0_1_2_3_9_13_k16_d28	best_codes/collected/SmallGroup_16_2__AAp15_0_0_2_5_11_14_BBp6_0_1_2_3_9_13_k16_d28
SmallGroup_16_2__AAp6_0_1_2_10_11_13_BBp6_0_3_10_12_14_14_k16_d27	SmallGroup_16_2_	576	16	27	1000000	dist-m4ri	p6_0_1_2_10_11_13	p6_0_3_10_12_14_14	results/progressive_SmallGroup_16_2_20260126T162940Z	results/progressive_SmallGroup_16_2_20260126T162940Z/best_codes/SmallGroup_16_2__AAp6_0_1_2_10_11_13_BBp6_0_3_10_12_14_14_k16_d27	best_codes/collected/SmallGroup_16_2__AAp6_0_1_2_10_11_13_BBp6_0_3_10_12_14_14_k16_d27
SmallGroup_16_2__AAp6_0_1_2_10_11_13_BBp6_0_1_2_4_5_6_k16_d26	SmallGroup_16_2_	576	16	26	1000000	dist-m4ri	p6_0_1_2_10_11_13	p6_0_1_2_4_5_6	results/progressive_SmallGroup_16_2_20260126T162940Z	results/progressive_SmallGroup_16_2_20260126T162940Z/best_codes/SmallGroup_16_2__AAp6_0_1_2_10_11_13_BBp6_0_1_2_4_5_6_k16_d26	best_codes/collected/SmallGroup_16_2__AAp6_0_1_2_10_11_13_BBp6_0_1_2_4_5_6_k16_d26
SmallGroup_16_2__AAp11_0_1_2_6_7_12_BBp15_0_0_1_11_12_14_k16_d24	SmallGroup_16_2_	576	16	24	1000000	dist-m4ri	p11_0_1_2_6_7_12	p15_0_0_1_11_12_14	results/progressive_SmallGroup_16_2_20260126T162940Z	results/progressive_SmallGroup_16_2_20260126T162940Z/best_codes/SmallGroup_16_2__AAp11_0_1_2_6_7_12_BBp15_0_0_1_11_12_14_k16_d24	best_codes/collected/SmallGroup_16_2__AAp11_0_1_2_6_7_12_BBp15_0_0_1_11_12_14_k16_d24
SmallGroup_16_2__AAp12_0_1_2_4_11_15_BBp6_0_2_4_10_11_14_k16_d24	SmallGroup_16_2_	576	16	24	1000000	dist-m4ri	p12_0_1_2_4_11_15	p6_0_2_4_10_11_14	results/progressive_SmallGroup_16_2_20260126T162940Z	results/progressive_SmallGroup_16_2_20260126T162940Z/best_codes/SmallGroup_16_2__AAp12_0_1_2_4_11_15_BBp6_0_2_4_10_11_14_k16_d24	best_codes/collected/SmallGroup_16_2__AAp12_0_1_2_4_11_15_BBp6_0_2_4_10_11_14_k16_d24
SmallGroup_16_2__AAp15_0_1_6_10_11_15_BBp15_0_0_5_11_13_14_k18_d29	SmallGroup_16_2_	576	18	29	1000000	dist-m4ri	p15_0_1_6_10_11_15	p15_0_0_5_11_13_14	results/progressive_SmallGroup_16_2_20260126T162940Z	results/progressive_SmallGroup_16_2_20260126T162940Z/best_codes/SmallGroup_16_2__AAp15_0_1_6_10_11_15_BBp15_0_0_5_11_13_14_k18_d29	best_codes/collected/SmallGroup_16_2__AAp15_0_1_6_10_11_15_BBp15_0_0_5_11_13_14_k18_d29
SmallGroup_16_2__AAp6_0_1_2_10_11_13_BBp6_0_3_10_11_14_14_k18_d27	SmallGroup_16_2_	576	18	27	1000000	dist-m4ri	p6_0_1_2_10_11_13	p6_0_3_10_11_14_14	results/progressive_SmallGroup_16_2_20260126T162940Z	results/progressive_SmallGroup_16_2_20260126T162940Z/best_codes/SmallGroup_16_2__AAp6_0_1_2_10_11_13_BBp6_0_3_10_11_14_14_k18_d27	best_codes/collected/SmallGroup_16_2__AAp6_0_1_2_10_11_13_BBp6_0_3_10_11_14_14_k18_d27
SmallGroup_16_2__AAp22_0_1_3_4_11_14_BBp6_0_1_2_3_12_15_k18_d24	SmallGroup_16_2_	576	18	24	1000000	dist-m4ri	p22_0_1_3_4_11_14	p6_0_1_2_3_12_15	results/progressive_SmallGroup_16_2_20260126T162940Z	results/progressive_SmallGroup_16_2_20260126T162940Z/best_codes/SmallGroup_16_2__AAp22_0_1_3_4_11_14_BBp6_0_1_2_3_12_15_k18_d24	best_codes/collected/SmallGroup_16_2__AAp22_0_1_3_4_11_14_BBp6_0_1_2_3_12_15_k18_d24
SmallGroup_16_2__AAp6_0_1_2_4_8_13_BBp6_0_1_3_7_11_12_k20_d34	SmallGroup_16_2_	576	20	34	1000000	dist-m4ri	p6_0_1_2_4_8_13	p6_0_1_3_7_11_12	results/progressive_SmallGroup_16_2_20260126T162940Z	results/progressive_SmallGroup_16_2_20260126T162940Z/best_codes/SmallGroup_16_2__AAp6_0_1_2_4_8_13_BBp6_0_1_3_7_11_12_k20_d34	best_codes/collected/SmallGroup_16_2__AAp6_0_1_2_4_8_13_BBp6_0_1_3_7_11_12_k20_d34
SmallGroup_16_2__AAp6_0_1_2_4_8_13_BBp6_0_1_3_7_11_12_k20_d32	SmallGroup_16_2_	576	20	32	1000000	dist-m4ri	p6_0_1_2_4_8_13	p6_0_1_3_7_11_12	results/progressive_SmallGroup_16_2_20260126T162940Z	results/progressive_SmallGroup_16_2_20260126T162940Z/best_codes/SmallGroup_16_2__AAp6_0_1_2_4_8_13_BBp6_0_1_3_7_11_12_k20_d32	best_codes/collected/SmallGroup_16_2__AAp6_0_1_2_4_8_13_BBp6_0_1_3_7_11_12_k20_d32
SmallGroup_16_2__AAp6_0_1_2_3_11_13_BBp6_0_1_2_4_5_6_k20_d26	SmallGroup_16_2_	576	20	26	1000000	dist-m4ri	p6_0_1_2_3_11_13	p6_0_1_2_4_5_6	results/progressive_SmallGroup_16_2_20260126T162940Z	results/progressive_SmallGroup_16_2_20260126T162940Z/best_codes/SmallGroup_16_2__AAp6_0_1_2_3_11_13_BBp6_0_1_2_4_5_6_k20_d26	best_codes/collected/SmallGroup_16_2__AAp6_0_1_2_3_11_13_BBp6_0_1_2_4_5_6_k20_d26
SmallGroup_16_2__AAp12_0_4_6_9_12_13_BBp0_0_2_6_7_10_15_k20_d24	SmallGroup_16_2_	576	20	24	1000000	dist-m4ri	p12_0_4_6_9_12_13	p0_0_2_6_7_10_15	results/progressive_SmallGroup_16_2_20260126T162940Z	results/progressive_SmallGroup_16_2_20260126T162940Z/best_codes/SmallGroup_16_2__AAp12_0_4_6_9_12_13_BBp0_0_2_6_7_10_15_k20_d24	best_codes/collected/SmallGroup_16_2__AAp12_0_4_6_9_12_13_BBp0_0_2_6_7_10_15_k20_d24
SmallGroup_16_2__AAp6_0_1_2_3_11_13_BBp6_0_1_2_4_5_6_k20_d24	SmallGroup_16_2_	576	20	24	1000000	dist-m4ri	p6_0_1_2_3_11_13	p6_0_1_2_4_5_6	results/progressive_SmallGroup_16_2_20260126T162940Z	results/progressive_SmallGroup_16_2_20260126T162940Z/best_codes/SmallGroup_16_2__AAp6_0_1_2_3_11_13_BBp6_0_1_2_4_5_6_k20_d24	best_codes/collected/SmallGroup_16_2__AAp6_0_1_2_3_11_13_BBp6_0_1_2_4_5_6_k20_d24
SmallGroup_16_2__AAp11_0_1_2_6_7_12_BBp8_0_2_3_4_6_12_k22_d24	SmallGroup_16_2_	576	22	24	1000000	dist-m4ri	p11_0_1_2_6_7_12	p8_0_2_3_4_6_12	results/progressive_SmallGroup_16_2_20260126T162940Z	results/progressive_SmallGroup_16_2_20260126T162940Z/best_codes/SmallGroup_16_2__AAp11_0_1_2_6_7_12_BBp8_0_2_3_4_6_12_k22_d24	best_codes/collected/SmallGroup_16_2__AAp11_0_1_2_6_7_12_BBp8_0_2_3_4_6_12_k22_d24
SmallGroup_16_2__AAp11_0_3_6_8_12_15_BBp0_0_1_2_2_7_12_k22_d24	SmallGroup_16_2_	576	22	24	1000000	dist-m4ri	p11_0_3_6_8_12_15	p0_0_1_2_2_7_12	results/progressive_SmallGroup_16_2_20260126T162940Z	results/progressive_SmallGroup_16_2_20260126T162940Z/best_codes/SmallGroup_16_2__AAp11_0_3_6_8_12_15_BBp0_0_1_2_2_7_12_k22_d24	best_codes/collected/SmallGroup_16_2__AAp11_0_3_6_8_12_15_BBp0_0_1_2_2_7_12_k22_d24
SmallGroup_16_2__AAp11_0_1_2_5_6_13_BBp0_0_1_2_5_7_8_k24_d24	SmallGroup_16_2_	576	24	24	1000000	dist-m4ri	p11_0_1_2_5_6_13	p0_0_1_2_5_7_8	results/progressive_SmallGroup_16_2_20260126T162940Z	results/progressive_SmallGroup_16_2_20260126T162940Z/best_codes/SmallGroup_16_2__AAp11_0_1_2_5_6_13_BBp0_0_1_2_5_7_8_k24_d24	best_codes/collected/SmallGroup_16_2__AAp11_0_1_2_5_6_13_BBp0_0_1_2_5_7_8_k24_d24
SmallGroup_16_2__AAp8_0_1_3_4_9_11_BBp0_0_2_6_7_10_15_k24_d24	SmallGroup_16_2_	576	24	24	1000000	dist-m4ri	p8_0_1_3_4_9_11	p0_0_2_6_7_10_15	results/progressive_SmallGroup_16_2_20260126T162940Z	results/progressive_SmallGroup_16_2_20260126T162940Z/best_codes/SmallGroup_16_2__AAp8_0_1_3_4_9_11_BBp0_0_2_6_7_10_15_k24_d24	best_codes/collected/SmallGroup_16_2__AAp8_0_1_3_4_9_11_BBp0_0_2_6_7_10_15_k24_d24
SmallGroup_16_2__AAp11_0_2_3_11_13_15_BBp8_0_2_3_4_6_12_k26_d24	SmallGroup_16_2_	576	26	24	1000000	dist-m4ri	p11_0_2_3_11_13_15	p8_0_2_3_4_6_12	results/progressive_SmallGroup_16_2_20260126T162940Z	results/progressive_SmallGroup_16_2_20260126T162940Z/best_codes/SmallGroup_16_2__AAp11_0_2_3_11_13_15_BBp8_0_2_3_4_6_12_k26_d24	best_codes/collected/SmallGroup_16_2__AAp11_0_2_3_11_13_15_BBp8_0_2_3_4_6_12_k26_d24
SmallGroup_17_1__AAp11_0_9_10_12_15_16_BBp12_0_1_3_4_7_9_k2_d79	SmallGroup_17_1_	612	2	79	100000	dist-m4ri	p11_0_9_10_12_15_16	p12_0_1_3_4_7_9	results/smoke_SG17_1_20260129T115352Z	results/smoke_SG17_1_20260129T115352Z/best_codes/SmallGroup_17_1__AAp11_0_9_10_12_15_16_BBp12_0_1_3_4_7_9_k2_d79	best_codes/collected/SmallGroup_17_1__AAp11_0_9_10_12_15_16_BBp12_0_1_3_4_7_9_k2_d79
SmallGroup_17_1__AAp12_0_2_3_6_8_16_BBp11_0_2_3_12_13_14_k2_d77	SmallGroup_17_1_	612	2	77	100000	dist-m4ri	p12_0_2_3_6_8_16	p11_0_2_3_12_13_14	results/smoke_SG17_1_20260129T115352Z	results/smoke_SG17_1_20260129T115352Z/best_codes/SmallGroup_17_1__AAp12_0_2_3_6_8_16_BBp11_0_2_3_12_13_14_k2_d77	best_codes/collected/SmallGroup_17_1__AAp12_0_2_3_6_8_16_BBp11_0_2_3_12_13_14_k2_d77
SmallGroup_17_1__AAp11_0_2_8_12_14_15_BBp11_0_2_3_12_13_14_k2_d76	SmallGroup_17_1_	612	2	76	100000	dist-m4ri	p11_0_2_8_12_14_15	p11_0_2_3_12_13_14	results/smoke_SG17_1_20260129T115352Z	results/smoke_SG17_1_20260129T115352Z/best_codes/SmallGroup_17_1__AAp11_0_2_8_12_14_15_BBp11_0_2_3_12_13_14_k2_d76	best_codes/collected/SmallGroup_17_1__AAp11_0_2_8_12_14_15_BBp11_0_2_3_12_13_14_k2_d76
SmallGroup_17_1__AAp11_0_1_3_7_13_15_BBp16_0_1_5_5_9_10_k2_d75	SmallGroup_17_1_	612	2	75	100000	dist-m4ri	p11_0_1_3_7_13_15	p16_0_1_5_5_9_10	results/smoke_SG17_1_20260129T115352Z	results/smoke_SG17_1_20260129T115352Z/best_codes/SmallGroup_17_1__AAp11_0_1_3_7_13_15_BBp16_0_1_5_5_9_10_k2_d75	best_codes/collected/SmallGroup_17_1__AAp11_0_1_3_7_13_15_BBp16_0_1_5_5_9_10_k2_d75
SmallGroup_17_1__AAp11_0_1_10_11_12_15_BBp11_0_2_3_12_13_14_k2_d73	SmallGroup_17_1_	612	2	73	100000	dist-m4ri	p11_0_1_10_11_12_15	p11_0_2_3_12_13_14	results/smoke_SG17_1_20260129T115352Z	results/smoke_SG17_1_20260129T115352Z/best_codes/SmallGroup_17_1__AAp11_0_1_10_11_12_15_BBp11_0_2_3_12_13_14_k2_d73	best_codes/collected/SmallGroup_17_1__AAp11_0_1_10_11_12_15_BBp11_0_2_3_12_13_14_k2_d73
SmallGroup_17_1__AAp3_0_3_4_7_9_14_BBp16_0_1_5_5_9_10_k2_d70	SmallGroup_17_1_	612	2	70	100000	dist-m4ri	p3_0_3_4_7_9_14	p16_0_1_5_5_9_10	results/smoke_SG17_1_20260129T115352Z	results/smoke_SG17_1_20260129T115352Z/best_codes/SmallGroup_17_1__AAp3_0_3_4_7_9_14_BBp16_0_1_5_5_9_10_k2_d70	best_codes/collected/SmallGroup_17_1__AAp3_0_3_4_7_9_14_BBp16_0_1_5_5_9_10_k2_d70
SmallGroup_17_1__AAp3_0_3_4_7_9_14_BBp3_0_3_8_10_13_14_k2_d67	SmallGroup_17_1_	612	2	67	100000	dist-m4ri	p3_0_3_4_7_9_14	p3_0_3_8_10_13_14	results/smoke_SG17_1_20260129T115352Z	results/smoke_SG17_1_20260129T115352Z/best_codes/SmallGroup_17_1__AAp3_0_3_4_7_9_14_BBp3_0_3_8_10_13_14_k2_d67	best_codes/collected/SmallGroup_17_1__AAp3_0_3_4_7_9_14_BBp3_0_3_8_10_13_14_k2_d67
SmallGroup_17_1__AAp11_0_0_0_0_0_1_BBp3_0_3_8_10_13_14_k2_d17	SmallGroup_17_1_	612	2	17	100000	dist-m4ri	p11_0_0_0_0_0_1	p3_0_3_8_10_13_14	results/smoke_SG17_1_20260129T115352Z	results/smoke_SG17_1_20260129T115352Z/best_codes/SmallGroup_17_1__AAp11_0_0_0_0_0_1_BBp3_0_3_8_10_13_14_k2_d17	best_codes/collected/SmallGroup_17_1__AAp11_0_0_0_0_0_1_BBp3_0_3_8_10_13_14_k2_d17
SmallGroup_17_1__AAp11_0_1_4_6_7_16_BBp6_0_5_7_12_12_14_k4_d57	SmallGroup_17_1_	612	4	57	100000	dist-m4ri	p11_0_1_4_6_7_16	p6_0_5_7_12_12_14	results/smoke_SG17_1_20260129T115352Z	results/smoke_SG17_1_20260129T115352Z/best_codes/SmallGroup_17_1__AAp11_0_1_4_6_7_16_BBp6_0_5_7_12_12_14_k4_d57	best_codes/collected/SmallGroup_17_1__AAp11_0_1_4_6_7_16_BBp6_0_5_7_12_12_14_k4_d57
SmallGroup_17_1__AAp11_0_1_10_11_12_15_BBp6_0_5_7_12_12_14_k4_d53	SmallGroup_17_1_	612	4	53	100000	dist-m4ri	p11_0_1_10_11_12_15	p6_0_5_7_12_12_14	results/smoke_SG17_1_20260129T115352Z	results/smoke_SG17_1_20260129T115352Z/best_codes/SmallGroup_17_1__AAp11_0_1_10_11_12_15_BBp6_0_5_7_12_12_14_k4_d53	best_codes/collected/SmallGroup_17_1__AAp11_0_1_10_11_12_15_BBp6_0_5_7_12_12_14_k4_d53
SmallGroup_17_1__AAp29_0_0_8_8_11_12_BBp11_0_2_3_12_13_14_k4_d50	SmallGroup_17_1_	612	4	50	100000	dist-m4ri	p29_0_0_8_8_11_12	p11_0_2_3_12_13_14	results/smoke_SG17_1_20260129T115352Z	results/smoke_SG17_1_20260129T115352Z/best_codes/SmallGroup_17_1__AAp29_0_0_8_8_11_12_BBp11_0_2_3_12_13_14_k4_d50	best_codes/collected/SmallGroup_17_1__AAp29_0_0_8_8_11_12_BBp11_0_2_3_12_13_14_k4_d50
SmallGroup_17_1__AAp29_0_0_1_1_10_12_BBp11_0_2_4_10_14_16_k4_d47	SmallGroup_17_1_	612	4	47	100000	dist-m4ri	p29_0_0_1_1_10_12	p11_0_2_4_10_14_16	results/smoke_SG17_1_20260129T115352Z	results/smoke_SG17_1_20260129T115352Z/best_codes/SmallGroup_17_1__AAp29_0_0_1_1_10_12_BBp11_0_2_4_10_14_16_k4_d47	best_codes/collected/SmallGroup_17_1__AAp29_0_0_1_1_10_12_BBp11_0_2_4_10_14_16_k4_d47
SmallGroup_17_1__AAp11_0_2_3_5_7_13_BBp6_0_5_8_10_10_15_k4_d39	SmallGroup_17_1_	612	4	39	100000	dist-m4ri	p11_0_2_3_5_7_13	p6_0_5_8_10_10_15	results/smoke_SG17_1_20260129T115352Z	results/smoke_SG17_1_20260129T115352Z/best_codes/SmallGroup_17_1__AAp11_0_2_3_5_7_13_BBp6_0_5_8_10_10_15_k4_d39	best_codes/collected/SmallGroup_17_1__AAp11_0_2_3_5_7_13_BBp6_0_5_8_10_10_15_k4_d39
SmallGroup_17_1__AAp11_0_1_10_11_12_15_BBp6_0_5_8_10_10_15_k4_d37	SmallGroup_17_1_	612	4	37	100000	dist-m4ri	p11_0_1_10_11_12_15	p6_0_5_8_10_10_15	results/smoke_SG17_1_20260129T115352Z	results/smoke_SG17_1_20260129T115352Z/best_codes/SmallGroup_17_1__AAp11_0_1_10_11_12_15_BBp6_0_5_8_10_10_15_k4_d37	best_codes/collected/SmallGroup_17_1__AAp11_0_1_10_11_12_15_BBp6_0_5_8_10_10_15_k4_d37
SmallGroup_17_1__AAp29_0_1_2_2_6_11_BBp11_0_2_4_10_14_16_k4_d31	SmallGroup_17_1_	612	4	31	100000	dist-m4ri	p29_0_1_2_2_6_11	p11_0_2_4_10_14_16	results/smoke_SG17_1_20260129T115352Z	results/smoke_SG17_1_20260129T115352Z/best_codes/SmallGroup_17_1__AAp29_0_1_2_2_6_11_BBp11_0_2_4_10_14_16_k4_d31	best_codes/collected/SmallGroup_17_1__AAp29_0_1_2_2_6_11_BBp11_0_2_4_10_14_16_k4_d31
SmallGroup_17_1__AAp29_0_1_6_6_9_16_BBp16_0_1_5_5_9_10_k4_d29	SmallGroup_17_1_	612	4	29	100000	dist-m4ri	p29_0_1_6_6_9_16	p16_0_1_5_5_9_10	results/smoke_SG17_1_20260129T115352Z	results/smoke_SG17_1_20260129T115352Z/best_codes/SmallGroup_17_1__AAp29_0_1_6_6_9_16_BBp16_0_1_5_5_9_10_k4_d29	best_codes/collected/SmallGroup_17_1__AAp29_0_1_6_6_9_16_BBp16_0_1_5_5_9_10_k4_d29
SmallGroup_17_1__AAp29_0_3_4_4_6_13_BBp3_0_3_8_10_13_14_k4_d26	SmallGroup_17_1_	612	4	26	100000	dist-m4ri	p29_0_3_4_4_6_13	p3_0_3_8_10_13_14	results/smoke_SG17_1_20260129T115352Z	results/smoke_SG17_1_20260129T115352Z/best_codes/SmallGroup_17_1__AAp29_0_3_4_4_6_13_BBp3_0_3_8_10_13_14_k4_d26	best_codes/collected/SmallGroup_17_1__AAp29_0_3_4_4_6_13_BBp3_0_3_8_10_13_14_k4_d26
SmallGroup_17_1__AAp29_0_1_2_2_6_11_BBp3_0_3_8_10_13_14_k4_d25	SmallGroup_17_1_	612	4	25	100000	dist-m4ri	p29_0_1_2_2_6_11	p3_0_3_8_10_13_14	results/smoke_SG17_1_20260129T115352Z	results/smoke_SG17_1_20260129T115352Z/best_codes/SmallGroup_17_1__AAp29_0_1_2_2_6_11_BBp3_0_3_8_10_13_14_k4_d25	best_codes/collected/SmallGroup_17_1__AAp29_0_1_2_2_6_11_BBp3_0_3_8_10_13_14_k4_d25
SmallGroup_17_1__AAp3_0_3_4_7_9_14_BBp6_0_0_0_0_1_1_k4_d17	SmallGroup_17_1_	612	4	17	100000	dist-m4ri	p3_0_3_4_7_9_14	p6_0_0_0_0_1_1	results/smoke_SG17_1_20260129T115352Z	results/smoke_SG17_1_20260129T115352Z/best_codes/SmallGroup_17_1__AAp3_0_3_4_7_9_14_BBp6_0_0_0_0_1_1_k4_d17	best_codes/collected/SmallGroup_17_1__AAp3_0_3_4_7_9_14_BBp6_0_0_0_0_1_1_k4_d17
SmallGroup_17_1__AAp11_0_3_4_5_14_15_BBp0_0_3_5_7_13_15_k6_d41	SmallGroup_17_1_	612	6	41	100000	dist-m4ri	p11_0_3_4_5_14_15	p0_0_3_5_7_13_15	results/smoke_SG17_1_20260129T115352Z	results/smoke_SG17_1_20260129T115352Z/best_codes/SmallGroup_17_1__AAp11_0_3_4_5_14_15_BBp0_0_3_5_7_13_15_k6_d41	best_codes/collected/SmallGroup_17_1__AAp11_0_3_4_5_14_15_BBp0_0_3_5_7_13_15_k6_d41
SmallGroup_17_1__AAp11_0_6_8_10_11_13_BBp0_0_1_4_8_10_14_k6_d40	SmallGroup_17_1_	612	6	40	100000	dist-m4ri	p11_0_6_8_10_11_13	p0_0_1_4_8_10_14	results/smoke_SG17_1_20260129T115352Z	results/smoke_SG17_1_20260129T115352Z/best_codes/SmallGroup_17_1__AAp11_0_6_8_10_11_13_BBp0_0_1_4_8_10_14_k6_d40	best_codes/collected/SmallGroup_17_1__AAp11_0_6_8_10_11_13_BBp0_0_1_4_8_10_14_k6_d40
SmallGroup_17_1__AAp11_0_1_10_11_12_15_BBp0_0_1_4_8_10_14_k6_d33	SmallGroup_17_1_	612	6	33	100000	dist-m4ri	p11_0_1_10_11_12_15	p0_0_1_4_8_10_14	results/smoke_SG17_1_20260129T115352Z	results/smoke_SG17_1_20260129T115352Z/best_codes/SmallGroup_17_1__AAp11_0_1_10_11_12_15_BBp0_0_1_4_8_10_14_k6_d33	best_codes/collected/SmallGroup_17_1__AAp11_0_1_10_11_12_15_BBp0_0_1_4_8_10_14_k6_d33
SmallGroup_17_1__AAp11_0_1_3_7_13_15_BBp0_0_1_5_6_13_15_k6_d32	SmallGroup_17_1_	612	6	32	100000	dist-m4ri	p11_0_1_3_7_13_15	p0_0_1_5_6_13_15	results/smoke_SG17_1_20260129T115352Z	results/smoke_SG17_1_20260129T115352Z/best_codes/SmallGroup_17_1__AAp11_0_1_3_7_13_15_BBp0_0_1_5_6_13_15_k6_d32	best_codes/collected/SmallGroup_17_1__AAp11_0_1_3_7_13_15_BBp0_0_1_5_6_13_15_k6_d32
SmallGroup_17_1__AAp11_0_1_10_11_12_15_BBp0_0_1_4_7_11_14_k6_d28	SmallGroup_17_1_	612	6	28	100000	dist-m4ri	p11_0_1_10_11_12_15	p0_0_1_4_7_11_14	results/smoke_SG17_1_20260129T115352Z	results/smoke_SG17_1_20260129T115352Z/best_codes/SmallGroup_17_1__AAp11_0_1_10_11_12_15_BBp0_0_1_4_7_11_14_k6_d28	best_codes/collected/SmallGroup_17_1__AAp11_0_1_10_11_12_15_BBp0_0_1_4_7_11_14_k6_d28
SmallGroup_17_1__AAp11_0_1_10_11_12_15_BBp0_0_2_4_6_13_15_k6_d26	SmallGroup_17_1_	612	6	26	100000	dist-m4ri	p11_0_1_10_11_12_15	p0_0_2_4_6_13_15	results/smoke_SG17_1_20260129T115352Z	results/smoke_SG17_1_20260129T115352Z/best_codes/SmallGroup_17_1__AAp11_0_1_10_11_12_15_BBp0_0_2_4_6_13_15_k6_d26	best_codes/collected/SmallGroup_17_1__AAp11_0_1_10_11_12_15_BBp0_0_2_4_6_13_15_k6_d26
SmallGroup_17_1__AAp0_0_1_3_3_7_14_BBp11_0_1_10_11_13_16_k6_d24	SmallGroup_17_1_	612	6	24	100000	dist-m4ri	p0_0_1_3_3_7_14	p11_0_1_10_11_13_16	results/smoke_SG17_1_20260129T115352Z	results/smoke_SG17_1_20260129T115352Z/best_codes/SmallGroup_17_1__AAp0_0_1_3_3_7_14_BBp11_0_1_10_11_13_16_k6_d24	best_codes/collected/SmallGroup_17_1__AAp0_0_1_3_3_7_14_BBp11_0_1_10_11_13_16_k6_d24
SmallGroup_17_1__AAp11_0_0_0_0_0_1_BBp0_0_2_4_6_13_15_k6_d17	SmallGroup_17_1_	612	6	17	100000	dist-m4ri	p11_0_0_0_0_0_1	p0_0_2_4_6_13_15	results/smoke_SG17_1_20260129T115352Z	results/smoke_SG17_1_20260129T115352Z/best_codes/SmallGroup_17_1__AAp11_0_0_0_0_0_1_BBp0_0_2_4_6_13_15_k6_d17	best_codes/collected/SmallGroup_17_1__AAp11_0_0_0_0_0_1_BBp0_0_2_4_6_13_15_k6_d17
SmallGroup_17_1__AAp0_0_1_3_3_7_14_BBp3_0_3_8_10_13_14_k6_d15	SmallGroup_17_1_	612	6	15	100000	dist-m4ri	p0_0_1_3_3_7_14	p3_0_3_8_10_13_14	results/smoke_SG17_1_20260129T115352Z	results/smoke_SG17_1_20260129T115352Z/best_codes/SmallGroup_17_1__AAp0_0_1_3_3_7_14_BBp3_0_3_8_10_13_14_k6_d15	best_codes/collected/SmallGroup_17_1__AAp0_0_1_3_3_7_14_BBp3_0_3_8_10_13_14_k6_d15
SmallGroup_17_1__AAp0_0_0_1_1_1_10_BBp3_0_3_8_10_13_14_k6_d13	SmallGroup_17_1_	612	6	13	100000	dist-m4ri	p0_0_0_1_1_1_10	p3_0_3_8_10_13_14	results/smoke_SG17_1_20260129T115352Z	results/smoke_SG17_1_20260129T115352Z/best_codes/SmallGroup_17_1__AAp0_0_0_1_1_1_10_BBp3_0_3_8_10_13_14_k6_d13	best_codes/collected/SmallGroup_17_1__AAp0_0_0_1_1_1_10_BBp3_0_3_8_10_13_14_k6_d13
SmallGroup_17_1__AAp29_0_5_9_9_10_11_BBp6_0_5_7_12_12_14_k8_d27	SmallGroup_17_1_	612	8	27	100000	dist-m4ri	p29_0_5_9_9_10_11	p6_0_5_7_12_12_14	results/smoke_SG17_1_20260129T115352Z	results/smoke_SG17_1_20260129T115352Z/best_codes/SmallGroup_17_1__AAp29_0_5_9_9_10_11_BBp6_0_5_7_12_12_14_k8_d27	best_codes/collected/SmallGroup_17_1__AAp29_0_5_9_9_10_11_BBp6_0_5_7_12_12_14_k8_d27
SmallGroup_17_1__AAp29_0_1_2_2_6_11_BBp6_0_5_7_12_12_14_k8_d26	SmallGroup_17_1_	612	8	26	100000	dist-m4ri	p29_0_1_2_2_6_11	p6_0_5_7_12_12_14	results/smoke_SG17_1_20260129T115352Z	results/smoke_SG17_1_20260129T115352Z/best_codes/SmallGroup_17_1__AAp29_0_1_2_2_6_11_BBp6_0_5_7_12_12_14_k8_d26	best_codes/collected/SmallGroup_17_1__AAp29_0_1_2_2_6_11_BBp6_0_5_7_12_12_14_k8_d26
SmallGroup_17_1__AAp29_0_0_8_8_11_12_BBp6_0_0_2_4_15_15_k8_d25	SmallGroup_17_1_	612	8	25	100000	dist-m4ri	p29_0_0_8_8_11_12	p6_0_0_2_4_15_15	results/smoke_SG17_1_20260129T115352Z	results/smoke_SG17_1_20260129T115352Z/best_codes/SmallGroup_17_1__AAp29_0_0_8_8_11_12_BBp6_0_0_2_4_15_15_k8_d25	best_codes/collected/SmallGroup_17_1__AAp29_0_0_8_8_11_12_BBp6_0_0_2_4_15_15_k8_d25
SmallGroup_17_1__AAp29_0_0_4_4_6_14_BBp6_0_0_0_0_1_1_k8_d23	SmallGroup_17_1_	612	8	23	100000	dist-m4ri	p29_0_0_4_4_6_14	p6_0_0_0_0_1_1	results/smoke_SG17_1_20260129T115352Z	results/smoke_SG17_1_20260129T115352Z/best_codes/SmallGroup_17_1__AAp29_0_0_4_4_6_14_BBp6_0_0_0_0_1_1_k8_d23	best_codes/collected/SmallGroup_17_1__AAp29_0_0_4_4_6_14_BBp6_0_0_0_0_1_1_k8_d23
SmallGroup_17_1__AAp29_0_1_2_2_6_11_BBp6_0_5_8_10_10_15_k8_d22	SmallGroup_17_1_	612	8	22	100000	dist-m4ri	p29_0_1_2_2_6_11	p6_0_5_8_10_10_15	results/smoke_SG17_1_20260129T115352Z	results/smoke_SG17_1_20260129T115352Z/best_codes/SmallGroup_17_1__AAp29_0_1_2_2_6_11_BBp6_0_5_8_10_10_15_k8_d22	best_codes/collected/SmallGroup_17_1__AAp29_0_1_2_2_6_11_BBp6_0_5_8_10_10_15_k8_d22
SmallGroup_17_1__AAp29_0_1_2_2_6_11_BBp29_0_0_5_10_12_12_k8_d21	SmallGroup_17_1_	612	8	21	100000	dist-m4ri	p29_0_1_2_2_6_11	p29_0_0_5_10_12_12	results/smoke_SG17_1_20260129T115352Z	results/smoke_SG17_1_20260129T115352Z/best_codes/SmallGroup_17_1__AAp29_0_1_2_2_6_11_BBp29_0_0_5_10_12_12_k8_d21	best_codes/collected/SmallGroup_17_1__AAp29_0_1_2_2_6_11_BBp29_0_0_5_10_12_12_k8_d21
SmallGroup_17_1__AAp29_0_1_6_6_9_16_BBp6_0_0_0_0_1_1_k8_d19	SmallGroup_17_1_	612	8	19	100000	dist-m4ri	p29_0_1_6_6_9_16	p6_0_0_0_0_1_1	results/smoke_SG17_1_20260129T115352Z	results/smoke_SG17_1_20260129T115352Z/best_codes/SmallGroup_17_1__AAp29_0_1_6_6_9_16_BBp6_0_0_0_0_1_1_k8_d19	best_codes/collected/SmallGroup_17_1__AAp29_0_1_6_6_9_16_BBp6_0_0_0_0_1_1_k8_d19
SmallGroup_17_1__AAp29_0_1_2_2_6_11_BBp6_0_0_0_0_1_1_k8_d14	SmallGroup_17_1_	612	8	14	100000	dist-m4ri	p29_0_1_2_2_6_11	p6_0_0_0_0_1_1	results/smoke_SG17_1_20260129T115352Z	results/smoke_SG17_1_20260129T115352Z/best_codes/SmallGroup_17_1__AAp29_0_1_2_2_6_11_BBp6_0_0_0_0_1_1_k8_d14	best_codes/collected/SmallGroup_17_1__AAp29_0_1_2_2_6_11_BBp6_0_0_0_0_1_1_k8_d14
SmallGroup_17_1__AAp29_0_1_2_2_6_11_BBp29_0_1_2_7_7_10_k8_d11	SmallGroup_17_1_	612	8	11	100000	dist-m4ri	p29_0_1_2_2_6_11	p29_0_1_2_7_7_10	results/smoke_SG17_1_20260129T115352Z	results/smoke_SG17_1_20260129T115352Z/best_codes/SmallGroup_17_1__AAp29_0_1_2_2_6_11_BBp29_0_1_2_7_7_10_k8_d11	best_codes/collected/SmallGroup_17_1__AAp29_0_1_2_2_6_11_BBp29_0_1_2_7_7_10_k8_d11
SmallGroup_17_1__AAp0_0_1_3_3_7_14_BBp6_0_1_2_10_10_11_k12_d24	SmallGroup_17_1_	612	12	24	100000	dist-m4ri	p0_0_1_3_3_7_14	p6_0_1_2_10_10_11	results/smoke_SG17_1_20260129T115352Z	results/smoke_SG17_1_20260129T115352Z/best_codes/SmallGroup_17_1__AAp0_0_1_3_3_7_14_BBp6_0_1_2_10_10_11_k12_d24	best_codes/collected/SmallGroup_17_1__AAp0_0_1_3_3_7_14_BBp6_0_1_2_10_10_11_k12_d24
SmallGroup_17_1__AAp0_0_3_11_11_12_16_BBp6_0_0_2_4_15_15_k12_d22	SmallGroup_17_1_	612	12	22	100000	dist-m4ri	p0_0_3_11_11_12_16	p6_0_0_2_4_15_15	results/smoke_SG17_1_20260129T115352Z	results/smoke_SG17_1_20260129T115352Z/best_codes/SmallGroup_17_1__AAp0_0_3_11_11_12_16_BBp6_0_0_2_4_15_15_k12_d22	best_codes/collected/SmallGroup_17_1__AAp0_0_3_11_11_12_16_BBp6_0_0_2_4_15_15_k12_d22
SmallGroup_17_1__AAp0_0_3_4_11_12_15_BBp6_0_0_2_4_15_15_k12_d20	SmallGroup_17_1_	612	12	20	100000	dist-m4ri	p0_0_3_4_11_12_15	p6_0_0_2_4_15_15	results/smoke_SG17_1_20260129T115352Z	results/smoke_SG17_1_20260129T115352Z/best_codes/SmallGroup_17_1__AAp0_0_3_4_11_12_15_BBp6_0_0_2_4_15_15_k12_d20	best_codes/collected/SmallGroup_17_1__AAp0_0_3_4_11_12_15_BBp6_0_0_2_4_15_15_k12_d20
SmallGroup_17_1__AAp29_0_1_6_6_9_16_BBp0_0_2_4_6_13_15_k12_d18	SmallGroup_17_1_	612	12	18	100000	dist-m4ri	p29_0_1_6_6_9_16	p0_0_2_4_6_13_15	results/smoke_SG17_1_20260129T115352Z	results/smoke_SG17_1_20260129T115352Z/best_codes/SmallGroup_17_1__AAp29_0_1_6_6_9_16_BBp0_0_2_4_6_13_15_k12_d18	best_codes/collected/SmallGroup_17_1__AAp29_0_1_6_6_9_16_BBp0_0_2_4_6_13_15_k12_d18
SmallGroup_17_1__AAp6_0_0_0_0_1_1_BBp0_0_2_4_6_13_15_k12_d17	SmallGroup_17_1_	612	12	17	100000	dist-m4ri	p6_0_0_0_0_1_1	p0_0_2_4_6_13_15	results/smoke_SG17_1_20260129T115352Z	results/smoke_SG17_1_20260129T115352Z/best_codes/SmallGroup_17_1__AAp6_0_0_0_0_1_1_BBp0_0_2_4_6_13_15_k12_d17	best_codes/collected/SmallGroup_17_1__AAp6_0_0_0_0_1_1_BBp0_0_2_4_6_13_15_k12_d17
SmallGroup_17_1__AAp0_0_1_3_3_7_14_BBp6_0_0_0_0_1_1_k12_d13	SmallGroup_17_1_	612	12	13	100000	dist-m4ri	p0_0_1_3_3_7_14	p6_0_0_0_0_1_1	results/smoke_SG17_1_20260129T115352Z	results/smoke_SG17_1_20260129T115352Z/best_codes/SmallGroup_17_1__AAp0_0_1_3_3_7_14_BBp6_0_0_0_0_1_1_k12_d13	best_codes/collected/SmallGroup_17_1__AAp0_0_1_3_3_7_14_BBp6_0_0_0_0_1_1_k12_d13
SmallGroup_17_1__AAp0_0_1_3_3_7_14_BBp29_0_1_2_7_7_10_k12_d10	SmallGroup_17_1_	612	12	10	100000	dist-m4ri	p0_0_1_3_3_7_14	p29_0_1_2_7_7_10	results/smoke_SG17_1_20260129T115352Z	results/smoke_SG17_1_20260129T115352Z/best_codes/SmallGroup_17_1__AAp0_0_1_3_3_7_14_BBp29_0_1_2_7_7_10_k12_d10	best_codes/collected/SmallGroup_17_1__AAp0_0_1_3_3_7_14_BBp29_0_1_2_7_7_10_k12_d10
SmallGroup_17_1__AAp11_0_1_10_11_12_15_BBp15_0_1_2_3_5_15_k18_d51	SmallGroup_17_1_	612	18	51	100000	dist-m4ri	p11_0_1_10_11_12_15	p15_0_1_2_3_5_15	results/smoke_SG17_1_20260129T115352Z	results/smoke_SG17_1_20260129T115352Z/best_codes/SmallGroup_17_1__AAp11_0_1_10_11_12_15_BBp15_0_1_2_3_5_15_k18_d51	best_codes/collected/SmallGroup_17_1__AAp11_0_1_10_11_12_15_BBp15_0_1_2_3_5_15_k18_d51
SmallGroup_17_1__AAp11_0_1_3_7_13_15_BBp15_0_1_2_3_5_15_k18_d51	SmallGroup_17_1_	612	18	51	50000	dist-m4ri	p11_0_1_3_7_13_15	p15_0_1_2_3_5_15	results/smoke_SG17_1_20260129T115352Z	results/smoke_SG17_1_20260129T115352Z/best_codes/SmallGroup_17_1__AAp11_0_1_3_7_13_15_BBp15_0_1_2_3_5_15_k18_d51	best_codes/collected/SmallGroup_17_1__AAp11_0_1_3_7_13_15_BBp15_0_1_2_3_5_15_k18_d51
SmallGroup_17_1__AAp11_0_2_3_5_7_13_BBp15_0_1_2_3_5_15_k18_d51	SmallGroup_17_1_	612	18	51	50000	dist-m4ri	p11_0_2_3_5_7_13	p15_0_1_2_3_5_15	results/smoke_SG17_1_20260129T115352Z	results/smoke_SG17_1_20260129T115352Z/best_codes/SmallGroup_17_1__AAp11_0_2_3_5_7_13_BBp15_0_1_2_3_5_15_k18_d51	best_codes/collected/SmallGroup_17_1__AAp11_0_2_3_5_7_13_BBp15_0_1_2_3_5_15_k18_d51
SmallGroup_17_1__AAp0_0_11_11_11_11_11_BBp0_0_6_7_8_15_16_k18_d50	SmallGroup_17_1_	612	18	50	50000	dist-m4ri	p0_0_11_11_11_11_11	p0_0_6_7_8_15_16	results/smoke_SG17_1_20260129T115352Z	results/smoke_SG17_1_20260129T115352Z/best_codes/SmallGroup_17_1__AAp0_0_11_11_11_11_11_BBp0_0_6_7_8_15_16_k18_d50	best_codes/collected/SmallGroup_17_1__AAp0_0_11_11_11_11_11_BBp0_0_6_7_8_15_16_k18_d50
SmallGroup_17_1__AAp11_0_1_10_11_12_15_BBp15_0_4_7_11_13_15_k18_d50	SmallGroup_17_1_	612	18	50	50000	dist-m4ri	p11_0_1_10_11_12_15	p15_0_4_7_11_13_15	results/smoke_SG17_1_20260129T115352Z	results/smoke_SG17_1_20260129T115352Z/best_codes/SmallGroup_17_1__AAp11_0_1_10_11_12_15_BBp15_0_4_7_11_13_15_k18_d50	best_codes/collected/SmallGroup_17_1__AAp11_0_1_10_11_12_15_BBp15_0_4_7_11_13_15_k18_d50
SmallGroup_17_1__AAp3_0_3_4_7_9_14_BBp15_0_2_12_14_15_16_k18_d50	SmallGroup_17_1_	612	18	50	50000	dist-m4ri	p3_0_3_4_7_9_14	p15_0_2_12_14_15_16	results/smoke_SG17_1_20260129T115352Z	results/smoke_SG17_1_20260129T115352Z/best_codes/SmallGroup_17_1__AAp3_0_3_4_7_9_14_BBp15_0_2_12_14_15_16_k18_d50	best_codes/collected/SmallGroup_17_1__AAp3_0_3_4_7_9_14_BBp15_0_2_12_14_15_16_k18_d50
SmallGroup_17_1__AAp0_0_8_8_8_8_8_BBp0_0_1_7_8_10_11_k18_d49	SmallGroup_17_1_	612	18	49	50000	dist-m4ri	p0_0_8_8_8_8_8	p0_0_1_7_8_10_11	results/smoke_SG17_1_20260129T115352Z	results/smoke_SG17_1_20260129T115352Z/best_codes/SmallGroup_17_1__AAp0_0_8_8_8_8_8_BBp0_0_1_7_8_10_11_k18_d49	best_codes/collected/SmallGroup_17_1__AAp0_0_8_8_8_8_8_BBp0_0_1_7_8_10_11_k18_d49
SmallGroup_17_1__AAp11_0_2_8_12_14_15_BBp15_0_1_2_3_5_15_k18_d49	SmallGroup_17_1_	612	18	49	50000	dist-m4ri	p11_0_2_8_12_14_15	p15_0_1_2_3_5_15	results/smoke_SG17_1_20260129T115352Z	results/smoke_SG17_1_20260129T115352Z/best_codes/SmallGroup_17_1__AAp11_0_2_8_12_14_15_BBp15_0_1_2_3_5_15_k18_d49	best_codes/collected/SmallGroup_17_1__AAp11_0_2_8_12_14_15_BBp15_0_1_2_3_5_15_k18_d49
SmallGroup_17_1__AAp11_0_3_4_5_14_15_BBp15_0_1_2_3_5_15_k18_d49	SmallGroup_17_1_	612	18	49	50000	dist-m4ri	p11_0_3_4_5_14_15	p15_0_1_2_3_5_15	results/smoke_SG17_1_20260129T115352Z	results/smoke_SG17_1_20260129T115352Z/best_codes/SmallGroup_17_1__AAp11_0_3_4_5_14_15_BBp15_0_1_2_3_5_15_k18_d49	best_codes/collected/SmallGroup_17_1__AAp11_0_3_4_5_14_15_BBp15_0_1_2_3_5_15_k18_d49
SmallGroup_17_1__AAp3_0_3_4_7_9_14_BBp15_0_4_7_11_13_15_k18_d49	SmallGroup_17_1_	612	18	49	50000	dist-m4ri	p3_0_3_4_7_9_14	p15_0_4_7_11_13_15	results/smoke_SG17_1_20260129T115352Z	results/smoke_SG17_1_20260129T115352Z/best_codes/SmallGroup_17_1__AAp3_0_3_4_7_9_14_BBp15_0_4_7_11_13_15_k18_d49	best_codes/collected/SmallGroup_17_1__AAp3_0_3_4_7_9_14_BBp15_0_4_7_11_13_15_k18_d49
SmallGroup_17_1__AAp0_0_4_6_9_11_15_BBp0_0_0_1_10_11_12_k18_d48	SmallGroup_17_1_	612	18	48	50000	dist-m4ri	p0_0_4_6_9_11_15	p0_0_0_1_10_11_12	results/smoke_SG17_1_20260129T115352Z	results/smoke_SG17_1_20260129T115352Z/best_codes/SmallGroup_17_1__AAp0_0_4_6_9_11_15_BBp0_0_0_1_10_11_12_k18_d48	best_codes/collected/SmallGroup_17_1__AAp0_0_4_6_9_11_15_BBp0_0_0_1_10_11_12_k18_d48
SmallGroup_17_1__AAp11_0_1_10_11_12_15_BBp15_0_2_12_14_15_16_k18_d47	SmallGroup_17_1_	612	18	47	50000	dist-m4ri	p11_0_1_10_11_12_15	p15_0_2_12_14_15_16	results/smoke_SG17_1_20260129T115352Z	results/smoke_SG17_1_20260129T115352Z/best_codes/SmallGroup_17_1__AAp11_0_1_10_11_12_15_BBp15_0_2_12_14_15_16_k18_d47	best_codes/collected/SmallGroup_17_1__AAp11_0_1_10_11_12_15_BBp15_0_2_12_14_15_16_k18_d47
SmallGroup_17_1__AAp0_0_1_2_9_10_11_BBp0_0_0_1_10_12_14_k18_d46	SmallGroup_17_1_	612	18	46	50000	dist-m4ri	p0_0_1_2_9_10_11	p0_0_0_1_10_12_14	results/smoke_SG17_1_20260129T115352Z	results/smoke_SG17_1_20260129T115352Z/best_codes/SmallGroup_17_1__AAp0_0_1_2_9_10_11_BBp0_0_0_1_10_12_14_k18_d46	best_codes/collected/SmallGroup_17_1__AAp0_0_1_2_9_10_11_BBp0_0_0_1_10_12_14_k18_d46
SmallGroup_17_1__AAp0_0_3_4_11_12_15_BBp0_0_1_3_9_9_15_k18_d46	SmallGroup_17_1_	612	18	46	50000	dist-m4ri	p0_0_3_4_11_12_15	p0_0_1_3_9_9_15	results/smoke_SG17_1_20260129T115352Z	results/smoke_SG17_1_20260129T115352Z/best_codes/SmallGroup_17_1__AAp0_0_3_4_11_12_15_BBp0_0_1_3_9_9_15_k18_d46	best_codes/collected/SmallGroup_17_1__AAp0_0_3_4_11_12_15_BBp0_0_1_3_9_9_15_k18_d46
SmallGroup_17_1__AAp0_0_8_8_8_8_8_BBp0_0_1_4_7_11_14_k18_d46	SmallGroup_17_1_	612	18	46	50000	dist-m4ri	p0_0_8_8_8_8_8	p0_0_1_4_7_11_14	results/smoke_SG17_1_20260129T115352Z	results/smoke_SG17_1_20260129T115352Z/best_codes/SmallGroup_17_1__AAp0_0_8_8_8_8_8_BBp0_0_1_4_7_11_14_k18_d46	best_codes/collected/SmallGroup_17_1__AAp0_0_8_8_8_8_8_BBp0_0_1_4_7_11_14_k18_d46
SmallGroup_17_1__AAp11_0_2_3_5_7_13_BBp15_0_2_12_14_15_16_k18_d46	SmallGroup_17_1_	612	18	46	50000	dist-m4ri	p11_0_2_3_5_7_13	p15_0_2_12_14_15_16	results/smoke_SG17_1_20260129T115352Z	results/smoke_SG17_1_20260129T115352Z/best_codes/SmallGroup_17_1__AAp11_0_2_3_5_7_13_BBp15_0_2_12_14_15_16_k18_d46	best_codes/collected/SmallGroup_17_1__AAp11_0_2_3_5_7_13_BBp15_0_2_12_14_15_16_k18_d46
SmallGroup_17_1__AAp0_0_3_4_11_12_15_BBp0_0_1_4_6_6_16_k18_d45	SmallGroup_17_1_	612	18	45	50000	dist-m4ri	p0_0_3_4_11_12_15	p0_0_1_4_6_6_16	results/smoke_SG17_1_20260129T115352Z	results/smoke_SG17_1_20260129T115352Z/best_codes/SmallGroup_17_1__AAp0_0_3_4_11_12_15_BBp0_0_1_4_6_6_16_k18_d45	best_codes/collected/SmallGroup_17_1__AAp0_0_3_4_11_12_15_BBp0_0_1_4_6_6_16_k18_d45
SmallGroup_17_1__AAp11_0_1_3_7_13_15_BBp15_0_2_12_14_15_16_k18_d45	SmallGroup_17_1_	612	18	45	50000	dist-m4ri	p11_0_1_3_7_13_15	p15_0_2_12_14_15_16	results/smoke_SG17_1_20260129T115352Z	results/smoke_SG17_1_20260129T115352Z/best_codes/SmallGroup_17_1__AAp11_0_1_3_7_13_15_BBp15_0_2_12_14_15_16_k18_d45	best_codes/collected/SmallGroup_17_1__AAp11_0_1_3_7_13_15_BBp15_0_2_12_14_15_16_k18_d45
SmallGroup_17_1__AAp19_0_2_2_4_5_16_BBp15_0_2_10_12_14_15_k18_d45	SmallGroup_17_1_	612	18	45	50000	dist-m4ri	p19_0_2_2_4_5_16	p15_0_2_10_12_14_15	results/smoke_SG17_1_20260129T115352Z	results/smoke_SG17_1_20260129T115352Z/best_codes/SmallGroup_17_1__AAp19_0_2_2_4_5_16_BBp15_0_2_10_12_14_15_k18_d45	best_codes/collected/SmallGroup_17_1__AAp19_0_2_2_4_5_16_BBp15_0_2_10_12_14_15_k18_d45
SmallGroup_17_1__AAp0_0_0_1_1_1_5_BBp0_0_0_1_10_11_12_k18_d44	SmallGroup_17_1_	612	18	44	50000	dist-m4ri	p0_0_0_1_1_1_5	p0_0_0_1_10_11_12	results/smoke_SG17_1_20260129T115352Z	results/smoke_SG17_1_20260129T115352Z/best_codes/SmallGroup_17_1__AAp0_0_0_1_1_1_5_BBp0_0_0_1_10_11_12_k18_d44	best_codes/collected/SmallGroup_17_1__AAp0_0_0_1_1_1_5_BBp0_0_0_1_10_11_12_k18_d44
SmallGroup_17_1__AAp0_0_1_1_1_1_1_BBp0_0_3_10_14_14_16_k18_d44	SmallGroup_17_1_	612	18	44	50000	dist-m4ri	p0_0_1_1_1_1_1	p0_0_3_10_14_14_16	results/smoke_SG17_1_20260129T115352Z	results/smoke_SG17_1_20260129T115352Z/best_codes/SmallGroup_17_1__AAp0_0_1_1_1_1_1_BBp0_0_3_10_14_14_16_k18_d44	best_codes/collected/SmallGroup_17_1__AAp0_0_1_1_1_1_1_BBp0_0_3_10_14_14_16_k18_d44
SmallGroup_17_1__AAp0_0_1_4_6_9_10_BBp0_0_1_5_6_13_15_k18_d44	SmallGroup_17_1_	612	18	44	50000	dist-m4ri	p0_0_1_4_6_9_10	p0_0_1_5_6_13_15	results/smoke_SG17_1_20260129T115352Z	results/smoke_SG17_1_20260129T115352Z/best_codes/SmallGroup_17_1__AAp0_0_1_4_6_9_10_BBp0_0_1_5_6_13_15_k18_d44	best_codes/collected/SmallGroup_17_1__AAp0_0_1_4_6_9_10_BBp0_0_1_5_6_13_15_k18_d44
SmallGroup_17_1__AAp0_0_2_4_7_9_11_BBp0_0_7_12_14_14_15_k18_d44	SmallGroup_17_1_	612	18	44	50000	dist-m4ri	p0_0_2_4_7_9_11	p0_0_7_12_14_14_15	results/smoke_SG17_1_20260129T115352Z	results/smoke_SG17_1_20260129T115352Z/best_codes/SmallGroup_17_1__AAp0_0_2_4_7_9_11_BBp0_0_7_12_14_14_15_k18_d44	best_codes/collected/SmallGroup_17_1__AAp0_0_2_4_7_9_11_BBp0_0_7_12_14_14_15_k18_d44
SmallGroup_17_1__AAp0_0_0_1_1_1_10_BBp0_0_3_3_3_3_3_k18_d43	SmallGroup_17_1_	612	18	43	50000	dist-m4ri	p0_0_0_1_1_1_10	p0_0_3_3_3_3_3	results/smoke_SG17_1_20260129T115352Z	results/smoke_SG17_1_20260129T115352Z/best_codes/SmallGroup_17_1__AAp0_0_0_1_1_1_10_BBp0_0_3_3_3_3_3_k18_d43	best_codes/collected/SmallGroup_17_1__AAp0_0_0_1_1_1_10_BBp0_0_3_3_3_3_3_k18_d43
SmallGroup_17_1__AAp0_0_2_3_12_13_15_BBp0_0_1_4_8_10_14_k18_d43	SmallGroup_17_1_	612	18	43	50000	dist-m4ri	p0_0_2_3_12_13_15	p0_0_1_4_8_10_14	results/smoke_SG17_1_20260129T115352Z	results/smoke_SG17_1_20260129T115352Z/best_codes/SmallGroup_17_1__AAp0_0_2_3_12_13_15_BBp0_0_1_4_8_10_14_k18_d43	best_codes/collected/SmallGroup_17_1__AAp0_0_2_3_12_13_15_BBp0_0_1_4_8_10_14_k18_d43
SmallGroup_17_1__AAp0_0_2_4_6_8_10_BBp0_0_0_1_10_11_13_k18_d43	SmallGroup_17_1_	612	18	43	50000	dist-m4ri	p0_0_2_4_6_8_10	p0_0_0_1_10_11_13	results/smoke_SG17_1_20260129T115352Z	results/smoke_SG17_1_20260129T115352Z/best_codes/SmallGroup_17_1__AAp0_0_2_4_6_8_10_BBp0_0_0_1_10_11_13_k18_d43	best_codes/collected/SmallGroup_17_1__AAp0_0_2_4_6_8_10_BBp0_0_0_1_10_11_13_k18_d43
SmallGroup_17_1__AAp0_0_4_6_9_11_15_BBp0_0_6_7_8_15_16_k18_d43	SmallGroup_17_1_	612	18	43	50000	dist-m4ri	p0_0_4_6_9_11_15	p0_0_6_7_8_15_16	results/smoke_SG17_1_20260129T115352Z	results/smoke_SG17_1_20260129T115352Z/best_codes/SmallGroup_17_1__AAp0_0_4_6_9_11_15_BBp0_0_6_7_8_15_16_k18_d43	best_codes/collected/SmallGroup_17_1__AAp0_0_4_6_9_11_15_BBp0_0_6_7_8_15_16_k18_d43
SmallGroup_17_1__AAp0_0_0_1_1_1_4_BBp0_0_1_11_13_13_14_k18_d42	SmallGroup_17_1_	612	18	42	50000	dist-m4ri	p0_0_0_1_1_1_4	p0_0_1_11_13_13_14	results/smoke_SG17_1_20260129T115352Z	results/smoke_SG17_1_20260129T115352Z/best_codes/SmallGroup_17_1__AAp0_0_0_1_1_1_4_BBp0_0_1_11_13_13_14_k18_d42	best_codes/collected/SmallGroup_17_1__AAp0_0_0_1_1_1_4_BBp0_0_1_11_13_13_14_k18_d42
SmallGroup_17_1__AAp0_0_0_1_1_1_5_BBp0_0_2_6_8_11_13_k18_d42	SmallGroup_17_1_	612	18	42	50000	dist-m4ri	p0_0_0_1_1_1_5	p0_0_2_6_8_11_13	results/smoke_SG17_1_20260129T115352Z	results/smoke_SG17_1_20260129T115352Z/best_codes/SmallGroup_17_1__AAp0_0_0_1_1_1_5_BBp0_0_2_6_8_11_13_k18_d42	best_codes/collected/SmallGroup_17_1__AAp0_0_0_1_1_1_5_BBp0_0_2_6_8_11_13_k18_d42
SmallGroup_17_1__AAp0_0_1_4_4_5_12_BBp0_0_1_4_7_11_14_k18_d42	SmallGroup_17_1_	612	18	42	50000	dist-m4ri	p0_0_1_4_4_5_12	p0_0_1_4_7_11_14	results/smoke_SG17_1_20260129T115352Z	results/smoke_SG17_1_20260129T115352Z/best_codes/SmallGroup_17_1__AAp0_0_1_4_4_5_12_BBp0_0_1_4_7_11_14_k18_d42	best_codes/collected/SmallGroup_17_1__AAp0_0_1_4_4_5_12_BBp0_0_1_4_7_11_14_k18_d42
SmallGroup_17_1__AAp0_0_1_4_6_9_10_BBp0_0_1_5_6_6_14_k18_d42	SmallGroup_17_1_	612	18	42	50000	dist-m4ri	p0_0_1_4_6_9_10	p0_0_1_5_6_6_14	results/smoke_SG17_1_20260129T115352Z	results/smoke_SG17_1_20260129T115352Z/best_codes/SmallGroup_17_1__AAp0_0_1_4_6_9_10_BBp0_0_1_5_6_6_14_k18_d42	best_codes/collected/SmallGroup_17_1__AAp0_0_1_4_6_9_10_BBp0_0_1_5_6_6_14_k18_d42
SmallGroup_17_1__AAp0_0_2_4_6_8_10_BBp0_0_2_6_8_11_13_k18_d42	SmallGroup_17_1_	612	18	42	50000	dist-m4ri	p0_0_2_4_6_8_10	p0_0_2_6_8_11_13	results/smoke_SG17_1_20260129T115352Z	results/smoke_SG17_1_20260129T115352Z/best_codes/SmallGroup_17_1__AAp0_0_2_4_6_8_10_BBp0_0_2_6_8_11_13_k18_d42	best_codes/collected/SmallGroup_17_1__AAp0_0_2_4_6_8_10_BBp0_0_2_6_8_11_13_k18_d42
SmallGroup_17_1__AAp0_0_3_7_9_13_16_BBp0_0_0_1_10_11_15_k18_d42	SmallGroup_17_1_	612	18	42	50000	dist-m4ri	p0_0_3_7_9_13_16	p0_0_0_1_10_11_15	results/smoke_SG17_1_20260129T115352Z	results/smoke_SG17_1_20260129T115352Z/best_codes/SmallGroup_17_1__AAp0_0_3_7_9_13_16_BBp0_0_0_1_10_11_15_k18_d42	best_codes/collected/SmallGroup_17_1__AAp0_0_3_7_9_13_16_BBp0_0_0_1_10_11_15_k18_d42
SmallGroup_17_1__AAp27_0_4_13_13_15_15_BBp15_0_1_5_6_7_16_k18_d42	SmallGroup_17_1_	612	18	42	50000	dist-m4ri	p27_0_4_13_13_15_15	p15_0_1_5_6_7_16	results/smoke_SG17_1_20260129T115352Z	results/smoke_SG17_1_20260129T115352Z/best_codes/SmallGroup_17_1__AAp27_0_4_13_13_15_15_BBp15_0_1_5_6_7_16_k18_d42	best_codes/collected/SmallGroup_17_1__AAp27_0_4_13_13_15_15_BBp15_0_1_5_6_7_16_k18_d42
SmallGroup_17_1__AAp0_0_0_1_1_1_9_BBp0_0_4_4_4_4_4_k18_d41	SmallGroup_17_1_	612	18	41	50000	dist-m4ri	p0_0_0_1_1_1_9	p0_0_4_4_4_4_4	results/smoke_SG17_1_20260129T115352Z	results/smoke_SG17_1_20260129T115352Z/best_codes/SmallGroup_17_1__AAp0_0_0_1_1_1_9_BBp0_0_4_4_4_4_4_k18_d41	best_codes/collected/SmallGroup_17_1__AAp0_0_0_1_1_1_9_BBp0_0_4_4_4_4_4_k18_d41
SmallGroup_17_1__AAp0_0_11_11_11_11_11_BBp0_0_7_8_9_15_16_k18_d41	SmallGroup_17_1_	612	18	41	50000	dist-m4ri	p0_0_11_11_11_11_11	p0_0_7_8_9_15_16	results/smoke_SG17_1_20260129T115352Z	results/smoke_SG17_1_20260129T115352Z/best_codes/SmallGroup_17_1__AAp0_0_11_11_11_11_11_BBp0_0_7_8_9_15_16_k18_d41	best_codes/collected/SmallGroup_17_1__AAp0_0_11_11_11_11_11_BBp0_0_7_8_9_15_16_k18_d41
SmallGroup_17_1__AAp0_0_2_4_6_8_10_BBp0_0_1_10_11_11_14_k18_d41	SmallGroup_17_1_	612	18	41	50000	dist-m4ri	p0_0_2_4_6_8_10	p0_0_1_10_11_11_14	results/smoke_SG17_1_20260129T115352Z	results/smoke_SG17_1_20260129T115352Z/best_codes/SmallGroup_17_1__AAp0_0_2_4_6_8_10_BBp0_0_1_10_11_11_14_k18_d41	best_codes/collected/SmallGroup_17_1__AAp0_0_2_4_6_8_10_BBp0_0_1_10_11_11_14_k18_d41
SmallGroup_17_1__AAp11_0_1_4_6_7_16_BBp15_0_2_12_14_15_16_k18_d41	SmallGroup_17_1_	612	18	41	50000	dist-m4ri	p11_0_1_4_6_7_16	p15_0_2_12_14_15_16	results/smoke_SG17_1_20260129T115352Z	results/smoke_SG17_1_20260129T115352Z/best_codes/SmallGroup_17_1__AAp11_0_1_4_6_7_16_BBp15_0_2_12_14_15_16_k18_d41	best_codes/collected/SmallGroup_17_1__AAp11_0_1_4_6_7_16_BBp15_0_2_12_14_15_16_k18_d41
SmallGroup_17_1__AAp0_0_0_1_1_1_16_BBp0_0_6_6_6_6_6_k18_d40	SmallGroup_17_1_	612	18	40	50000	dist-m4ri	p0_0_0_1_1_1_16	p0_0_6_6_6_6_6	results/smoke_SG17_1_20260129T115352Z	results/smoke_SG17_1_20260129T115352Z/best_codes/SmallGroup_17_1__AAp0_0_0_1_1_1_16_BBp0_0_6_6_6_6_6_k18_d40	best_codes/collected/SmallGroup_17_1__AAp0_0_0_1_1_1_16_BBp0_0_6_6_6_6_6_k18_d40
SmallGroup_17_1__AAp0_0_1_11_11_13_16_BBp0_0_1_10_11_11_14_k18_d40	SmallGroup_17_1_	612	18	40	50000	dist-m4ri	p0_0_1_11_11_13_16	p0_0_1_10_11_11_14	results/smoke_SG17_1_20260129T115352Z	results/smoke_SG17_1_20260129T115352Z/best_codes/SmallGroup_17_1__AAp0_0_1_11_11_13_16_BBp0_0_1_10_11_11_14_k18_d40	best_codes/collected/SmallGroup_17_1__AAp0_0_1_11_11_13_16_BBp0_0_1_10_11_11_14_k18_d40
SmallGroup_17_1__AAp0_0_6_6_6_6_6_BBp0_0_12_13_14_15_16_k18_d40	SmallGroup_17_1_	612	18	40	50000	dist-m4ri	p0_0_6_6_6_6_6	p0_0_12_13_14_15_16	results/smoke_SG17_1_20260129T115352Z	results/smoke_SG17_1_20260129T115352Z/best_codes/SmallGroup_17_1__AAp0_0_6_6_6_6_6_BBp0_0_12_13_14_15_16_k18_d40	best_codes/collected/SmallGroup_17_1__AAp0_0_6_6_6_6_6_BBp0_0_12_13_14_15_16_k18_d40
SmallGroup_17_1__AAp27_0_0_7_7_10_13_BBp15_0_2_3_5_7_15_k18_d40	SmallGroup_17_1_	612	18	40	50000	dist-m4ri	p27_0_0_7_7_10_13	p15_0_2_3_5_7_15	results/smoke_SG17_1_20260129T115352Z	results/smoke_SG17_1_20260129T115352Z/best_codes/SmallGroup_17_1__AAp27_0_0_7_7_10_13_BBp15_0_2_3_5_7_15_k18_d40	best_codes/collected/SmallGroup_17_1__AAp27_0_0_7_7_10_13_BBp15_0_2_3_5_7_15_k18_d40
SmallGroup_17_1__AAp0_0_0_1_1_10_13_BBp0_0_1_4_7_11_14_k18_d39	SmallGroup_17_1_	612	18	39	50000	dist-m4ri	p0_0_0_1_1_10_13	p0_0_1_4_7_11_14	results/smoke_SG17_1_20260129T115352Z	results/smoke_SG17_1_20260129T115352Z/best_codes/SmallGroup_17_1__AAp0_0_0_1_1_10_13_BBp0_0_1_4_7_11_14_k18_d39	best_codes/collected/SmallGroup_17_1__AAp0_0_0_1_1_10_13_BBp0_0_1_4_7_11_14_k18_d39
SmallGroup_17_1__AAp0_0_0_1_1_1_12_BBp0_0_0_1_10_12_12_k18_d39	SmallGroup_17_1_	612	18	39	50000	dist-m4ri	p0_0_0_1_1_1_12	p0_0_0_1_10_12_12	results/smoke_SG17_1_20260129T115352Z	results/smoke_SG17_1_20260129T115352Z/best_codes/SmallGroup_17_1__AAp0_0_0_1_1_1_12_BBp0_0_0_1_10_12_12_k18_d39	best_codes/collected/SmallGroup_17_1__AAp0_0_0_1_1_1_12_BBp0_0_0_1_10_12_12_k18_d39
SmallGroup_17_1__AAp0_0_16_16_16_16_16_BBp0_0_1_4_8_10_14_k18_d39	SmallGroup_17_1_	612	18	39	50000	dist-m4ri	p0_0_16_16_16_16_16	p0_0_1_4_8_10_14	results/smoke_SG17_1_20260129T115352Z	results/smoke_SG17_1_20260129T115352Z/best_codes/SmallGroup_17_1__AAp0_0_16_16_16_16_16_BBp0_0_1_4_8_10_14_k18_d39	best_codes/collected/SmallGroup_17_1__AAp0_0_16_16_16_16_16_BBp0_0_1_4_8_10_14_k18_d39
SmallGroup_17_1__AAp0_0_3_4_6_14_15_BBp0_0_0_1_10_11_13_k18_d39	SmallGroup_17_1_	612	18	39	50000	dist-m4ri	p0_0_3_4_6_14_15	p0_0_0_1_10_11_13	results/smoke_SG17_1_20260129T115352Z	results/smoke_SG17_1_20260129T115352Z/best_codes/SmallGroup_17_1__AAp0_0_3_4_6_14_15_BBp0_0_0_1_10_11_13_k18_d39	best_codes/collected/SmallGroup_17_1__AAp0_0_3_4_6_14_15_BBp0_0_0_1_10_11_13_k18_d39
SmallGroup_17_1__AAp0_0_4_5_5_13_16_BBp0_0_7_9_11_13_15_k18_d39	SmallGroup_17_1_	612	18	39	50000	dist-m4ri	p0_0_4_5_5_13_16	p0_0_7_9_11_13_15	results/smoke_SG17_1_20260129T115352Z	results/smoke_SG17_1_20260129T115352Z/best_codes/SmallGroup_17_1__AAp0_0_4_5_5_13_16_BBp0_0_7_9_11_13_15_k18_d39	best_codes/collected/SmallGroup_17_1__AAp0_0_4_5_5_13_16_BBp0_0_7_9_11_13_15_k18_d39
SmallGroup_17_1__AAp0_0_5_7_7_8_10_BBp0_0_1_6_7_11_12_k18_d39	SmallGroup_17_1_	612	18	39	50000	dist-m4ri	p0_0_5_7_7_8_10	p0_0_1_6_7_11_12	results/smoke_SG17_1_20260129T115352Z	results/smoke_SG17_1_20260129T115352Z/best_codes/SmallGroup_17_1__AAp0_0_5_7_7_8_10_BBp0_0_1_6_7_11_12_k18_d39	best_codes/collected/SmallGroup_17_1__AAp0_0_5_7_7_8_10_BBp0_0_1_6_7_11_12_k18_d39
SmallGroup_17_1__AAp0_0_6_6_6_6_6_BBp0_0_1_4_6_6_16_k18_d39	SmallGroup_17_1_	612	18	39	50000	dist-m4ri	p0_0_6_6_6_6_6	p0_0_1_4_6_6_16	results/smoke_SG17_1_20260129T115352Z	results/smoke_SG17_1_20260129T115352Z/best_codes/SmallGroup_17_1__AAp0_0_6_6_6_6_6_BBp0_0_1_4_6_6_16_k18_d39	best_codes/collected/SmallGroup_17_1__AAp0_0_6_6_6_6_6_BBp0_0_1_4_6_6_16_k18_d39
SmallGroup_17_1__AAp11_0_1_4_6_7_16_BBp15_0_1_2_3_5_15_k18_d39	SmallGroup_17_1_	612	18	39	62000	dist-m4ri	p11_0_1_4_6_7_16	p15_0_1_2_3_5_15	results/smoke_SG17_1_20260129T115352Z	results/smoke_SG17_1_20260129T115352Z/best_codes/SmallGroup_17_1__AAp11_0_1_4_6_7_16_BBp15_0_1_2_3_5_15_k18_d39	best_codes/collected/SmallGroup_17_1__AAp11_0_1_4_6_7_16_BBp15_0_1_2_3_5_15_k18_d39
SmallGroup_17_1__AAp3_0_3_4_7_9_14_BBp15_0_2_4_6_10_13_k18_d39	SmallGroup_17_1_	612	18	39	62000	dist-m4ri	p3_0_3_4_7_9_14	p15_0_2_4_6_10_13	results/smoke_SG17_1_20260129T115352Z	results/smoke_SG17_1_20260129T115352Z/best_codes/SmallGroup_17_1__AAp3_0_3_4_7_9_14_BBp15_0_2_4_6_10_13_k18_d39	best_codes/collected/SmallGroup_17_1__AAp3_0_3_4_7_9_14_BBp15_0_2_4_6_10_13_k18_d39
SmallGroup_17_1__AAp0_0_0_1_1_1_4_BBp0_0_0_1_10_11_11_k18_d38	SmallGroup_17_1_	612	18	38	50000	dist-m4ri	p0_0_0_1_1_1_4	p0_0_0_1_10_11_11	results/smoke_SG17_1_20260129T115352Z	results/smoke_SG17_1_20260129T115352Z/best_codes/SmallGroup_17_1__AAp0_0_0_1_1_1_4_BBp0_0_0_1_10_11_11_k18_d38	best_codes/collected/SmallGroup_17_1__AAp0_0_0_1_1_1_4_BBp0_0_0_1_10_11_11_k18_d38
SmallGroup_17_1__AAp0_0_0_1_1_1_5_BBp0_0_2_2_2_2_2_k18_d38	SmallGroup_17_1_	612	18	38	50000	dist-m4ri	p0_0_0_1_1_1_5	p0_0_2_2_2_2_2	results/smoke_SG17_1_20260129T115352Z	results/smoke_SG17_1_20260129T115352Z/best_codes/SmallGroup_17_1__AAp0_0_0_1_1_1_5_BBp0_0_2_2_2_2_2_k18_d38	best_codes/collected/SmallGroup_17_1__AAp0_0_0_1_1_1_5_BBp0_0_2_2_2_2_2_k18_d38
SmallGroup_17_1__AAp0_0_0_1_1_1_7_BBp0_0_0_1_10_10_16_k18_d38	SmallGroup_17_1_	612	18	38	50000	dist-m4ri	p0_0_0_1_1_1_7	p0_0_0_1_10_10_16	results/smoke_SG17_1_20260129T115352Z	results/smoke_SG17_1_20260129T115352Z/best_codes/SmallGroup_17_1__AAp0_0_0_1_1_1_7_BBp0_0_0_1_10_10_16_k18_d38	best_codes/collected/SmallGroup_17_1__AAp0_0_0_1_1_1_7_BBp0_0_0_1_10_10_16_k18_d38
SmallGroup_17_1__AAp0_0_2_3_3_4_6_BBp0_0_1_5_6_6_14_k18_d38	SmallGroup_17_1_	612	18	38	50000	dist-m4ri	p0_0_2_3_3_4_6	p0_0_1_5_6_6_14	results/smoke_SG17_1_20260129T115352Z	results/smoke_SG17_1_20260129T115352Z/best_codes/SmallGroup_17_1__AAp0_0_2_3_3_4_6_BBp0_0_1_5_6_6_14_k18_d38	best_codes/collected/SmallGroup_17_1__AAp0_0_2_3_3_4_6_BBp0_0_1_5_6_6_14_k18_d38
SmallGroup_17_1__AAp0_0_2_3_4_5_7_BBp0_0_1_5_6_6_14_k18_d38	SmallGroup_17_1_	612	18	38	50000	dist-m4ri	p0_0_2_3_4_5_7	p0_0_1_5_6_6_14	results/smoke_SG17_1_20260129T115352Z	results/smoke_SG17_1_20260129T115352Z/best_codes/SmallGroup_17_1__AAp0_0_2_3_4_5_7_BBp0_0_1_5_6_6_14_k18_d38	best_codes/collected/SmallGroup_17_1__AAp0_0_2_3_4_5_7_BBp0_0_1_5_6_6_14_k18_d38
SmallGroup_17_1__AAp0_0_3_11_11_12_16_BBp0_0_0_1_10_11_13_k18_d38	SmallGroup_17_1_	612	18	38	50000	dist-m4ri	p0_0_3_11_11_12_16	p0_0_0_1_10_11_13	results/smoke_SG17_1_20260129T115352Z	results/smoke_SG17_1_20260129T115352Z/best_codes/SmallGroup_17_1__AAp0_0_3_11_11_12_16_BBp0_0_0_1_10_11_13_k18_d38	best_codes/collected/SmallGroup_17_1__AAp0_0_3_11_11_12_16_BBp0_0_0_1_10_11_13_k18_d38
SmallGroup_17_1__AAp0_0_3_4_11_12_15_BBp0_0_11_13_14_14_15_k18_d38	SmallGroup_17_1_	612	18	38	50000	dist-m4ri	p0_0_3_4_11_12_15	p0_0_11_13_14_14_15	results/smoke_SG17_1_20260129T115352Z	results/smoke_SG17_1_20260129T115352Z/best_codes/SmallGroup_17_1__AAp0_0_3_4_11_12_15_BBp0_0_11_13_14_14_15_k18_d38	best_codes/collected/SmallGroup_17_1__AAp0_0_3_4_11_12_15_BBp0_0_11_13_14_14_15_k18_d38
SmallGroup_17_1__AAp0_0_8_8_8_8_8_BBp0_0_1_5_6_13_15_k18_d38	SmallGroup_17_1_	612	18	38	50000	dist-m4ri	p0_0_8_8_8_8_8	p0_0_1_5_6_13_15	results/smoke_SG17_1_20260129T115352Z	results/smoke_SG17_1_20260129T115352Z/best_codes/SmallGroup_17_1__AAp0_0_8_8_8_8_8_BBp0_0_1_5_6_13_15_k18_d38	best_codes/collected/SmallGroup_17_1__AAp0_0_8_8_8_8_8_BBp0_0_1_5_6_13_15_k18_d38
SmallGroup_17_1__AAp0_0_13_13_13_13_13_BBp0_0_0_1_10_11_14_k18_d37	SmallGroup_17_1_	612	18	37	50000	dist-m4ri	p0_0_13_13_13_13_13	p0_0_0_1_10_11_14	results/smoke_SG17_1_20260129T115352Z	results/smoke_SG17_1_20260129T115352Z/best_codes/SmallGroup_17_1__AAp0_0_13_13_13_13_13_BBp0_0_0_1_10_11_14_k18_d37	best_codes/collected/SmallGroup_17_1__AAp0_0_13_13_13_13_13_BBp0_0_0_1_10_11_14_k18_d37
SmallGroup_17_1__AAp0_0_15_15_15_15_15_BBp0_0_1_10_11_11_14_k18_d37	SmallGroup_17_1_	612	18	37	50000	dist-m4ri	p0_0_15_15_15_15_15	p0_0_1_10_11_11_14	results/smoke_SG17_1_20260129T115352Z	results/smoke_SG17_1_20260129T115352Z/best_codes/SmallGroup_17_1__AAp0_0_15_15_15_15_15_BBp0_0_1_10_11_11_14_k18_d37	best_codes/collected/SmallGroup_17_1__AAp0_0_15_15_15_15_15_BBp0_0_1_10_11_11_14_k18_d37
SmallGroup_17_1__AAp0_0_1_3_11_13_14_BBp0_0_1_5_6_6_14_k18_d37	SmallGroup_17_1_	612	18	37	50000	dist-m4ri	p0_0_1_3_11_13_14	p0_0_1_5_6_6_14	results/smoke_SG17_1_20260129T115352Z	results/smoke_SG17_1_20260129T115352Z/best_codes/SmallGroup_17_1__AAp0_0_1_3_11_13_14_BBp0_0_1_5_6_6_14_k18_d37	best_codes/collected/SmallGroup_17_1__AAp0_0_1_3_11_13_14_BBp0_0_1_5_6_6_14_k18_d37
SmallGroup_17_1__AAp0_0_2_4_10_12_14_BBp0_0_0_1_10_11_15_k18_d37	SmallGroup_17_1_	612	18	37	50000	dist-m4ri	p0_0_2_4_10_12_14	p0_0_0_1_10_11_15	results/smoke_SG17_1_20260129T115352Z	results/smoke_SG17_1_20260129T115352Z/best_codes/SmallGroup_17_1__AAp0_0_2_4_10_12_14_BBp0_0_0_1_10_11_15_k18_d37	best_codes/collected/SmallGroup_17_1__AAp0_0_2_4_10_12_14_BBp0_0_0_1_10_11_15_k18_d37
SmallGroup_17_1__AAp0_0_2_4_7_9_11_BBp0_0_1_6_7_11_12_k18_d37	SmallGroup_17_1_	612	18	37	50000	dist-m4ri	p0_0_2_4_7_9_11	p0_0_1_6_7_11_12	results/smoke_SG17_1_20260129T115352Z	results/smoke_SG17_1_20260129T115352Z/best_codes/SmallGroup_17_1__AAp0_0_2_4_7_9_11_BBp0_0_1_6_7_11_12_k18_d37	best_codes/collected/SmallGroup_17_1__AAp0_0_2_4_7_9_11_BBp0_0_1_6_7_11_12_k18_d37
SmallGroup_17_1__AAp0_0_2_4_7_9_11_BBp0_0_3_10_14_14_16_k18_d37	SmallGroup_17_1_	612	18	37	50000	dist-m4ri	p0_0_2_4_7_9_11	p0_0_3_10_14_14_16	results/smoke_SG17_1_20260129T115352Z	results/smoke_SG17_1_20260129T115352Z/best_codes/SmallGroup_17_1__AAp0_0_2_4_7_9_11_BBp0_0_3_10_14_14_16_k18_d37	best_codes/collected/SmallGroup_17_1__AAp0_0_2_4_7_9_11_BBp0_0_3_10_14_14_16_k18_d37
SmallGroup_17_1__AAp11_0_1_3_7_13_15_BBp15_0_2_4_6_10_13_k18_d37	SmallGroup_17_1_	612	18	37	50000	dist-m4ri	p11_0_1_3_7_13_15	p15_0_2_4_6_10_13	results/smoke_SG17_1_20260129T115352Z	results/smoke_SG17_1_20260129T115352Z/best_codes/SmallGroup_17_1__AAp11_0_1_3_7_13_15_BBp15_0_2_4_6_10_13_k18_d37	best_codes/collected/SmallGroup_17_1__AAp11_0_1_3_7_13_15_BBp15_0_2_4_6_10_13_k18_d37
SmallGroup_17_1__AAp0_0_0_1_1_1_5_BBp0_0_3_4_6_6_10_k18_d36	SmallGroup_17_1_	612	18	36	50000	dist-m4ri	p0_0_0_1_1_1_5	p0_0_3_4_6_6_10	results/smoke_SG17_1_20260129T115352Z	results/smoke_SG17_1_20260129T115352Z/best_codes/SmallGroup_17_1__AAp0_0_0_1_1_1_5_BBp0_0_3_4_6_6_10_k18_d36	best_codes/collected/SmallGroup_17_1__AAp0_0_0_1_1_1_5_BBp0_0_3_4_6_6_10_k18_d36
SmallGroup_17_1__AAp0_0_15_15_15_15_15_BBp0_0_0_1_10_11_14_k18_d36	SmallGroup_17_1_	612	18	36	50000	dist-m4ri	p0_0_15_15_15_15_15	p0_0_0_1_10_11_14	results/smoke_SG17_1_20260129T115352Z	results/smoke_SG17_1_20260129T115352Z/best_codes/SmallGroup_17_1__AAp0_0_15_15_15_15_15_BBp0_0_0_1_10_11_14_k18_d36	best_codes/collected/SmallGroup_17_1__AAp0_0_15_15_15_15_15_BBp0_0_0_1_10_11_14_k18_d36
SmallGroup_17_1__AAp0_0_1_11_11_13_16_BBp0_0_7_12_14_14_15_k18_d36	SmallGroup_17_1_	612	18	36	50000	dist-m4ri	p0_0_1_11_11_13_16	p0_0_7_12_14_14_15	results/smoke_SG17_1_20260129T115352Z	results/smoke_SG17_1_20260129T115352Z/best_codes/SmallGroup_17_1__AAp0_0_1_11_11_13_16_BBp0_0_7_12_14_14_15_k18_d36	best_codes/collected/SmallGroup_17_1__AAp0_0_1_11_11_13_16_BBp0_0_7_12_14_14_15_k18_d36
SmallGroup_17_1__AAp0_0_1_3_11_13_14_BBp0_0_1_4_8_10_14_k18_d36	SmallGroup_17_1_	612	18	36	50000	dist-m4ri	p0_0_1_3_11_13_14	p0_0_1_4_8_10_14	results/smoke_SG17_1_20260129T115352Z	results/smoke_SG17_1_20260129T115352Z/best_codes/SmallGroup_17_1__AAp0_0_1_3_11_13_14_BBp0_0_1_4_8_10_14_k18_d36	best_codes/collected/SmallGroup_17_1__AAp0_0_1_3_11_13_14_BBp0_0_1_4_8_10_14_k18_d36
SmallGroup_17_1__AAp0_0_1_4_5_6_14_BBp0_0_1_3_8_10_15_k18_d36	SmallGroup_17_1_	612	18	36	50000	dist-m4ri	p0_0_1_4_5_6_14	p0_0_1_3_8_10_15	results/smoke_SG17_1_20260129T115352Z	results/smoke_SG17_1_20260129T115352Z/best_codes/SmallGroup_17_1__AAp0_0_1_4_5_6_14_BBp0_0_1_3_8_10_15_k18_d36	best_codes/collected/SmallGroup_17_1__AAp0_0_1_4_5_6_14_BBp0_0_1_3_8_10_15_k18_d36
SmallGroup_17_1__AAp0_0_2_3_12_13_15_BBp0_0_1_5_6_13_15_k18_d36	SmallGroup_17_1_	612	18	36	50000	dist-m4ri	p0_0_2_3_12_13_15	p0_0_1_5_6_13_15	results/smoke_SG17_1_20260129T115352Z	results/smoke_SG17_1_20260129T115352Z/best_codes/SmallGroup_17_1__AAp0_0_2_3_12_13_15_BBp0_0_1_5_6_13_15_k18_d36	best_codes/collected/SmallGroup_17_1__AAp0_0_2_3_12_13_15_BBp0_0_1_5_6_13_15_k18_d36
SmallGroup_17_1__AAp0_0_2_3_4_5_7_BBp0_0_1_4_12_12_13_k18_d36	SmallGroup_17_1_	612	18	36	50000	dist-m4ri	p0_0_2_3_4_5_7	p0_0_1_4_12_12_13	results/smoke_SG17_1_20260129T115352Z	results/smoke_SG17_1_20260129T115352Z/best_codes/SmallGroup_17_1__AAp0_0_2_3_4_5_7_BBp0_0_1_4_12_12_13_k18_d36	best_codes/collected/SmallGroup_17_1__AAp0_0_2_3_4_5_7_BBp0_0_1_4_12_12_13_k18_d36
SmallGroup_17_1__AAp0_0_2_4_6_8_10_BBp0_0_1_6_7_11_12_k18_d36	SmallGroup_17_1_	612	18	36	50000	dist-m4ri	p0_0_2_4_6_8_10	p0_0_1_6_7_11_12	results/smoke_SG17_1_20260129T115352Z	results/smoke_SG17_1_20260129T115352Z/best_codes/SmallGroup_17_1__AAp0_0_2_4_6_8_10_BBp0_0_1_6_7_11_12_k18_d36	best_codes/collected/SmallGroup_17_1__AAp0_0_2_4_6_8_10_BBp0_0_1_6_7_11_12_k18_d36
SmallGroup_17_1__AAp0_0_3_7_9_13_16_BBp0_0_7_9_11_13_15_k18_d36	SmallGroup_17_1_	612	18	36	50000	dist-m4ri	p0_0_3_7_9_13_16	p0_0_7_9_11_13_15	results/smoke_SG17_1_20260129T115352Z	results/smoke_SG17_1_20260129T115352Z/best_codes/SmallGroup_17_1__AAp0_0_3_7_9_13_16_BBp0_0_7_9_11_13_15_k18_d36	best_codes/collected/SmallGroup_17_1__AAp0_0_3_7_9_13_16_BBp0_0_7_9_11_13_15_k18_d36
SmallGroup_17_1__AAp0_0_4_6_9_11_15_BBp0_0_1_7_8_10_11_k18_d36	SmallGroup_17_1_	612	18	36	50000	dist-m4ri	p0_0_4_6_9_11_15	p0_0_1_7_8_10_11	results/smoke_SG17_1_20260129T115352Z	results/smoke_SG17_1_20260129T115352Z/best_codes/SmallGroup_17_1__AAp0_0_4_6_9_11_15_BBp0_0_1_7_8_10_11_k18_d36	best_codes/collected/SmallGroup_17_1__AAp0_0_4_6_9_11_15_BBp0_0_1_7_8_10_11_k18_d36
SmallGroup_17_1__AAp0_0_5_6_10_11_16_BBp0_0_1_6_7_11_12_k18_d36	SmallGroup_17_1_	612	18	36	50000	dist-m4ri	p0_0_5_6_10_11_16	p0_0_1_6_7_11_12	results/smoke_SG17_1_20260129T115352Z	results/smoke_SG17_1_20260129T115352Z/best_codes/SmallGroup_17_1__AAp0_0_5_6_10_11_16_BBp0_0_1_6_7_11_12_k18_d36	best_codes/collected/SmallGroup_17_1__AAp0_0_5_6_10_11_16_BBp0_0_1_6_7_11_12_k18_d36
SmallGroup_17_1__AAp0_0_0_1_1_1_12_BBp0_0_1_4_6_6_16_k18_d35	SmallGroup_17_1_	612	18	35	50000	dist-m4ri	p0_0_0_1_1_1_12	p0_0_1_4_6_6_16	results/smoke_SG17_1_20260129T115352Z	results/smoke_SG17_1_20260129T115352Z/best_codes/SmallGroup_17_1__AAp0_0_0_1_1_1_12_BBp0_0_1_4_6_6_16_k18_d35	best_codes/collected/SmallGroup_17_1__AAp0_0_0_1_1_1_12_BBp0_0_1_4_6_6_16_k18_d35
SmallGroup_17_1__AAp0_0_0_1_1_1_6_BBp0_0_3_11_12_13_16_k18_d35	SmallGroup_17_1_	612	18	35	50000	dist-m4ri	p0_0_0_1_1_1_6	p0_0_3_11_12_13_16	results/smoke_SG17_1_20260129T115352Z	results/smoke_SG17_1_20260129T115352Z/best_codes/SmallGroup_17_1__AAp0_0_0_1_1_1_6_BBp0_0_3_11_12_13_16_k18_d35	best_codes/collected/SmallGroup_17_1__AAp0_0_0_1_1_1_6_BBp0_0_3_11_12_13_16_k18_d35
SmallGroup_17_1__AAp0_0_0_1_1_1_9_BBp0_0_1_4_8_10_14_k18_d35	SmallGroup_17_1_	612	18	35	50000	dist-m4ri	p0_0_0_1_1_1_9	p0_0_1_4_8_10_14	results/smoke_SG17_1_20260129T115352Z	results/smoke_SG17_1_20260129T115352Z/best_codes/SmallGroup_17_1__AAp0_0_0_1_1_1_9_BBp0_0_1_4_8_10_14_k18_d35	best_codes/collected/SmallGroup_17_1__AAp0_0_0_1_1_1_9_BBp0_0_1_4_8_10_14_k18_d35
SmallGroup_17_1__AAp0_0_11_11_11_11_11_BBp0_0_0_1_10_10_16_k18_d35	SmallGroup_17_1_	612	18	35	50000	dist-m4ri	p0_0_11_11_11_11_11	p0_0_0_1_10_10_16	results/smoke_SG17_1_20260129T115352Z	results/smoke_SG17_1_20260129T115352Z/best_codes/SmallGroup_17_1__AAp0_0_11_11_11_11_11_BBp0_0_0_1_10_10_16_k18_d35	best_codes/collected/SmallGroup_17_1__AAp0_0_11_11_11_11_11_BBp0_0_0_1_10_10_16_k18_d35
SmallGroup_17_1__AAp0_0_16_16_16_16_16_BBp0_0_0_1_10_10_14_k18_d35	SmallGroup_17_1_	612	18	35	50000	dist-m4ri	p0_0_16_16_16_16_16	p0_0_0_1_10_10_14	results/smoke_SG17_1_20260129T115352Z	results/smoke_SG17_1_20260129T115352Z/best_codes/SmallGroup_17_1__AAp0_0_16_16_16_16_16_BBp0_0_0_1_10_10_14_k18_d35	best_codes/collected/SmallGroup_17_1__AAp0_0_16_16_16_16_16_BBp0_0_0_1_10_10_14_k18_d35
SmallGroup_17_1__AAp0_0_1_11_11_13_16_BBp0_0_7_9_10_10_12_k18_d35	SmallGroup_17_1_	612	18	35	50000	dist-m4ri	p0_0_1_11_11_13_16	p0_0_7_9_10_10_12	results/smoke_SG17_1_20260129T115352Z	results/smoke_SG17_1_20260129T115352Z/best_codes/SmallGroup_17_1__AAp0_0_1_11_11_13_16_BBp0_0_7_9_10_10_12_k18_d35	best_codes/collected/SmallGroup_17_1__AAp0_0_1_11_11_13_16_BBp0_0_7_9_10_10_12_k18_d35
SmallGroup_17_1__AAp0_0_1_2_3_4_5_BBp0_0_0_1_10_10_14_k18_d35	SmallGroup_17_1_	612	18	35	50000	dist-m4ri	p0_0_1_2_3_4_5	p0_0_0_1_10_10_14	results/smoke_SG17_1_20260129T115352Z	results/smoke_SG17_1_20260129T115352Z/best_codes/SmallGroup_17_1__AAp0_0_1_2_3_4_5_BBp0_0_0_1_10_10_14_k18_d35	best_codes/collected/SmallGroup_17_1__AAp0_0_1_2_3_4_5_BBp0_0_0_1_10_10_14_k18_d35
SmallGroup_17_1__AAp0_0_1_4_4_5_9_BBp0_0_1_4_7_11_14_k18_d35	SmallGroup_17_1_	612	18	35	50000	dist-m4ri	p0_0_1_4_4_5_9	p0_0_1_4_7_11_14	results/smoke_SG17_1_20260129T115352Z	results/smoke_SG17_1_20260129T115352Z/best_codes/SmallGroup_17_1__AAp0_0_1_4_4_5_9_BBp0_0_1_4_7_11_14_k18_d35	best_codes/collected/SmallGroup_17_1__AAp0_0_1_4_4_5_9_BBp0_0_1_4_7_11_14_k18_d35
SmallGroup_17_1__AAp0_0_1_4_6_9_10_BBp0_0_3_10_14_14_16_k18_d35	SmallGroup_17_1_	612	18	35	50000	dist-m4ri	p0_0_1_4_6_9_10	p0_0_3_10_14_14_16	results/smoke_SG17_1_20260129T115352Z	results/smoke_SG17_1_20260129T115352Z/best_codes/SmallGroup_17_1__AAp0_0_1_4_6_9_10_BBp0_0_3_10_14_14_16_k18_d35	best_codes/collected/SmallGroup_17_1__AAp0_0_1_4_6_9_10_BBp0_0_3_10_14_14_16_k18_d35
SmallGroup_17_1__AAp0_0_2_4_11_12_16_BBp0_0_1_8_9_9_10_k18_d35	SmallGroup_17_1_	612	18	35	50000	dist-m4ri	p0_0_2_4_11_12_16	p0_0_1_8_9_9_10	results/smoke_SG17_1_20260129T115352Z	results/smoke_SG17_1_20260129T115352Z/best_codes/SmallGroup_17_1__AAp0_0_2_4_11_12_16_BBp0_0_1_8_9_9_10_k18_d35	best_codes/collected/SmallGroup_17_1__AAp0_0_2_4_11_12_16_BBp0_0_1_8_9_9_10_k18_d35
SmallGroup_17_1__AAp0_0_5_6_10_11_16_BBp0_0_0_1_10_10_15_k18_d35	SmallGroup_17_1_	612	18	35	50000	dist-m4ri	p0_0_5_6_10_11_16	p0_0_0_1_10_10_15	results/smoke_SG17_1_20260129T115352Z	results/smoke_SG17_1_20260129T115352Z/best_codes/SmallGroup_17_1__AAp0_0_5_6_10_11_16_BBp0_0_0_1_10_10_15_k18_d35	best_codes/collected/SmallGroup_17_1__AAp0_0_5_6_10_11_16_BBp0_0_0_1_10_10_15_k18_d35
SmallGroup_17_1__AAp0_0_5_6_10_11_16_BBp0_0_2_5_6_13_14_k18_d35	SmallGroup_17_1_	612	18	35	50000	dist-m4ri	p0_0_5_6_10_11_16	p0_0_2_5_6_13_14	results/smoke_SG17_1_20260129T115352Z	results/smoke_SG17_1_20260129T115352Z/best_codes/SmallGroup_17_1__AAp0_0_5_6_10_11_16_BBp0_0_2_5_6_13_14_k18_d35	best_codes/collected/SmallGroup_17_1__AAp0_0_5_6_10_11_16_BBp0_0_2_5_6_13_14_k18_d35
SmallGroup_17_1__AAp0_0_6_6_6_6_6_BBp0_0_0_1_10_12_16_k18_d35	SmallGroup_17_1_	612	18	35	50000	dist-m4ri	p0_0_6_6_6_6_6	p0_0_0_1_10_12_16	results/smoke_SG17_1_20260129T115352Z	results/smoke_SG17_1_20260129T115352Z/best_codes/SmallGroup_17_1__AAp0_0_6_6_6_6_6_BBp0_0_0_1_10_12_16_k18_d35	best_codes/collected/SmallGroup_17_1__AAp0_0_6_6_6_6_6_BBp0_0_0_1_10_12_16_k18_d35
SmallGroup_17_1__AAp0_0_8_8_8_8_8_BBp0_0_2_3_11_13_14_k18_d35	SmallGroup_17_1_	612	18	35	50000	dist-m4ri	p0_0_8_8_8_8_8	p0_0_2_3_11_13_14	results/smoke_SG17_1_20260129T115352Z	results/smoke_SG17_1_20260129T115352Z/best_codes/SmallGroup_17_1__AAp0_0_8_8_8_8_8_BBp0_0_2_3_11_13_14_k18_d35	best_codes/collected/SmallGroup_17_1__AAp0_0_8_8_8_8_8_BBp0_0_2_3_11_13_14_k18_d35
SmallGroup_17_1__AAp11_0_6_8_10_11_13_BBp15_0_1_2_3_5_15_k18_d35	SmallGroup_17_1_	612	18	35	50000	dist-m4ri	p11_0_6_8_10_11_13	p15_0_1_2_3_5_15	results/smoke_SG17_1_20260129T115352Z	results/smoke_SG17_1_20260129T115352Z/best_codes/SmallGroup_17_1__AAp11_0_6_8_10_11_13_BBp15_0_1_2_3_5_15_k18_d35	best_codes/collected/SmallGroup_17_1__AAp11_0_6_8_10_11_13_BBp15_0_1_2_3_5_15_k18_d35
SmallGroup_17_1__AAp0_0_0_1_1_1_15_BBp0_0_9_9_9_9_9_k18_d34	SmallGroup_17_1_	612	18	34	50000	dist-m4ri	p0_0_0_1_1_1_15	p0_0_9_9_9_9_9	results/smoke_SG17_1_20260129T115352Z	results/smoke_SG17_1_20260129T115352Z/best_codes/SmallGroup_17_1__AAp0_0_0_1_1_1_15_BBp0_0_9_9_9_9_9_k18_d34	best_codes/collected/SmallGroup_17_1__AAp0_0_0_1_1_1_15_BBp0_0_9_9_9_9_9_k18_d34
SmallGroup_17_1__AAp0_0_0_1_1_1_8_BBp0_0_2_3_11_13_14_k18_d34	SmallGroup_17_1_	612	18	34	50000	dist-m4ri	p0_0_0_1_1_1_8	p0_0_2_3_11_13_14	results/smoke_SG17_1_20260129T115352Z	results/smoke_SG17_1_20260129T115352Z/best_codes/SmallGroup_17_1__AAp0_0_0_1_1_1_8_BBp0_0_2_3_11_13_14_k18_d34	best_codes/collected/SmallGroup_17_1__AAp0_0_0_1_1_1_8_BBp0_0_2_3_11_13_14_k18_d34
SmallGroup_17_1__AAp0_0_10_10_10_10_10_BBp0_0_1_5_6_13_15_k18_d34	SmallGroup_17_1_	612	18	34	50000	dist-m4ri	p0_0_10_10_10_10_10	p0_0_1_5_6_13_15	results/smoke_SG17_1_20260129T115352Z	results/smoke_SG17_1_20260129T115352Z/best_codes/SmallGroup_17_1__AAp0_0_10_10_10_10_10_BBp0_0_1_5_6_13_15_k18_d34	best_codes/collected/SmallGroup_17_1__AAp0_0_10_10_10_10_10_BBp0_0_1_5_6_13_15_k18_d34
SmallGroup_17_1__AAp0_0_13_13_13_13_13_BBp0_0_6_8_10_13_15_k18_d34	SmallGroup_17_1_	612	18	34	50000	dist-m4ri	p0_0_13_13_13_13_13	p0_0_6_8_10_13_15	results/smoke_SG17_1_20260129T115352Z	results/smoke_SG17_1_20260129T115352Z/best_codes/SmallGroup_17_1__AAp0_0_13_13_13_13_13_BBp0_0_6_8_10_13_15_k18_d34	best_codes/collected/SmallGroup_17_1__AAp0_0_13_13_13_13_13_BBp0_0_6_8_10_13_15_k18_d34
SmallGroup_17_1__AAp0_0_1_1_1_1_1_BBp0_0_2_3_11_13_14_k18_d34	SmallGroup_17_1_	612	18	34	50000	dist-m4ri	p0_0_1_1_1_1_1	p0_0_2_3_11_13_14	results/smoke_SG17_1_20260129T115352Z	results/smoke_SG17_1_20260129T115352Z/best_codes/SmallGroup_17_1__AAp0_0_1_1_1_1_1_BBp0_0_2_3_11_13_14_k18_d34	best_codes/collected/SmallGroup_17_1__AAp0_0_1_1_1_1_1_BBp0_0_2_3_11_13_14_k18_d34
SmallGroup_17_1__AAp0_0_1_1_1_1_1_BBp0_0_7_8_9_15_16_k18_d34	SmallGroup_17_1_	612	18	34	50000	dist-m4ri	p0_0_1_1_1_1_1	p0_0_7_8_9_15_16	results/smoke_SG17_1_20260129T115352Z	results/smoke_SG17_1_20260129T115352Z/best_codes/SmallGroup_17_1__AAp0_0_1_1_1_1_1_BBp0_0_7_8_9_15_16_k18_d34	best_codes/collected/SmallGroup_17_1__AAp0_0_1_1_1_1_1_BBp0_0_7_8_9_15_16_k18_d34
SmallGroup_17_1__AAp0_0_1_4_6_9_10_BBp0_0_3_11_12_13_16_k18_d34	SmallGroup_17_1_	612	18	34	50000	dist-m4ri	p0_0_1_4_6_9_10	p0_0_3_11_12_13_16	results/smoke_SG17_1_20260129T115352Z	results/smoke_SG17_1_20260129T115352Z/best_codes/SmallGroup_17_1__AAp0_0_1_4_6_9_10_BBp0_0_3_11_12_13_16_k18_d34	best_codes/collected/SmallGroup_17_1__AAp0_0_1_4_6_9_10_BBp0_0_3_11_12_13_16_k18_d34
SmallGroup_17_1__AAp0_0_2_4_11_13_15_BBp0_0_0_1_10_12_16_k18_d34	SmallGroup_17_1_	612	18	34	50000	dist-m4ri	p0_0_2_4_11_13_15	p0_0_0_1_10_12_16	results/smoke_SG17_1_20260129T115352Z	results/smoke_SG17_1_20260129T115352Z/best_codes/SmallGroup_17_1__AAp0_0_2_4_11_13_15_BBp0_0_0_1_10_12_16_k18_d34	best_codes/collected/SmallGroup_17_1__AAp0_0_2_4_11_13_15_BBp0_0_0_1_10_12_16_k18_d34
SmallGroup_17_1__AAp0_0_3_11_11_12_16_BBp0_0_0_1_10_11_14_k18_d34	SmallGroup_17_1_	612	18	34	50000	dist-m4ri	p0_0_3_11_11_12_16	p0_0_0_1_10_11_14	results/smoke_SG17_1_20260129T115352Z	results/smoke_SG17_1_20260129T115352Z/best_codes/SmallGroup_17_1__AAp0_0_3_11_11_12_16_BBp0_0_0_1_10_11_14_k18_d34	best_codes/collected/SmallGroup_17_1__AAp0_0_3_11_11_12_16_BBp0_0_0_1_10_11_14_k18_d34
SmallGroup_17_1__AAp0_0_3_11_11_12_16_BBp0_0_0_1_10_11_15_k18_d34	SmallGroup_17_1_	612	18	34	50000	dist-m4ri	p0_0_3_11_11_12_16	p0_0_0_1_10_11_15	results/smoke_SG17_1_20260129T115352Z	results/smoke_SG17_1_20260129T115352Z/best_codes/SmallGroup_17_1__AAp0_0_3_11_11_12_16_BBp0_0_0_1_10_11_15_k18_d34	best_codes/collected/SmallGroup_17_1__AAp0_0_3_11_11_12_16_BBp0_0_0_1_10_11_15_k18_d34
SmallGroup_17_1__AAp0_0_5_6_10_11_16_BBp0_0_0_1_10_10_12_k18_d34	SmallGroup_17_1_	612	18	34	50000	dist-m4ri	p0_0_5_6_10_11_16	p0_0_0_1_10_10_12	results/smoke_SG17_1_20260129T115352Z	results/smoke_SG17_1_20260129T115352Z/best_codes/SmallGroup_17_1__AAp0_0_5_6_10_11_16_BBp0_0_0_1_10_10_12_k18_d34	best_codes/collected/SmallGroup_17_1__AAp0_0_5_6_10_11_16_BBp0_0_0_1_10_10_12_k18_d34
SmallGroup_17_1__AAp0_0_6_6_6_6_6_BBp0_0_0_1_10_12_13_k18_d34	SmallGroup_17_1_	612	18	34	50000	dist-m4ri	p0_0_6_6_6_6_6	p0_0_0_1_10_12_13	results/smoke_SG17_1_20260129T115352Z	results/smoke_SG17_1_20260129T115352Z/best_codes/SmallGroup_17_1__AAp0_0_6_6_6_6_6_BBp0_0_0_1_10_12_13_k18_d34	best_codes/collected/SmallGroup_17_1__AAp0_0_6_6_6_6_6_BBp0_0_0_1_10_12_13_k18_d34
SmallGroup_17_1__AAp0_0_6_6_6_6_6_BBp0_0_1_3_8_10_15_k18_d34	SmallGroup_17_1_	612	18	34	50000	dist-m4ri	p0_0_6_6_6_6_6	p0_0_1_3_8_10_15	results/smoke_SG17_1_20260129T115352Z	results/smoke_SG17_1_20260129T115352Z/best_codes/SmallGroup_17_1__AAp0_0_6_6_6_6_6_BBp0_0_1_3_8_10_15_k18_d34	best_codes/collected/SmallGroup_17_1__AAp0_0_6_6_6_6_6_BBp0_0_1_3_8_10_15_k18_d34
SmallGroup_17_1__AAp11_0_1_10_11_12_15_BBp15_0_2_4_6_10_13_k18_d34	SmallGroup_17_1_	612	18	34	50000	dist-m4ri	p11_0_1_10_11_12_15	p15_0_2_4_6_10_13	results/smoke_SG17_1_20260129T115352Z	results/smoke_SG17_1_20260129T115352Z/best_codes/SmallGroup_17_1__AAp11_0_1_10_11_12_15_BBp15_0_2_4_6_10_13_k18_d34	best_codes/collected/SmallGroup_17_1__AAp11_0_1_10_11_12_15_BBp15_0_2_4_6_10_13_k18_d34
SmallGroup_17_1__AAp3_0_3_4_7_9_14_BBp15_0_1_2_3_5_15_k18_d30	SmallGroup_17_1_	612	18	30	100000	dist-m4ri	p3_0_3_4_7_9_14	p15_0_1_2_3_5_15	results/smoke_SG17_1_20260129T115352Z	results/smoke_SG17_1_20260129T115352Z/best_codes/SmallGroup_17_1__AAp3_0_3_4_7_9_14_BBp15_0_1_2_3_5_15_k18_d30	best_codes/collected/SmallGroup_17_1__AAp3_0_3_4_7_9_14_BBp15_0_1_2_3_5_15_k18_d30
SmallGroup_17_1__AAp0_0_2_3_3_5_10_BBp0_0_1_6_7_11_12_k18_d18	SmallGroup_17_1_	612	18	18	100000	dist-m4ri	p0_0_2_3_3_5_10	p0_0_1_6_7_11_12	results/smoke_SG17_1_20260129T115352Z	results/smoke_SG17_1_20260129T115352Z/best_codes/SmallGroup_17_1__AAp0_0_2_3_3_5_10_BBp0_0_1_6_7_11_12_k18_d18	best_codes/collected/SmallGroup_17_1__AAp0_0_2_3_3_5_10_BBp0_0_1_6_7_11_12_k18_d18
SmallGroup_17_1__AAp0_0_1_3_3_7_14_BBp0_0_6_7_8_15_16_k18_d16	SmallGroup_17_1_	612	18	16	100000	dist-m4ri	p0_0_1_3_3_7_14	p0_0_6_7_8_15_16	results/smoke_SG17_1_20260129T115352Z	results/smoke_SG17_1_20260129T115352Z/best_codes/SmallGroup_17_1__AAp0_0_1_3_3_7_14_BBp0_0_6_7_8_15_16_k18_d16	best_codes/collected/SmallGroup_17_1__AAp0_0_1_3_3_7_14_BBp0_0_6_7_8_15_16_k18_d16
SmallGroup_17_1__AAp0_0_2_3_3_5_10_BBp0_0_2_4_6_13_15_k18_d15	SmallGroup_17_1_	612	18	15	100000	dist-m4ri	p0_0_2_3_3_5_10	p0_0_2_4_6_13_15	results/smoke_SG17_1_20260129T115352Z	results/smoke_SG17_1_20260129T115352Z/best_codes/SmallGroup_17_1__AAp0_0_2_3_3_5_10_BBp0_0_2_4_6_13_15_k18_d15	best_codes/collected/SmallGroup_17_1__AAp0_0_2_3_3_5_10_BBp0_0_2_4_6_13_15_k18_d15
SmallGroup_17_1__AAp0_0_1_3_3_7_14_BBp0_0_1_5_6_13_15_k18_d13	SmallGroup_17_1_	612	18	13	100000	dist-m4ri	p0_0_1_3_3_7_14	p0_0_1_5_6_13_15	results/smoke_SG17_1_20260129T115352Z	results/smoke_SG17_1_20260129T115352Z/best_codes/SmallGroup_17_1__AAp0_0_1_3_3_7_14_BBp0_0_1_5_6_13_15_k18_d13	best_codes/collected/SmallGroup_17_1__AAp0_0_1_3_3_7_14_BBp0_0_1_5_6_13_15_k18_d13
SmallGroup_17_1__AAp0_0_0_1_1_1_10_BBp0_0_1_5_6_13_15_k18_d12	SmallGroup_17_1_	612	18	12	100000	dist-m4ri	p0_0_0_1_1_1_10	p0_0_1_5_6_13_15	results/smoke_SG17_1_20260129T115352Z	results/smoke_SG17_1_20260129T115352Z/best_codes/SmallGroup_17_1__AAp0_0_0_1_1_1_10_BBp0_0_1_5_6_13_15_k18_d12	best_codes/collected/SmallGroup_17_1__AAp0_0_0_1_1_1_10_BBp0_0_1_5_6_13_15_k18_d12
SmallGroup_17_1__AAp0_0_1_3_3_7_14_BBp0_0_2_4_6_13_15_k18_d11	SmallGroup_17_1_	612	18	11	100000	dist-m4ri	p0_0_1_3_3_7_14	p0_0_2_4_6_13_15	results/smoke_SG17_1_20260129T115352Z	results/smoke_SG17_1_20260129T115352Z/best_codes/SmallGroup_17_1__AAp0_0_1_3_3_7_14_BBp0_0_2_4_6_13_15_k18_d11	best_codes/collected/SmallGroup_17_1__AAp0_0_1_3_3_7_14_BBp0_0_2_4_6_13_15_k18_d11
SmallGroup_17_1__AAp0_0_1_3_3_7_14_BBp0_0_1_4_12_12_13_k18_d10	SmallGroup_17_1_	612	18	10	100000	dist-m4ri	p0_0_1_3_3_7_14	p0_0_1_4_12_12_13	results/smoke_SG17_1_20260129T115352Z	results/smoke_SG17_1_20260129T115352Z/best_codes/SmallGroup_17_1__AAp0_0_1_3_3_7_14_BBp0_0_1_4_12_12_13_k18_d10	best_codes/collected/SmallGroup_17_1__AAp0_0_1_3_3_7_14_BBp0_0_1_4_12_12_13_k18_d10
SmallGroup_17_1__AAp29_0_1_6_6_9_16_BBp15_0_2_4_6_10_13_k20_d26	SmallGroup_17_1_	612	20	26	100000	dist-m4ri	p29_0_1_6_6_9_16	p15_0_2_4_6_10_13	results/smoke_SG17_1_20260129T115352Z	results/smoke_SG17_1_20260129T115352Z/best_codes/SmallGroup_17_1__AAp29_0_1_6_6_9_16_BBp15_0_2_4_6_10_13_k20_d26	best_codes/collected/SmallGroup_17_1__AAp29_0_1_6_6_9_16_BBp15_0_2_4_6_10_13_k20_d26
SmallGroup_17_1__AAp29_0_1_2_2_6_11_BBp15_0_1_5_6_7_16_k20_d23	SmallGroup_17_1_	612	20	23	100000	dist-m4ri	p29_0_1_2_2_6_11	p15_0_1_5_6_7_16	results/smoke_SG17_1_20260129T115352Z	results/smoke_SG17_1_20260129T115352Z/best_codes/SmallGroup_17_1__AAp29_0_1_2_2_6_11_BBp15_0_1_5_6_7_16_k20_d23	best_codes/collected/SmallGroup_17_1__AAp29_0_1_2_2_6_11_BBp15_0_1_5_6_7_16_k20_d23
SmallGroup_17_1__AAp29_0_1_2_2_6_11_BBp15_0_1_10_11_12_16_k20_d21	SmallGroup_17_1_	612	20	21	100000	dist-m4ri	p29_0_1_2_2_6_11	p15_0_1_10_11_12_16	results/smoke_SG17_1_20260129T115352Z	results/smoke_SG17_1_20260129T115352Z/best_codes/SmallGroup_17_1__AAp29_0_1_2_2_6_11_BBp15_0_1_10_11_12_16_k20_d21	best_codes/collected/SmallGroup_17_1__AAp29_0_1_2_2_6_11_BBp15_0_1_10_11_12_16_k20_d21
SmallGroup_17_1__AAp29_0_1_2_2_6_11_BBp28_0_0_3_6_11_14_k20_d13	SmallGroup_17_1_	612	20	13	100000	dist-m4ri	p29_0_1_2_2_6_11	p28_0_0_3_6_11_14	results/smoke_SG17_1_20260129T115352Z	results/smoke_SG17_1_20260129T115352Z/best_codes/SmallGroup_17_1__AAp29_0_1_2_2_6_11_BBp28_0_0_3_6_11_14_k20_d13	best_codes/collected/SmallGroup_17_1__AAp29_0_1_2_2_6_11_BBp28_0_0_3_6_11_14_k20_d13
SmallGroup_17_1__AAp0_0_3_11_11_12_16_BBp15_0_2_10_12_14_15_k22_d22	SmallGroup_17_1_	612	22	22	100000	dist-m4ri	p0_0_3_11_11_12_16	p15_0_2_10_12_14_15	results/smoke_SG17_1_20260129T115352Z	results/smoke_SG17_1_20260129T115352Z/best_codes/SmallGroup_17_1__AAp0_0_3_11_11_12_16_BBp15_0_2_10_12_14_15_k22_d22	best_codes/collected/SmallGroup_17_1__AAp0_0_3_11_11_12_16_BBp15_0_2_10_12_14_15_k22_d22
SmallGroup_17_1__AAp0_0_3_11_11_12_16_BBp15_0_1_10_11_12_16_k22_d21	SmallGroup_17_1_	612	22	21	100000	dist-m4ri	p0_0_3_11_11_12_16	p15_0_1_10_11_12_16	results/smoke_SG17_1_20260129T115352Z	results/smoke_SG17_1_20260129T115352Z/best_codes/SmallGroup_17_1__AAp0_0_3_11_11_12_16_BBp15_0_1_10_11_12_16_k22_d21	best_codes/collected/SmallGroup_17_1__AAp0_0_3_11_11_12_16_BBp15_0_1_10_11_12_16_k22_d21
SmallGroup_17_1__AAp0_0_1_3_3_7_14_BBp15_0_1_2_3_5_15_k22_d18	SmallGroup_17_1_	612	22	18	100000	dist-m4ri	p0_0_1_3_3_7_14	p15_0_1_2_3_5_15	results/smoke_SG17_1_20260129T115352Z	results/smoke_SG17_1_20260129T115352Z/best_codes/SmallGroup_17_1__AAp0_0_1_3_3_7_14_BBp15_0_1_2_3_5_15_k22_d18	best_codes/collected/SmallGroup_17_1__AAp0_0_1_3_3_7_14_BBp15_0_1_2_3_5_15_k22_d18
SmallGroup_17_1__AAp0_0_1_4_5_6_14_BBp28_0_0_3_6_11_14_k22_d13	SmallGroup_17_1_	612	22	13	100000	dist-m4ri	p0_0_1_4_5_6_14	p28_0_0_3_6_11_14	results/smoke_SG17_1_20260129T115352Z	results/smoke_SG17_1_20260129T115352Z/best_codes/SmallGroup_17_1__AAp0_0_1_4_5_6_14_BBp28_0_0_3_6_11_14_k22_d13	best_codes/collected/SmallGroup_17_1__AAp0_0_1_4_5_6_14_BBp28_0_0_3_6_11_14_k22_d13
SmallGroup_17_1__AAp0_0_1_3_3_7_14_BBp28_0_0_3_6_11_14_k22_d11	SmallGroup_17_1_	612	22	11	100000	dist-m4ri	p0_0_1_3_3_7_14	p28_0_0_3_6_11_14	results/smoke_SG17_1_20260129T115352Z	results/smoke_SG17_1_20260129T115352Z/best_codes/SmallGroup_17_1__AAp0_0_1_3_3_7_14_BBp28_0_0_3_6_11_14_k22_d11	best_codes/collected/SmallGroup_17_1__AAp0_0_1_3_3_7_14_BBp28_0_0_3_6_11_14_k22_d11
SmallGroup_17_1__AAp29_0_5_9_9_10_11_BBp0_0_1_3_5_13_15_k28_d16	SmallGroup_17_1_	612	28	16	100000	dist-m4ri	p29_0_5_9_9_10_11	p0_0_1_3_5_13_15	results/smoke_SG17_1_20260129T115352Z	results/smoke_SG17_1_20260129T115352Z/best_codes/SmallGroup_17_1__AAp29_0_5_9_9_10_11_BBp0_0_1_3_5_13_15_k28_d16	best_codes/collected/SmallGroup_17_1__AAp29_0_5_9_9_10_11_BBp0_0_1_3_5_13_15_k28_d16
SmallGroup_17_1__AAp29_0_1_2_2_6_11_BBp0_0_1_3_5_13_15_k28_d15	SmallGroup_17_1_	612	28	15	100000	dist-m4ri	p29_0_1_2_2_6_11	p0_0_1_3_5_13_15	results/smoke_SG17_1_20260129T115352Z	results/smoke_SG17_1_20260129T115352Z/best_codes/SmallGroup_17_1__AAp29_0_1_2_2_6_11_BBp0_0_1_3_5_13_15_k28_d15	best_codes/collected/SmallGroup_17_1__AAp29_0_1_2_2_6_11_BBp0_0_1_3_5_13_15_k28_d15
SmallGroup_17_1__AAp29_0_7_10_10_15_16_BBp0_0_0_1_10_11_11_k28_d10	SmallGroup_17_1_	612	28	10	100000	dist-m4ri	p29_0_7_10_10_15_16	p0_0_0_1_10_11_11	results/smoke_SG17_1_20260129T115352Z	results/smoke_SG17_1_20260129T115352Z/best_codes/SmallGroup_17_1__AAp29_0_7_10_10_15_16_BBp0_0_0_1_10_11_11_k28_d10	best_codes/collected/SmallGroup_17_1__AAp29_0_7_10_10_15_16_BBp0_0_0_1_10_11_11_k28_d10
SmallGroup_17_1__AAp29_0_1_6_6_9_16_BBp0_0_0_1_10_11_11_k28_d8	SmallGroup_17_1_	612	28	8	100000	dist-m4ri	p29_0_1_6_6_9_16	p0_0_0_1_10_11_11	results/smoke_SG17_1_20260129T115352Z	results/smoke_SG17_1_20260129T115352Z/best_codes/SmallGroup_17_1__AAp29_0_1_6_6_9_16_BBp0_0_0_1_10_11_11_k28_d8	best_codes/collected/SmallGroup_17_1__AAp29_0_1_6_6_9_16_BBp0_0_0_1_10_11_11_k28_d8
SmallGroup_17_1__AAp27_0_0_7_7_10_13_BBp28_0_0_3_6_11_14_k34_d13	SmallGroup_17_1_	612	34	13	100000	dist-m4ri	p27_0_0_7_7_10_13	p28_0_0_3_6_11_14	results/smoke_SG17_1_20260129T115352Z	results/smoke_SG17_1_20260129T115352Z/best_codes/SmallGroup_17_1__AAp27_0_0_7_7_10_13_BBp28_0_0_3_6_11_14_k34_d13	best_codes/collected/SmallGroup_17_1__AAp27_0_0_7_7_10_13_BBp28_0_0_3_6_11_14_k34_d13
SmallGroup_17_1__AAp19_0_2_2_4_5_16_BBp28_0_0_3_6_11_14_k34_d12	SmallGroup_17_1_	612	34	12	100000	dist-m4ri	p19_0_2_2_4_5_16	p28_0_0_3_6_11_14	results/smoke_SG17_1_20260129T115352Z	results/smoke_SG17_1_20260129T115352Z/best_codes/SmallGroup_17_1__AAp19_0_2_2_4_5_16_BBp28_0_0_3_6_11_14_k34_d12	best_codes/collected/SmallGroup_17_1__AAp19_0_2_2_4_5_16_BBp28_0_0_3_6_11_14_k34_d12
SmallGroup_17_1__AAp29_0_1_5_5_9_14_BBp28_0_0_3_6_11_14_k36_d13	SmallGroup_17_1_	612	36	13	100000	dist-m4ri	p29_0_1_5_5_9_14	p28_0_0_3_6_11_14	results/smoke_SG17_1_20260129T115352Z	results/smoke_SG17_1_20260129T115352Z/best_codes/SmallGroup_17_1__AAp29_0_1_5_5_9_14_BBp28_0_0_3_6_11_14_k36_d13	best_codes/collected/SmallGroup_17_1__AAp29_0_1_5_5_9_14_BBp28_0_0_3_6_11_14_k36_d13
SmallGroup_17_1__AAp6_0_0_2_2_13_15_BBp28_0_0_3_6_11_14_k36_d10	SmallGroup_17_1_	612	36	10	100000	dist-m4ri	p6_0_0_2_2_13_15	p28_0_0_3_6_11_14	results/smoke_SG17_1_20260129T115352Z	results/smoke_SG17_1_20260129T115352Z/best_codes/SmallGroup_17_1__AAp6_0_0_2_2_13_15_BBp28_0_0_3_6_11_14_k36_d10	best_codes/collected/SmallGroup_17_1__AAp6_0_0_2_2_13_15_BBp28_0_0_3_6_11_14_k36_d10
SmallGroup_17_1__AAp0_0_2_4_11_13_15_BBp28_0_0_3_6_11_14_k38_d12	SmallGroup_17_1_	612	38	12	100000	dist-m4ri	p0_0_2_4_11_13_15	p28_0_0_3_6_11_14	results/smoke_SG17_1_20260129T115352Z	results/smoke_SG17_1_20260129T115352Z/best_codes/SmallGroup_17_1__AAp0_0_2_4_11_13_15_BBp28_0_0_3_6_11_14_k38_d12	best_codes/collected/SmallGroup_17_1__AAp0_0_2_4_11_13_15_BBp28_0_0_3_6_11_14_k38_d12
SmallGroup_17_1__AAp6_0_0_2_2_13_15_BBp0_0_0_1_10_11_11_k44_d10	SmallGroup_17_1_	612	44	10	100000	dist-m4ri	p6_0_0_2_2_13_15	p0_0_0_1_10_11_11	results/smoke_SG17_1_20260129T115352Z	results/smoke_SG17_1_20260129T115352Z/best_codes/SmallGroup_17_1__AAp6_0_0_2_2_13_15_BBp0_0_0_1_10_11_11_k44_d10	best_codes/collected/SmallGroup_17_1__AAp6_0_0_2_2_13_15_BBp0_0_0_1_10_11_11_k44_d10
SmallGroup_17_1__AAp0_0_3_7_9_13_16_BBp0_0_0_1_10_12_12_k50_d10	SmallGroup_17_1_	612	50	10	100000	dist-m4ri	p0_0_3_7_9_13_16	p0_0_0_1_10_12_12	results/smoke_SG17_1_20260129T115352Z	results/smoke_SG17_1_20260129T115352Z/best_codes/SmallGroup_17_1__AAp0_0_3_7_9_13_16_BBp0_0_0_1_10_12_12_k50_d10	best_codes/collected/SmallGroup_17_1__AAp0_0_3_7_9_13_16_BBp0_0_0_1_10_12_12_k50_d10
SmallGroup_17_1__AAp0_0_2_4_11_13_15_BBp0_0_0_1_10_13_13_k50_d9	SmallGroup_17_1_	612	50	9	100000	dist-m4ri	p0_0_2_4_11_13_15	p0_0_0_1_10_13_13	results/smoke_SG17_1_20260129T115352Z	results/smoke_SG17_1_20260129T115352Z/best_codes/SmallGroup_17_1__AAp0_0_2_4_11_13_15_BBp0_0_0_1_10_13_13_k50_d9	best_codes/collected/SmallGroup_17_1__AAp0_0_2_4_11_13_15_BBp0_0_0_1_10_13_13_k50_d9
SmallGroup_17_1__AAp0_0_2_4_11_13_15_BBp0_0_0_1_10_11_11_k50_d8	SmallGroup_17_1_	612	50	8	100000	dist-m4ri	p0_0_2_4_11_13_15	p0_0_0_1_10_11_11	results/smoke_SG17_1_20260129T115352Z	results/smoke_SG17_1_20260129T115352Z/best_codes/SmallGroup_17_1__AAp0_0_2_4_11_13_15_BBp0_0_0_1_10_11_11_k50_d8	best_codes/collected/SmallGroup_17_1__AAp0_0_2_4_11_13_15_BBp0_0_0_1_10_11_11_k50_d8
SmallGroup_18_1__AAp11_0_2_3_4_11_13_BBp11_0_1_4_7_11_17_k2_d87	SmallGroup_18_1_	648	2	87	100000	dist-m4ri	p11_0_2_3_4_11_13	p11_0_1_4_7_11_17	results/smoke_SG18_1_20260129T115419Z	results/smoke_SG18_1_20260129T115419Z/best_codes/SmallGroup_18_1__AAp11_0_2_3_4_11_13_BBp11_0_1_4_7_11_17_k2_d87	best_codes/collected/SmallGroup_18_1__AAp11_0_2_3_4_11_13_BBp11_0_1_4_7_11_17_k2_d87
SmallGroup_18_1__AAp11_0_1_4_7_11_17_BBp11_0_1_8_9_12_16_k2_d81	SmallGroup_18_1_	648	2	81	100000	dist-m4ri	p11_0_1_4_7_11_17	p11_0_1_8_9_12_16	results/smoke_SG18_1_20260129T115419Z	results/smoke_SG18_1_20260129T115419Z/best_codes/SmallGroup_18_1__AAp11_0_1_4_7_11_17_BBp11_0_1_8_9_12_16_k2_d81	best_codes/collected/SmallGroup_18_1__AAp11_0_1_4_7_11_17_BBp11_0_1_8_9_12_16_k2_d81
SmallGroup_18_1__AAp11_0_1_4_7_11_14_BBp11_0_1_8_9_12_16_k2_d80	SmallGroup_18_1_	648	2	80	100000	dist-m4ri	p11_0_1_4_7_11_14	p11_0_1_8_9_12_16	results/smoke_SG18_1_20260129T115419Z	results/smoke_SG18_1_20260129T115419Z/best_codes/SmallGroup_18_1__AAp11_0_1_4_7_11_14_BBp11_0_1_8_9_12_16_k2_d80	best_codes/collected/SmallGroup_18_1__AAp11_0_1_4_7_11_14_BBp11_0_1_8_9_12_16_k2_d80
SmallGroup_18_1__AAp11_0_0_1_10_10_11_BBp11_0_1_8_9_12_16_k2_d49	SmallGroup_18_1_	648	2	49	100000	dist-m4ri	p11_0_0_1_10_10_11	p11_0_1_8_9_12_16	results/smoke_SG18_1_20260129T115419Z	results/smoke_SG18_1_20260129T115419Z/best_codes/SmallGroup_18_1__AAp11_0_0_1_10_10_11_BBp11_0_1_8_9_12_16_k2_d49	best_codes/collected/SmallGroup_18_1__AAp11_0_0_1_10_10_11_BBp11_0_1_8_9_12_16_k2_d49
SmallGroup_18_1__AAp11_0_1_4_7_11_14_BBp11_0_0_1_10_10_11_k2_d30	SmallGroup_18_1_	648	2	30	100000	dist-m4ri	p11_0_1_4_7_11_14	p11_0_0_1_10_10_11	results/smoke_SG18_1_20260129T115419Z	results/smoke_SG18_1_20260129T115419Z/best_codes/SmallGroup_18_1__AAp11_0_1_4_7_11_14_BBp11_0_0_1_10_10_11_k2_d30	best_codes/collected/SmallGroup_18_1__AAp11_0_1_4_7_11_14_BBp11_0_0_1_10_10_11_k2_d30
SmallGroup_18_1__AAp11_0_0_1_10_10_11_BBp11_0_1_4_7_11_14_k2_d28	SmallGroup_18_1_	648	2	28	100000	dist-m4ri	p11_0_0_1_10_10_11	p11_0_1_4_7_11_14	results/smoke_SG18_1_20260129T115419Z	results/smoke_SG18_1_20260129T115419Z/best_codes/SmallGroup_18_1__AAp11_0_0_1_10_10_11_BBp11_0_1_4_7_11_14_k2_d28	best_codes/collected/SmallGroup_18_1__AAp11_0_0_1_10_10_11_BBp11_0_1_4_7_11_14_k2_d28
SmallGroup_18_1__AAp11_0_0_1_10_10_11_BBp11_0_0_1_12_15_16_k2_d18	SmallGroup_18_1_	648	2	18	100000	dist-m4ri	p11_0_0_1_10_10_11	p11_0_0_1_12_15_16	results/smoke_SG18_1_20260129T115419Z	results/smoke_SG18_1_20260129T115419Z/best_codes/SmallGroup_18_1__AAp11_0_0_1_10_10_11_BBp11_0_0_1_12_15_16_k2_d18	best_codes/collected/SmallGroup_18_1__AAp11_0_0_1_10_10_11_BBp11_0_0_1_12_15_16_k2_d18
SmallGroup_18_1__AAp11_0_10_11_12_15_17_BBp11_0_2_10_11_13_16_k4_d80	SmallGroup_18_1_	648	4	80	100000	dist-m4ri	p11_0_10_11_12_15_17	p11_0_2_10_11_13_16	results/smoke_SG18_1_20260129T115419Z	results/smoke_SG18_1_20260129T115419Z/best_codes/SmallGroup_18_1__AAp11_0_10_11_12_15_17_BBp11_0_2_10_11_13_16_k4_d80	best_codes/collected/SmallGroup_18_1__AAp11_0_10_11_12_15_17_BBp11_0_2_10_11_13_16_k4_d80
SmallGroup_18_1__AAp11_0_1_9_10_11_12_BBp11_0_1_4_7_11_14_k4_d76	SmallGroup_18_1_	648	4	76	100000	dist-m4ri	p11_0_1_9_10_11_12	p11_0_1_4_7_11_14	results/smoke_SG18_1_20260129T115419Z	results/smoke_SG18_1_20260129T115419Z/best_codes/SmallGroup_18_1__AAp11_0_1_9_10_11_12_BBp11_0_1_4_7_11_14_k4_d76	best_codes/collected/SmallGroup_18_1__AAp11_0_1_9_10_11_12_BBp11_0_1_4_7_11_14_k4_d76
SmallGroup_18_1__AAp11_0_1_4_7_11_14_BBp11_0_1_9_10_11_12_k4_d72	SmallGroup_18_1_	648	4	72	100000	dist-m4ri	p11_0_1_4_7_11_14	p11_0_1_9_10_11_12	results/smoke_SG18_1_20260129T115419Z	results/smoke_SG18_1_20260129T115419Z/best_codes/SmallGroup_18_1__AAp11_0_1_4_7_11_14_BBp11_0_1_9_10_11_12_k4_d72	best_codes/collected/SmallGroup_18_1__AAp11_0_1_4_7_11_14_BBp11_0_1_9_10_11_12_k4_d72
SmallGroup_18_1__AAp11_0_1_2_4_11_14_BBp11_0_1_4_7_11_17_k4_d66	SmallGroup_18_1_	648	4	66	100000	dist-m4ri	p11_0_1_2_4_11_14	p11_0_1_4_7_11_17	results/smoke_SG18_1_20260129T115419Z	results/smoke_SG18_1_20260129T115419Z/best_codes/SmallGroup_18_1__AAp11_0_1_2_4_11_14_BBp11_0_1_4_7_11_17_k4_d66	best_codes/collected/SmallGroup_18_1__AAp11_0_1_2_4_11_14_BBp11_0_1_4_7_11_17_k4_d66
SmallGroup_18_1__AAp11_0_0_1_12_15_16_BBp27_0_1_4_4_11_15_k4_d53	SmallGroup_18_1_	648	4	53	100000	dist-m4ri	p11_0_0_1_12_15_16	p27_0_1_4_4_11_15	results/smoke_SG18_1_20260129T115419Z	results/smoke_SG18_1_20260129T115419Z/best_codes/SmallGroup_18_1__AAp11_0_0_1_12_15_16_BBp27_0_1_4_4_11_15_k4_d53	best_codes/collected/SmallGroup_18_1__AAp11_0_0_1_12_15_16_BBp27_0_1_4_4_11_15_k4_d53
SmallGroup_18_1__AAp12_0_1_7_8_10_17_BBp11_0_0_1_12_15_16_k4_d43	SmallGroup_18_1_	648	4	43	100000	dist-m4ri	p12_0_1_7_8_10_17	p11_0_0_1_12_15_16	results/smoke_SG18_1_20260129T115419Z	results/smoke_SG18_1_20260129T115419Z/best_codes/SmallGroup_18_1__AAp12_0_1_7_8_10_17_BBp11_0_0_1_12_15_16_k4_d43	best_codes/collected/SmallGroup_18_1__AAp12_0_1_7_8_10_17_BBp11_0_0_1_12_15_16_k4_d43
SmallGroup_18_1__AAp27_0_1_3_3_6_16_BBp11_0_0_1_12_15_16_k4_d39	SmallGroup_18_1_	648	4	39	100000	dist-m4ri	p27_0_1_3_3_6_16	p11_0_0_1_12_15_16	results/smoke_SG18_1_20260129T115419Z	results/smoke_SG18_1_20260129T115419Z/best_codes/SmallGroup_18_1__AAp27_0_1_3_3_6_16_BBp11_0_0_1_12_15_16_k4_d39	best_codes/collected/SmallGroup_18_1__AAp27_0_1_3_3_6_16_BBp11_0_0_1_12_15_16_k4_d39
SmallGroup_18_1__AAp11_0_0_1_12_15_16_BBp27_0_1_3_3_6_16_k4_d30	SmallGroup_18_1_	648	4	30	100000	dist-m4ri	p11_0_0_1_12_15_16	p27_0_1_3_3_6_16	results/smoke_SG18_1_20260129T115419Z	results/smoke_SG18_1_20260129T115419Z/best_codes/SmallGroup_18_1__AAp11_0_0_1_12_15_16_BBp27_0_1_3_3_6_16_k4_d30	best_codes/collected/SmallGroup_18_1__AAp11_0_0_1_12_15_16_BBp27_0_1_3_3_6_16_k4_d30
SmallGroup_18_1__AAp11_0_0_1_10_10_11_BBp22_0_1_2_9_11_12_k4_d14	SmallGroup_18_1_	648	4	14	100000	dist-m4ri	p11_0_0_1_10_10_11	p22_0_1_2_9_11_12	results/smoke_SG18_1_20260129T115419Z	results/smoke_SG18_1_20260129T115419Z/best_codes/SmallGroup_18_1__AAp11_0_0_1_10_10_11_BBp22_0_1_2_9_11_12_k4_d14	best_codes/collected/SmallGroup_18_1__AAp11_0_0_1_10_10_11_BBp22_0_1_2_9_11_12_k4_d14
SmallGroup_18_1__AAp11_0_1_4_7_11_17_BBp27_0_1_5_5_14_17_k6_d65	SmallGroup_18_1_	648	6	65	100000	dist-m4ri	p11_0_1_4_7_11_17	p27_0_1_5_5_14_17	results/smoke_SG18_1_20260129T115419Z	results/smoke_SG18_1_20260129T115419Z/best_codes/SmallGroup_18_1__AAp11_0_1_4_7_11_17_BBp27_0_1_5_5_14_17_k6_d65	best_codes/collected/SmallGroup_18_1__AAp11_0_1_4_7_11_17_BBp27_0_1_5_5_14_17_k6_d65
SmallGroup_18_1__AAp11_0_1_4_7_11_14_BBp27_0_1_5_5_14_17_k6_d54	SmallGroup_18_1_	648	6	54	100000	dist-m4ri	p11_0_1_4_7_11_14	p27_0_1_5_5_14_17	results/smoke_SG18_1_20260129T115419Z	results/smoke_SG18_1_20260129T115419Z/best_codes/SmallGroup_18_1__AAp11_0_1_4_7_11_14_BBp27_0_1_5_5_14_17_k6_d54	best_codes/collected/SmallGroup_18_1__AAp11_0_1_4_7_11_14_BBp27_0_1_5_5_14_17_k6_d54
SmallGroup_18_1__AAp11_0_0_1_12_15_16_BBp11_0_1_4_7_11_17_k6_d52	SmallGroup_18_1_	648	6	52	100000	dist-m4ri	p11_0_0_1_12_15_16	p11_0_1_4_7_11_17	results/smoke_SG18_1_20260129T115419Z	results/smoke_SG18_1_20260129T115419Z/best_codes/SmallGroup_18_1__AAp11_0_0_1_12_15_16_BBp11_0_1_4_7_11_17_k6_d52	best_codes/collected/SmallGroup_18_1__AAp11_0_0_1_12_15_16_BBp11_0_1_4_7_11_17_k6_d52
SmallGroup_18_1__AAp11_0_1_4_7_11_14_BBp27_0_1_3_3_6_16_k6_d32	SmallGroup_18_1_	648	6	32	100000	dist-m4ri	p11_0_1_4_7_11_14	p27_0_1_3_3_6_16	results/smoke_SG18_1_20260129T115419Z	results/smoke_SG18_1_20260129T115419Z/best_codes/SmallGroup_18_1__AAp11_0_1_4_7_11_14_BBp27_0_1_3_3_6_16_k6_d32	best_codes/collected/SmallGroup_18_1__AAp11_0_1_4_7_11_14_BBp27_0_1_3_3_6_16_k6_d32
SmallGroup_18_1__AAp11_0_1_4_7_11_14_BBp11_0_0_1_12_15_16_k6_d22	SmallGroup_18_1_	648	6	22	100000	dist-m4ri	p11_0_1_4_7_11_14	p11_0_0_1_12_15_16	results/smoke_SG18_1_20260129T115419Z	results/smoke_SG18_1_20260129T115419Z/best_codes/SmallGroup_18_1__AAp11_0_1_4_7_11_14_BBp11_0_0_1_12_15_16_k6_d22	best_codes/collected/SmallGroup_18_1__AAp11_0_1_4_7_11_14_BBp11_0_0_1_12_15_16_k6_d22
SmallGroup_18_1__AAp11_0_0_1_12_15_16_BBp11_0_1_4_7_11_14_k6_d21	SmallGroup_18_1_	648	6	21	100000	dist-m4ri	p11_0_0_1_12_15_16	p11_0_1_4_7_11_14	results/smoke_SG18_1_20260129T115419Z	results/smoke_SG18_1_20260129T115419Z/best_codes/SmallGroup_18_1__AAp11_0_0_1_12_15_16_BBp11_0_1_4_7_11_14_k6_d21	best_codes/collected/SmallGroup_18_1__AAp11_0_0_1_12_15_16_BBp11_0_1_4_7_11_14_k6_d21
SmallGroup_18_1__AAp11_0_2_10_11_13_16_BBp11_0_2_3_4_11_13_k8_d78	SmallGroup_18_1_	648	8	78	100000	dist-m4ri	p11_0_2_10_11_13_16	p11_0_2_3_4_11_13	results/smoke_SG18_1_20260129T115419Z	results/smoke_SG18_1_20260129T115419Z/best_codes/SmallGroup_18_1__AAp11_0_2_10_11_13_16_BBp11_0_2_3_4_11_13_k8_d78	best_codes/collected/SmallGroup_18_1__AAp11_0_2_10_11_13_16_BBp11_0_2_3_4_11_13_k8_d78
SmallGroup_18_1__AAp11_0_1_8_9_12_16_BBp11_0_4_8_11_12_15_k8_d75	SmallGroup_18_1_	648	8	75	100000	dist-m4ri	p11_0_1_8_9_12_16	p11_0_4_8_11_12_15	results/smoke_SG18_1_20260129T115419Z	results/smoke_SG18_1_20260129T115419Z/best_codes/SmallGroup_18_1__AAp11_0_1_8_9_12_16_BBp11_0_4_8_11_12_15_k8_d75	best_codes/collected/SmallGroup_18_1__AAp11_0_1_8_9_12_16_BBp11_0_4_8_11_12_15_k8_d75
SmallGroup_18_1__AAp11_0_1_2_4_11_14_BBp11_0_1_8_9_12_16_k8_d62	SmallGroup_18_1_	648	8	62	100000	dist-m4ri	p11_0_1_2_4_11_14	p11_0_1_8_9_12_16	results/smoke_SG18_1_20260129T115419Z	results/smoke_SG18_1_20260129T115419Z/best_codes/SmallGroup_18_1__AAp11_0_1_2_4_11_14_BBp11_0_1_8_9_12_16_k8_d62	best_codes/collected/SmallGroup_18_1__AAp11_0_1_2_4_11_14_BBp11_0_1_8_9_12_16_k8_d62
SmallGroup_18_1__AAp11_0_1_9_10_11_12_BBp11_0_5_8_11_12_14_k10_d62	SmallGroup_18_1_	648	10	62	100000	dist-m4ri	p11_0_1_9_10_11_12	p11_0_5_8_11_12_14	results/smoke_SG18_1_20260129T115419Z	results/smoke_SG18_1_20260129T115419Z/best_codes/SmallGroup_18_1__AAp11_0_1_9_10_11_12_BBp11_0_5_8_11_12_14_k10_d62	best_codes/collected/SmallGroup_18_1__AAp11_0_1_9_10_11_12_BBp11_0_5_8_11_12_14_k10_d62
SmallGroup_18_1__AAp11_0_2_3_10_13_17_BBp11_0_1_2_4_11_14_k10_d53	SmallGroup_18_1_	648	10	53	100000	dist-m4ri	p11_0_2_3_10_13_17	p11_0_1_2_4_11_14	results/smoke_SG18_1_20260129T115419Z	results/smoke_SG18_1_20260129T115419Z/best_codes/SmallGroup_18_1__AAp11_0_2_3_10_13_17_BBp11_0_1_2_4_11_14_k10_d53	best_codes/collected/SmallGroup_18_1__AAp11_0_2_3_10_13_17_BBp11_0_1_2_4_11_14_k10_d53
SmallGroup_18_1__AAp11_0_1_8_9_12_16_BBp6_0_1_4_9_10_14_k10_d44	SmallGroup_18_1_	648	10	44	100000	dist-m4ri	p11_0_1_8_9_12_16	p6_0_1_4_9_10_14	results/smoke_SG18_1_20260129T115419Z	results/smoke_SG18_1_20260129T115419Z/best_codes/SmallGroup_18_1__AAp11_0_1_8_9_12_16_BBp6_0_1_4_9_10_14_k10_d44	best_codes/collected/SmallGroup_18_1__AAp11_0_1_8_9_12_16_BBp6_0_1_4_9_10_14_k10_d44
SmallGroup_18_1__AAp12_0_1_7_8_10_17_BBp27_0_1_4_4_11_15_k10_d43	SmallGroup_18_1_	648	10	43	100000	dist-m4ri	p12_0_1_7_8_10_17	p27_0_1_4_4_11_15	results/smoke_SG18_1_20260129T115419Z	results/smoke_SG18_1_20260129T115419Z/best_codes/SmallGroup_18_1__AAp12_0_1_7_8_10_17_BBp27_0_1_4_4_11_15_k10_d43	best_codes/collected/SmallGroup_18_1__AAp12_0_1_7_8_10_17_BBp27_0_1_4_4_11_15_k10_d43
SmallGroup_18_1__AAp12_0_1_7_8_10_17_BBp11_0_1_2_4_11_14_k10_d40	SmallGroup_18_1_	648	10	40	100000	dist-m4ri	p12_0_1_7_8_10_17	p11_0_1_2_4_11_14	results/smoke_SG18_1_20260129T115419Z	results/smoke_SG18_1_20260129T115419Z/best_codes/SmallGroup_18_1__AAp12_0_1_7_8_10_17_BBp11_0_1_2_4_11_14_k10_d40	best_codes/collected/SmallGroup_18_1__AAp12_0_1_7_8_10_17_BBp11_0_1_2_4_11_14_k10_d40
SmallGroup_18_1__AAp11_0_1_2_4_11_14_BBp11_0_4_8_11_12_15_k10_d38	SmallGroup_18_1_	648	10	38	100000	dist-m4ri	p11_0_1_2_4_11_14	p11_0_4_8_11_12_15	results/smoke_SG18_1_20260129T115419Z	results/smoke_SG18_1_20260129T115419Z/best_codes/SmallGroup_18_1__AAp11_0_1_2_4_11_14_BBp11_0_4_8_11_12_15_k10_d38	best_codes/collected/SmallGroup_18_1__AAp11_0_1_2_4_11_14_BBp11_0_4_8_11_12_15_k10_d38
SmallGroup_18_1__AAp11_0_1_4_7_11_14_BBp22_0_1_2_9_11_12_k10_d12	SmallGroup_18_1_	648	10	12	100000	dist-m4ri	p11_0_1_4_7_11_14	p22_0_1_2_9_11_12	results/smoke_SG18_1_20260129T115419Z	results/smoke_SG18_1_20260129T115419Z/best_codes/SmallGroup_18_1__AAp11_0_1_4_7_11_14_BBp22_0_1_2_9_11_12_k10_d12	best_codes/collected/SmallGroup_18_1__AAp11_0_1_4_7_11_14_BBp22_0_1_2_9_11_12_k10_d12
SmallGroup_18_1__AAp11_0_2_11_12_13_14_BBp11_0_1_4_7_11_14_k12_d68	SmallGroup_18_1_	648	12	68	50000	dist-m4ri	p11_0_2_11_12_13_14	p11_0_1_4_7_11_14	results/smoke_SG18_1_20260129T115419Z	results/smoke_SG18_1_20260129T115419Z/best_codes/SmallGroup_18_1__AAp11_0_2_11_12_13_14_BBp11_0_1_4_7_11_14_k12_d68	best_codes/collected/SmallGroup_18_1__AAp11_0_2_11_12_13_14_BBp11_0_1_4_7_11_14_k12_d68
SmallGroup_18_1__AAp11_0_2_3_10_13_17_BBp27_0_1_4_4_11_15_k12_d68	SmallGroup_18_1_	648	12	68	100000	dist-m4ri	p11_0_2_3_10_13_17	p27_0_1_4_4_11_15	results/smoke_SG18_1_20260129T115419Z	results/smoke_SG18_1_20260129T115419Z/best_codes/SmallGroup_18_1__AAp11_0_2_3_10_13_17_BBp27_0_1_4_4_11_15_k12_d68	best_codes/collected/SmallGroup_18_1__AAp11_0_2_3_10_13_17_BBp27_0_1_4_4_11_15_k12_d68
SmallGroup_18_1__AAp11_0_2_11_12_13_14_BBp11_0_1_4_7_11_17_k12_d67	SmallGroup_18_1_	648	12	67	50000	dist-m4ri	p11_0_2_11_12_13_14	p11_0_1_4_7_11_17	results/smoke_SG18_1_20260129T115419Z	results/smoke_SG18_1_20260129T115419Z/best_codes/SmallGroup_18_1__AAp11_0_2_11_12_13_14_BBp11_0_1_4_7_11_17_k12_d67	best_codes/collected/SmallGroup_18_1__AAp11_0_2_11_12_13_14_BBp11_0_1_4_7_11_17_k12_d67
SmallGroup_18_1__AAp6_0_6_8_10_12_12_BBp11_0_1_2_4_11_14_k12_d67	SmallGroup_18_1_	648	12	67	50000	dist-m4ri	p6_0_6_8_10_12_12	p11_0_1_2_4_11_14	results/smoke_SG18_1_20260129T115419Z	results/smoke_SG18_1_20260129T115419Z/best_codes/SmallGroup_18_1__AAp6_0_6_8_10_12_12_BBp11_0_1_2_4_11_14_k12_d67	best_codes/collected/SmallGroup_18_1__AAp6_0_6_8_10_12_12_BBp11_0_1_2_4_11_14_k12_d67
SmallGroup_18_1__AAp6_0_2_3_7_12_14_BBp27_0_1_3_3_6_16_k12_d66	SmallGroup_18_1_	648	12	66	50000	dist-m4ri	p6_0_2_3_7_12_14	p27_0_1_3_3_6_16	results/smoke_SG18_1_20260129T115419Z	results/smoke_SG18_1_20260129T115419Z/best_codes/SmallGroup_18_1__AAp6_0_2_3_7_12_14_BBp27_0_1_3_3_6_16_k12_d66	best_codes/collected/SmallGroup_18_1__AAp6_0_2_3_7_12_14_BBp27_0_1_3_3_6_16_k12_d66
SmallGroup_18_1__AAp6_0_6_8_10_12_12_BBp27_0_1_3_3_6_16_k12_d66	SmallGroup_18_1_	648	12	66	50000	dist-m4ri	p6_0_6_8_10_12_12	p27_0_1_3_3_6_16	results/smoke_SG18_1_20260129T115419Z	results/smoke_SG18_1_20260129T115419Z/best_codes/SmallGroup_18_1__AAp6_0_6_8_10_12_12_BBp27_0_1_3_3_6_16_k12_d66	best_codes/collected/SmallGroup_18_1__AAp6_0_6_8_10_12_12_BBp27_0_1_3_3_6_16_k12_d66
SmallGroup_18_1__AAp11_0_2_3_10_13_17_BBp11_0_10_11_12_15_17_k12_d65	SmallGroup_18_1_	648	12	65	50000	dist-m4ri	p11_0_2_3_10_13_17	p11_0_10_11_12_15_17	results/smoke_SG18_1_20260129T115419Z	results/smoke_SG18_1_20260129T115419Z/best_codes/SmallGroup_18_1__AAp11_0_2_3_10_13_17_BBp11_0_10_11_12_15_17_k12_d65	best_codes/collected/SmallGroup_18_1__AAp11_0_2_3_10_13_17_BBp11_0_10_11_12_15_17_k12_d65
SmallGroup_18_1__AAp15_0_2_5_6_9_11_BBp12_0_1_6_7_10_16_k12_d65	SmallGroup_18_1_	648	12	65	50000	dist-m4ri	p15_0_2_5_6_9_11	p12_0_1_6_7_10_16	results/smoke_SG18_1_20260129T115419Z	results/smoke_SG18_1_20260129T115419Z/best_codes/SmallGroup_18_1__AAp15_0_2_5_6_9_11_BBp12_0_1_6_7_10_16_k12_d65	best_codes/collected/SmallGroup_18_1__AAp15_0_2_5_6_9_11_BBp12_0_1_6_7_10_16_k12_d65
SmallGroup_18_1__AAp6_0_2_3_6_13_17_BBp27_0_1_5_5_14_17_k12_d65	SmallGroup_18_1_	648	12	65	50000	dist-m4ri	p6_0_2_3_6_13_17	p27_0_1_5_5_14_17	results/smoke_SG18_1_20260129T115419Z	results/smoke_SG18_1_20260129T115419Z/best_codes/SmallGroup_18_1__AAp6_0_2_3_6_13_17_BBp27_0_1_5_5_14_17_k12_d65	best_codes/collected/SmallGroup_18_1__AAp6_0_2_3_6_13_17_BBp27_0_1_5_5_14_17_k12_d65
SmallGroup_18_1__AAp6_0_2_3_6_13_17_BBp27_0_1_4_4_11_15_k12_d64	SmallGroup_18_1_	648	12	64	50000	dist-m4ri	p6_0_2_3_6_13_17	p27_0_1_4_4_11_15	results/smoke_SG18_1_20260129T115419Z	results/smoke_SG18_1_20260129T115419Z/best_codes/SmallGroup_18_1__AAp6_0_2_3_6_13_17_BBp27_0_1_4_4_11_15_k12_d64	best_codes/collected/SmallGroup_18_1__AAp6_0_2_3_6_13_17_BBp27_0_1_4_4_11_15_k12_d64
SmallGroup_18_1__AAp0_0_4_4_10_10_17_BBp11_0_0_1_2_3_13_k12_d61	SmallGroup_18_1_	648	12	61	50000	dist-m4ri	p0_0_4_4_10_10_17	p11_0_0_1_2_3_13	results/smoke_SG18_1_20260129T115419Z	results/smoke_SG18_1_20260129T115419Z/best_codes/SmallGroup_18_1__AAp0_0_4_4_10_10_17_BBp11_0_0_1_2_3_13_k12_d61	best_codes/collected/SmallGroup_18_1__AAp0_0_4_4_10_10_17_BBp11_0_0_1_2_3_13_k12_d61
SmallGroup_18_1__AAp12_0_6_8_11_14_16_BBp11_0_1_4_7_11_17_k12_d61	SmallGroup_18_1_	648	12	61	50000	dist-m4ri	p12_0_6_8_11_14_16	p11_0_1_4_7_11_17	results/smoke_SG18_1_20260129T115419Z	results/smoke_SG18_1_20260129T115419Z/best_codes/SmallGroup_18_1__AAp12_0_6_8_11_14_16_BBp11_0_1_4_7_11_17_k12_d61	best_codes/collected/SmallGroup_18_1__AAp12_0_6_8_11_14_16_BBp11_0_1_4_7_11_17_k12_d61
SmallGroup_18_1__AAp6_0_2_3_7_12_14_BBp11_0_1_9_10_11_12_k12_d60	SmallGroup_18_1_	648	12	60	50000	dist-m4ri	p6_0_2_3_7_12_14	p11_0_1_9_10_11_12	results/smoke_SG18_1_20260129T115419Z	results/smoke_SG18_1_20260129T115419Z/best_codes/SmallGroup_18_1__AAp6_0_2_3_7_12_14_BBp11_0_1_9_10_11_12_k12_d60	best_codes/collected/SmallGroup_18_1__AAp6_0_2_3_7_12_14_BBp11_0_1_9_10_11_12_k12_d60
SmallGroup_18_1__AAp11_0_0_1_12_15_16_BBp0_0_0_1_2_8_8_k12_d58	SmallGroup_18_1_	648	12	58	50000	dist-m4ri	p11_0_0_1_12_15_16	p0_0_0_1_2_8_8	results/smoke_SG18_1_20260129T115419Z	results/smoke_SG18_1_20260129T115419Z/best_codes/SmallGroup_18_1__AAp11_0_0_1_12_15_16_BBp0_0_0_1_2_8_8_k12_d58	best_codes/collected/SmallGroup_18_1__AAp11_0_0_1_12_15_16_BBp0_0_0_1_2_8_8_k12_d58
SmallGroup_18_1__AAp11_0_0_1_2_8_13_BBp0_0_1_13_13_13_13_k12_d58	SmallGroup_18_1_	648	12	58	50000	dist-m4ri	p11_0_0_1_2_8_13	p0_0_1_13_13_13_13	results/smoke_SG18_1_20260129T115419Z	results/smoke_SG18_1_20260129T115419Z/best_codes/SmallGroup_18_1__AAp11_0_0_1_2_8_13_BBp0_0_1_13_13_13_13_k12_d58	best_codes/collected/SmallGroup_18_1__AAp11_0_0_1_2_8_13_BBp0_0_1_13_13_13_13_k12_d58
SmallGroup_18_1__AAp11_0_2_10_11_13_16_BBp6_0_1_4_9_10_14_k12_d58	SmallGroup_18_1_	648	12	58	50000	dist-m4ri	p11_0_2_10_11_13_16	p6_0_1_4_9_10_14	results/smoke_SG18_1_20260129T115419Z	results/smoke_SG18_1_20260129T115419Z/best_codes/SmallGroup_18_1__AAp11_0_2_10_11_13_16_BBp6_0_1_4_9_10_14_k12_d58	best_codes/collected/SmallGroup_18_1__AAp11_0_2_10_11_13_16_BBp6_0_1_4_9_10_14_k12_d58
SmallGroup_18_1__AAp27_0_1_5_5_14_17_BBp6_0_1_4_9_10_14_k12_d58	SmallGroup_18_1_	648	12	58	50000	dist-m4ri	p27_0_1_5_5_14_17	p6_0_1_4_9_10_14	results/smoke_SG18_1_20260129T115419Z	results/smoke_SG18_1_20260129T115419Z/best_codes/SmallGroup_18_1__AAp27_0_1_5_5_14_17_BBp6_0_1_4_9_10_14_k12_d58	best_codes/collected/SmallGroup_18_1__AAp27_0_1_5_5_14_17_BBp6_0_1_4_9_10_14_k12_d58
SmallGroup_18_1__AAp11_0_0_1_2_3_13_BBp0_0_12_15_15_15_16_k12_d57	SmallGroup_18_1_	648	12	57	50000	dist-m4ri	p11_0_0_1_2_3_13	p0_0_12_15_15_15_16	results/smoke_SG18_1_20260129T115419Z	results/smoke_SG18_1_20260129T115419Z/best_codes/SmallGroup_18_1__AAp11_0_0_1_2_3_13_BBp0_0_12_15_15_15_16_k12_d57	best_codes/collected/SmallGroup_18_1__AAp11_0_0_1_2_3_13_BBp0_0_12_15_15_15_16_k12_d57
SmallGroup_18_1__AAp11_0_2_11_12_13_17_BBp11_0_1_4_7_11_14_k12_d57	SmallGroup_18_1_	648	12	57	50000	dist-m4ri	p11_0_2_11_12_13_17	p11_0_1_4_7_11_14	results/smoke_SG18_1_20260129T115419Z	results/smoke_SG18_1_20260129T115419Z/best_codes/SmallGroup_18_1__AAp11_0_2_11_12_13_17_BBp11_0_1_4_7_11_14_k12_d57	best_codes/collected/SmallGroup_18_1__AAp11_0_2_11_12_13_17_BBp11_0_1_4_7_11_14_k12_d57
SmallGroup_18_1__AAp6_0_2_3_7_12_14_BBp11_0_1_2_4_11_14_k12_d55	SmallGroup_18_1_	648	12	55	50000	dist-m4ri	p6_0_2_3_7_12_14	p11_0_1_2_4_11_14	results/smoke_SG18_1_20260129T115419Z	results/smoke_SG18_1_20260129T115419Z/best_codes/SmallGroup_18_1__AAp6_0_2_3_7_12_14_BBp11_0_1_2_4_11_14_k12_d55	best_codes/collected/SmallGroup_18_1__AAp6_0_2_3_7_12_14_BBp11_0_1_2_4_11_14_k12_d55
SmallGroup_18_1__AAp0_0_9_13_13_13_13_BBp11_0_0_1_2_3_13_k12_d54	SmallGroup_18_1_	648	12	54	50000	dist-m4ri	p0_0_9_13_13_13_13	p11_0_0_1_2_3_13	results/smoke_SG18_1_20260129T115419Z	results/smoke_SG18_1_20260129T115419Z/best_codes/SmallGroup_18_1__AAp0_0_9_13_13_13_13_BBp11_0_0_1_2_3_13_k12_d54	best_codes/collected/SmallGroup_18_1__AAp0_0_9_13_13_13_13_BBp11_0_0_1_2_3_13_k12_d54
SmallGroup_18_1__AAp11_0_0_1_12_15_16_BBp0_0_0_1_6_8_8_k12_d54	SmallGroup_18_1_	648	12	54	50000	dist-m4ri	p11_0_0_1_12_15_16	p0_0_0_1_6_8_8	results/smoke_SG18_1_20260129T115419Z	results/smoke_SG18_1_20260129T115419Z/best_codes/SmallGroup_18_1__AAp11_0_0_1_12_15_16_BBp0_0_0_1_6_8_8_k12_d54	best_codes/collected/SmallGroup_18_1__AAp11_0_0_1_12_15_16_BBp0_0_0_1_6_8_8_k12_d54
SmallGroup_18_1__AAp27_0_1_4_4_11_15_BBp6_0_2_3_3_8_15_k12_d54	SmallGroup_18_1_	648	12	54	50000	dist-m4ri	p27_0_1_4_4_11_15	p6_0_2_3_3_8_15	results/smoke_SG18_1_20260129T115419Z	results/smoke_SG18_1_20260129T115419Z/best_codes/SmallGroup_18_1__AAp27_0_1_4_4_11_15_BBp6_0_2_3_3_8_15_k12_d54	best_codes/collected/SmallGroup_18_1__AAp27_0_1_4_4_11_15_BBp6_0_2_3_3_8_15_k12_d54
SmallGroup_18_1__AAp11_0_2_3_10_13_17_BBp27_0_1_3_3_6_16_k12_d42	SmallGroup_18_1_	648	12	42	100000	dist-m4ri	p11_0_2_3_10_13_17	p27_0_1_3_3_6_16	results/smoke_SG18_1_20260129T115419Z	results/smoke_SG18_1_20260129T115419Z/best_codes/SmallGroup_18_1__AAp11_0_2_3_10_13_17_BBp27_0_1_3_3_6_16_k12_d42	best_codes/collected/SmallGroup_18_1__AAp11_0_2_3_10_13_17_BBp27_0_1_3_3_6_16_k12_d42
SmallGroup_18_1__AAp11_0_2_3_10_13_17_BBp11_0_1_4_7_11_14_k12_d40	SmallGroup_18_1_	648	12	40	100000	dist-m4ri	p11_0_2_3_10_13_17	p11_0_1_4_7_11_14	results/smoke_SG18_1_20260129T115419Z	results/smoke_SG18_1_20260129T115419Z/best_codes/SmallGroup_18_1__AAp11_0_2_3_10_13_17_BBp11_0_1_4_7_11_14_k12_d40	best_codes/collected/SmallGroup_18_1__AAp11_0_2_3_10_13_17_BBp11_0_1_4_7_11_14_k12_d40
SmallGroup_18_1__AAp12_0_1_7_8_10_17_BBp11_0_5_8_11_12_14_k12_d32	SmallGroup_18_1_	648	12	32	100000	dist-m4ri	p12_0_1_7_8_10_17	p11_0_5_8_11_12_14	results/smoke_SG18_1_20260129T115419Z	results/smoke_SG18_1_20260129T115419Z/best_codes/SmallGroup_18_1__AAp12_0_1_7_8_10_17_BBp11_0_5_8_11_12_14_k12_d32	best_codes/collected/SmallGroup_18_1__AAp12_0_1_7_8_10_17_BBp11_0_5_8_11_12_14_k12_d32
SmallGroup_18_1__AAp6_0_1_10_10_11_15_BBp11_0_1_2_4_11_14_k12_d28	SmallGroup_18_1_	648	12	28	100000	dist-m4ri	p6_0_1_10_10_11_15	p11_0_1_2_4_11_14	results/smoke_SG18_1_20260129T115419Z	results/smoke_SG18_1_20260129T115419Z/best_codes/SmallGroup_18_1__AAp6_0_1_10_10_11_15_BBp11_0_1_2_4_11_14_k12_d28	best_codes/collected/SmallGroup_18_1__AAp6_0_1_10_10_11_15_BBp11_0_1_2_4_11_14_k12_d28
SmallGroup_18_1__AAp12_0_1_7_8_10_17_BBp11_0_4_8_11_12_15_k12_d25	SmallGroup_18_1_	648	12	25	100000	dist-m4ri	p12_0_1_7_8_10_17	p11_0_4_8_11_12_15	results/smoke_SG18_1_20260129T115419Z	results/smoke_SG18_1_20260129T115419Z/best_codes/SmallGroup_18_1__AAp12_0_1_7_8_10_17_BBp11_0_4_8_11_12_15_k12_d25	best_codes/collected/SmallGroup_18_1__AAp12_0_1_7_8_10_17_BBp11_0_4_8_11_12_15_k12_d25
SmallGroup_18_1__AAp11_0_1_8_9_12_16_BBp0_0_1_2_2_13_16_k12_d21	SmallGroup_18_1_	648	12	21	100000	dist-m4ri	p11_0_1_8_9_12_16	p0_0_1_2_2_13_16	results/smoke_SG18_1_20260129T115419Z	results/smoke_SG18_1_20260129T115419Z/best_codes/SmallGroup_18_1__AAp11_0_1_8_9_12_16_BBp0_0_1_2_2_13_16_k12_d21	best_codes/collected/SmallGroup_18_1__AAp11_0_1_8_9_12_16_BBp0_0_1_2_2_13_16_k12_d21
SmallGroup_18_1__AAp0_0_1_5_14_15_17_BBp11_0_1_8_9_12_16_k12_d18	SmallGroup_18_1_	648	12	18	100000	dist-m4ri	p0_0_1_5_14_15_17	p11_0_1_8_9_12_16	results/smoke_SG18_1_20260129T115419Z	results/smoke_SG18_1_20260129T115419Z/best_codes/SmallGroup_18_1__AAp0_0_1_5_14_15_17_BBp11_0_1_8_9_12_16_k12_d18	best_codes/collected/SmallGroup_18_1__AAp0_0_1_5_14_15_17_BBp11_0_1_8_9_12_16_k12_d18
SmallGroup_18_1__AAp11_0_2_3_4_11_13_BBp8_0_2_4_4_11_17_k14_d50	SmallGroup_18_1_	648	14	50	100000	dist-m4ri	p11_0_2_3_4_11_13	p8_0_2_4_4_11_17	results/smoke_SG18_1_20260129T115419Z	results/smoke_SG18_1_20260129T115419Z/best_codes/SmallGroup_18_1__AAp11_0_2_3_4_11_13_BBp8_0_2_4_4_11_17_k14_d50	best_codes/collected/SmallGroup_18_1__AAp11_0_2_3_4_11_13_BBp8_0_2_4_4_11_17_k14_d50
SmallGroup_18_1__AAp11_0_2_3_5_7_8_BBp11_0_4_8_11_12_15_k14_d49	SmallGroup_18_1_	648	14	49	50000	dist-m4ri	p11_0_2_3_5_7_8	p11_0_4_8_11_12_15	results/smoke_SG18_1_20260129T115419Z	results/smoke_SG18_1_20260129T115419Z/best_codes/SmallGroup_18_1__AAp11_0_2_3_5_7_8_BBp11_0_4_8_11_12_15_k14_d49	best_codes/collected/SmallGroup_18_1__AAp11_0_2_3_5_7_8_BBp11_0_4_8_11_12_15_k14_d49
SmallGroup_18_1__AAp6_0_2_3_6_13_17_BBp12_0_1_6_7_10_16_k14_d49	SmallGroup_18_1_	648	14	49	50000	dist-m4ri	p6_0_2_3_6_13_17	p12_0_1_6_7_10_16	results/smoke_SG18_1_20260129T115419Z	results/smoke_SG18_1_20260129T115419Z/best_codes/SmallGroup_18_1__AAp6_0_2_3_6_13_17_BBp12_0_1_6_7_10_16_k14_d49	best_codes/collected/SmallGroup_18_1__AAp6_0_2_3_6_13_17_BBp12_0_1_6_7_10_16_k14_d49
SmallGroup_18_1__AAp27_0_1_4_4_11_15_BBp11_0_2_3_8_13_14_k14_d48	SmallGroup_18_1_	648	14	48	50000	dist-m4ri	p27_0_1_4_4_11_15	p11_0_2_3_8_13_14	results/smoke_SG18_1_20260129T115419Z	results/smoke_SG18_1_20260129T115419Z/best_codes/SmallGroup_18_1__AAp27_0_1_4_4_11_15_BBp11_0_2_3_8_13_14_k14_d48	best_codes/collected/SmallGroup_18_1__AAp27_0_1_4_4_11_15_BBp11_0_2_3_8_13_14_k14_d48
SmallGroup_18_1__AAp11_0_2_3_5_7_8_BBp8_0_2_4_4_11_17_k14_d47	SmallGroup_18_1_	648	14	47	50000	dist-m4ri	p11_0_2_3_5_7_8	p8_0_2_4_4_11_17	results/smoke_SG18_1_20260129T115419Z	results/smoke_SG18_1_20260129T115419Z/best_codes/SmallGroup_18_1__AAp11_0_2_3_5_7_8_BBp8_0_2_4_4_11_17_k14_d47	best_codes/collected/SmallGroup_18_1__AAp11_0_2_3_5_7_8_BBp8_0_2_4_4_11_17_k14_d47
SmallGroup_18_1__AAp11_0_3_5_6_14_16_BBp8_0_2_4_4_11_17_k14_d47	SmallGroup_18_1_	648	14	47	50000	dist-m4ri	p11_0_3_5_6_14_16	p8_0_2_4_4_11_17	results/smoke_SG18_1_20260129T115419Z	results/smoke_SG18_1_20260129T115419Z/best_codes/SmallGroup_18_1__AAp11_0_3_5_6_14_16_BBp8_0_2_4_4_11_17_k14_d47	best_codes/collected/SmallGroup_18_1__AAp11_0_3_5_6_14_16_BBp8_0_2_4_4_11_17_k14_d47
SmallGroup_18_1__AAp12_0_6_8_11_14_16_BBp11_0_4_8_11_12_15_k14_d47	SmallGroup_18_1_	648	14	47	50000	dist-m4ri	p12_0_6_8_11_14_16	p11_0_4_8_11_12_15	results/smoke_SG18_1_20260129T115419Z	results/smoke_SG18_1_20260129T115419Z/best_codes/SmallGroup_18_1__AAp12_0_6_8_11_14_16_BBp11_0_4_8_11_12_15_k14_d47	best_codes/collected/SmallGroup_18_1__AAp12_0_6_8_11_14_16_BBp11_0_4_8_11_12_15_k14_d47
SmallGroup_18_1__AAp27_0_1_5_5_14_17_BBp8_0_2_4_4_11_17_k14_d47	SmallGroup_18_1_	648	14	47	50000	dist-m4ri	p27_0_1_5_5_14_17	p8_0_2_4_4_11_17	results/smoke_SG18_1_20260129T115419Z	results/smoke_SG18_1_20260129T115419Z/best_codes/SmallGroup_18_1__AAp27_0_1_5_5_14_17_BBp8_0_2_4_4_11_17_k14_d47	best_codes/collected/SmallGroup_18_1__AAp27_0_1_5_5_14_17_BBp8_0_2_4_4_11_17_k14_d47
SmallGroup_18_1__AAp11_0_1_8_9_12_16_BBp8_0_2_4_4_11_17_k14_d40	SmallGroup_18_1_	648	14	40	100000	dist-m4ri	p11_0_1_8_9_12_16	p8_0_2_4_4_11_17	results/smoke_SG18_1_20260129T115419Z	results/smoke_SG18_1_20260129T115419Z/best_codes/SmallGroup_18_1__AAp11_0_1_8_9_12_16_BBp8_0_2_4_4_11_17_k14_d40	best_codes/collected/SmallGroup_18_1__AAp11_0_1_8_9_12_16_BBp8_0_2_4_4_11_17_k14_d40
SmallGroup_18_1__AAp27_0_1_3_3_6_16_BBp0_0_1_2_2_13_16_k14_d22	SmallGroup_18_1_	648	14	22	100000	dist-m4ri	p27_0_1_3_3_6_16	p0_0_1_2_2_13_16	results/smoke_SG18_1_20260129T115419Z	results/smoke_SG18_1_20260129T115419Z/best_codes/SmallGroup_18_1__AAp27_0_1_3_3_6_16_BBp0_0_1_2_2_13_16_k14_d22	best_codes/collected/SmallGroup_18_1__AAp27_0_1_3_3_6_16_BBp0_0_1_2_2_13_16_k14_d22
SmallGroup_18_1__AAp0_0_1_5_14_15_17_BBp27_0_1_3_3_6_16_k14_d18	SmallGroup_18_1_	648	14	18	100000	dist-m4ri	p0_0_1_5_14_15_17	p27_0_1_3_3_6_16	results/smoke_SG18_1_20260129T115419Z	results/smoke_SG18_1_20260129T115419Z/best_codes/SmallGroup_18_1__AAp0_0_1_5_14_15_17_BBp27_0_1_3_3_6_16_k14_d18	best_codes/collected/SmallGroup_18_1__AAp0_0_1_5_14_15_17_BBp27_0_1_3_3_6_16_k14_d18
SmallGroup_18_1__AAp0_0_1_5_14_15_17_BBp11_0_1_4_7_11_14_k14_d12	SmallGroup_18_1_	648	14	12	100000	dist-m4ri	p0_0_1_5_14_15_17	p11_0_1_4_7_11_14	results/smoke_SG18_1_20260129T115419Z	results/smoke_SG18_1_20260129T115419Z/best_codes/SmallGroup_18_1__AAp0_0_1_5_14_15_17_BBp11_0_1_4_7_11_14_k14_d12	best_codes/collected/SmallGroup_18_1__AAp0_0_1_5_14_15_17_BBp11_0_1_4_7_11_14_k14_d12
SmallGroup_18_1__AAp11_0_2_3_10_13_17_BBp8_0_2_4_4_11_17_k16_d40	SmallGroup_18_1_	648	16	40	100000	dist-m4ri	p11_0_2_3_10_13_17	p8_0_2_4_4_11_17	results/smoke_SG18_1_20260129T115419Z	results/smoke_SG18_1_20260129T115419Z/best_codes/SmallGroup_18_1__AAp11_0_2_3_10_13_17_BBp8_0_2_4_4_11_17_k16_d40	best_codes/collected/SmallGroup_18_1__AAp11_0_2_3_10_13_17_BBp8_0_2_4_4_11_17_k16_d40
SmallGroup_18_1__AAp11_0_1_2_4_11_14_BBp8_0_2_4_4_11_17_k16_d29	SmallGroup_18_1_	648	16	29	100000	dist-m4ri	p11_0_1_2_4_11_14	p8_0_2_4_4_11_17	results/smoke_SG18_1_20260129T115419Z	results/smoke_SG18_1_20260129T115419Z/best_codes/SmallGroup_18_1__AAp11_0_1_2_4_11_14_BBp8_0_2_4_4_11_17_k16_d29	best_codes/collected/SmallGroup_18_1__AAp11_0_1_2_4_11_14_BBp8_0_2_4_4_11_17_k16_d29
SmallGroup_18_1__AAp11_0_1_2_4_11_14_BBp0_0_1_2_2_13_16_k16_d22	SmallGroup_18_1_	648	16	22	100000	dist-m4ri	p11_0_1_2_4_11_14	p0_0_1_2_2_13_16	results/smoke_SG18_1_20260129T115419Z	results/smoke_SG18_1_20260129T115419Z/best_codes/SmallGroup_18_1__AAp11_0_1_2_4_11_14_BBp0_0_1_2_2_13_16_k16_d22	best_codes/collected/SmallGroup_18_1__AAp11_0_1_2_4_11_14_BBp0_0_1_2_2_13_16_k16_d22
SmallGroup_18_1__AAp0_0_1_5_14_15_17_BBp11_0_1_2_4_11_14_k16_d16	SmallGroup_18_1_	648	16	16	100000	dist-m4ri	p0_0_1_5_14_15_17	p11_0_1_2_4_11_14	results/smoke_SG18_1_20260129T115419Z	results/smoke_SG18_1_20260129T115419Z/best_codes/SmallGroup_18_1__AAp0_0_1_5_14_15_17_BBp11_0_1_2_4_11_14_k16_d16	best_codes/collected/SmallGroup_18_1__AAp0_0_1_5_14_15_17_BBp11_0_1_2_4_11_14_k16_d16
SmallGroup_18_1__AAp6_0_2_3_7_12_14_BBp8_0_2_4_4_11_17_k18_d38	SmallGroup_18_1_	648	18	38	100000	dist-m4ri	p6_0_2_3_7_12_14	p8_0_2_4_4_11_17	results/smoke_SG18_1_20260129T115419Z	results/smoke_SG18_1_20260129T115419Z/best_codes/SmallGroup_18_1__AAp6_0_2_3_7_12_14_BBp8_0_2_4_4_11_17_k18_d38	best_codes/collected/SmallGroup_18_1__AAp6_0_2_3_7_12_14_BBp8_0_2_4_4_11_17_k18_d38
SmallGroup_18_1__AAp6_0_6_8_10_12_12_BBp8_0_2_4_4_11_17_k18_d38	SmallGroup_18_1_	648	18	38	62000	dist-m4ri	p6_0_6_8_10_12_12	p8_0_2_4_4_11_17	results/smoke_SG18_1_20260129T115419Z	results/smoke_SG18_1_20260129T115419Z/best_codes/SmallGroup_18_1__AAp6_0_6_8_10_12_12_BBp8_0_2_4_4_11_17_k18_d38	best_codes/collected/SmallGroup_18_1__AAp6_0_6_8_10_12_12_BBp8_0_2_4_4_11_17_k18_d38
SmallGroup_18_1__AAp11_0_3_5_6_14_16_BBp0_0_0_1_1_3_8_k18_d36	SmallGroup_18_1_	648	18	36	50000	dist-m4ri	p11_0_3_5_6_14_16	p0_0_0_1_1_3_8	results/smoke_SG18_1_20260129T115419Z	results/smoke_SG18_1_20260129T115419Z/best_codes/SmallGroup_18_1__AAp11_0_3_5_6_14_16_BBp0_0_0_1_1_3_8_k18_d36	best_codes/collected/SmallGroup_18_1__AAp11_0_3_5_6_14_16_BBp0_0_0_1_1_3_8_k18_d36
SmallGroup_18_1__AAp6_0_2_3_6_13_17_BBp8_0_2_4_4_11_17_k18_d34	SmallGroup_18_1_	648	18	34	100000	dist-m4ri	p6_0_2_3_6_13_17	p8_0_2_4_4_11_17	results/smoke_SG18_1_20260129T115419Z	results/smoke_SG18_1_20260129T115419Z/best_codes/SmallGroup_18_1__AAp6_0_2_3_6_13_17_BBp8_0_2_4_4_11_17_k18_d34	best_codes/collected/SmallGroup_18_1__AAp6_0_2_3_6_13_17_BBp8_0_2_4_4_11_17_k18_d34
SmallGroup_18_1__AAp6_0_1_10_10_11_15_BBp8_0_2_4_4_11_17_k18_d24	SmallGroup_18_1_	648	18	24	100000	dist-m4ri	p6_0_1_10_10_11_15	p8_0_2_4_4_11_17	results/smoke_SG18_1_20260129T115419Z	results/smoke_SG18_1_20260129T115419Z/best_codes/SmallGroup_18_1__AAp6_0_1_10_10_11_15_BBp8_0_2_4_4_11_17_k18_d24	best_codes/collected/SmallGroup_18_1__AAp6_0_1_10_10_11_15_BBp8_0_2_4_4_11_17_k18_d24
SmallGroup_18_1__AAp12_0_1_7_8_10_17_BBp0_0_1_2_2_13_16_k18_d16	SmallGroup_18_1_	648	18	16	100000	dist-m4ri	p12_0_1_7_8_10_17	p0_0_1_2_2_13_16	results/smoke_SG18_1_20260129T115419Z	results/smoke_SG18_1_20260129T115419Z/best_codes/SmallGroup_18_1__AAp12_0_1_7_8_10_17_BBp0_0_1_2_2_13_16_k18_d16	best_codes/collected/SmallGroup_18_1__AAp12_0_1_7_8_10_17_BBp0_0_1_2_2_13_16_k18_d16
SmallGroup_18_1__AAp0_0_1_5_14_15_17_BBp11_0_4_8_11_12_15_k18_d15	SmallGroup_18_1_	648	18	15	100000	dist-m4ri	p0_0_1_5_14_15_17	p11_0_4_8_11_12_15	results/smoke_SG18_1_20260129T115419Z	results/smoke_SG18_1_20260129T115419Z/best_codes/SmallGroup_18_1__AAp0_0_1_5_14_15_17_BBp11_0_4_8_11_12_15_k18_d15	best_codes/collected/SmallGroup_18_1__AAp0_0_1_5_14_15_17_BBp11_0_4_8_11_12_15_k18_d15
SmallGroup_18_1__AAp11_0_2_3_10_13_17_BBp11_0_2_3_8_13_14_k20_d31	SmallGroup_18_1_	648	20	31	100000	dist-m4ri	p11_0_2_3_10_13_17	p11_0_2_3_8_13_14	results/smoke_SG18_1_20260129T115419Z	results/smoke_SG18_1_20260129T115419Z/best_codes/SmallGroup_18_1__AAp11_0_2_3_10_13_17_BBp11_0_2_3_8_13_14_k20_d31	best_codes/collected/SmallGroup_18_1__AAp11_0_2_3_10_13_17_BBp11_0_2_3_8_13_14_k20_d31
SmallGroup_18_1__AAp8_0_3_6_6_8_12_BBp11_0_4_8_11_12_15_k20_d20	SmallGroup_18_1_	648	20	20	100000	dist-m4ri	p8_0_3_6_6_8_12	p11_0_4_8_11_12_15	results/smoke_SG18_1_20260129T115419Z	results/smoke_SG18_1_20260129T115419Z/best_codes/SmallGroup_18_1__AAp8_0_3_6_6_8_12_BBp11_0_4_8_11_12_15_k20_d20	best_codes/collected/SmallGroup_18_1__AAp8_0_3_6_6_8_12_BBp11_0_4_8_11_12_15_k20_d20
SmallGroup_18_1__AAp22_0_6_8_8_14_16_BBp8_0_2_4_4_11_17_k20_d18	SmallGroup_18_1_	648	20	18	100000	dist-m4ri	p22_0_6_8_8_14_16	p8_0_2_4_4_11_17	results/smoke_SG18_1_20260129T115419Z	results/smoke_SG18_1_20260129T115419Z/best_codes/SmallGroup_18_1__AAp22_0_6_8_8_14_16_BBp8_0_2_4_4_11_17_k20_d18	best_codes/collected/SmallGroup_18_1__AAp22_0_6_8_8_14_16_BBp8_0_2_4_4_11_17_k20_d18
SmallGroup_18_1__AAp12_0_1_7_8_10_17_BBp8_0_2_12_12_15_17_k20_d16	SmallGroup_18_1_	648	20	16	100000	dist-m4ri	p12_0_1_7_8_10_17	p8_0_2_12_12_15_17	results/smoke_SG18_1_20260129T115419Z	results/smoke_SG18_1_20260129T115419Z/best_codes/SmallGroup_18_1__AAp12_0_1_7_8_10_17_BBp8_0_2_12_12_15_17_k20_d16	best_codes/collected/SmallGroup_18_1__AAp12_0_1_7_8_10_17_BBp8_0_2_12_12_15_17_k20_d16
SmallGroup_18_1__AAp0_0_2_4_4_12_16_BBp11_0_1_2_4_11_14_k20_d14	SmallGroup_18_1_	648	20	14	100000	dist-m4ri	p0_0_2_4_4_12_16	p11_0_1_2_4_11_14	results/smoke_SG18_1_20260129T115419Z	results/smoke_SG18_1_20260129T115419Z/best_codes/SmallGroup_18_1__AAp0_0_2_4_4_12_16_BBp11_0_1_2_4_11_14_k20_d14	best_codes/collected/SmallGroup_18_1__AAp0_0_2_4_4_12_16_BBp11_0_1_2_4_11_14_k20_d14
SmallGroup_18_1__AAp8_0_3_6_6_8_12_BBp6_0_1_4_9_10_14_k22_d20	SmallGroup_18_1_	648	22	20	100000	dist-m4ri	p8_0_3_6_6_8_12	p6_0_1_4_9_10_14	results/smoke_SG18_1_20260129T115419Z	results/smoke_SG18_1_20260129T115419Z/best_codes/SmallGroup_18_1__AAp8_0_3_6_6_8_12_BBp6_0_1_4_9_10_14_k22_d20	best_codes/collected/SmallGroup_18_1__AAp8_0_3_6_6_8_12_BBp6_0_1_4_9_10_14_k22_d20
SmallGroup_18_1__AAp0_0_1_5_14_15_17_BBp8_0_2_4_4_11_17_k22_d18	SmallGroup_18_1_	648	22	18	100000	dist-m4ri	p0_0_1_5_14_15_17	p8_0_2_4_4_11_17	results/smoke_SG18_1_20260129T115419Z	results/smoke_SG18_1_20260129T115419Z/best_codes/SmallGroup_18_1__AAp0_0_1_5_14_15_17_BBp8_0_2_4_4_11_17_k22_d18	best_codes/collected/SmallGroup_18_1__AAp0_0_1_5_14_15_17_BBp8_0_2_4_4_11_17_k22_d18
SmallGroup_18_1__AAp8_0_3_6_6_8_12_BBp3_0_3_5_6_7_17_k24_d18	SmallGroup_18_1_	648	24	18	100000	dist-m4ri	p8_0_3_6_6_8_12	p3_0_3_5_6_7_17	results/smoke_SG18_1_20260129T115419Z	results/smoke_SG18_1_20260129T115419Z/best_codes/SmallGroup_18_1__AAp8_0_3_6_6_8_12_BBp3_0_3_5_6_7_17_k24_d18	best_codes/collected/SmallGroup_18_1__AAp8_0_3_6_6_8_12_BBp3_0_3_5_6_7_17_k24_d18
SmallGroup_18_1__AAp22_0_6_8_8_14_16_BBp8_0_2_12_12_15_17_k24_d16	SmallGroup_18_1_	648	24	16	100000	dist-m4ri	p22_0_6_8_8_14_16	p8_0_2_12_12_15_17	results/smoke_SG18_1_20260129T115419Z	results/smoke_SG18_1_20260129T115419Z/best_codes/SmallGroup_18_1__AAp22_0_6_8_8_14_16_BBp8_0_2_12_12_15_17_k24_d16	best_codes/collected/SmallGroup_18_1__AAp22_0_6_8_8_14_16_BBp8_0_2_12_12_15_17_k24_d16
SmallGroup_18_1__AAp22_0_6_8_8_14_16_BBp2_0_3_4_7_8_16_k24_d14	SmallGroup_18_1_	648	24	14	100000	dist-m4ri	p22_0_6_8_8_14_16	p2_0_3_4_7_8_16	results/smoke_SG18_1_20260129T115419Z	results/smoke_SG18_1_20260129T115419Z/best_codes/SmallGroup_18_1__AAp22_0_6_8_8_14_16_BBp2_0_3_4_7_8_16_k24_d14	best_codes/collected/SmallGroup_18_1__AAp22_0_6_8_8_14_16_BBp2_0_3_4_7_8_16_k24_d14
SmallGroup_18_1__AAp8_0_3_6_6_8_12_BBp11_0_2_3_8_13_14_k26_d20	SmallGroup_18_1_	648	26	20	100000	dist-m4ri	p8_0_3_6_6_8_12	p11_0_2_3_8_13_14	results/smoke_SG18_1_20260129T115419Z	results/smoke_SG18_1_20260129T115419Z/best_codes/SmallGroup_18_1__AAp8_0_3_6_6_8_12_BBp11_0_2_3_8_13_14_k26_d20	best_codes/collected/SmallGroup_18_1__AAp8_0_3_6_6_8_12_BBp11_0_2_3_8_13_14_k26_d20
SmallGroup_18_1__AAp8_0_3_6_6_8_12_BBp0_0_1_2_2_13_16_k26_d15	SmallGroup_18_1_	648	26	15	100000	dist-m4ri	p8_0_3_6_6_8_12	p0_0_1_2_2_13_16	results/smoke_SG18_1_20260129T115419Z	results/smoke_SG18_1_20260129T115419Z/best_codes/SmallGroup_18_1__AAp8_0_3_6_6_8_12_BBp0_0_1_2_2_13_16_k26_d15	best_codes/collected/SmallGroup_18_1__AAp8_0_3_6_6_8_12_BBp0_0_1_2_2_13_16_k26_d15
SmallGroup_18_1__AAp0_0_1_5_14_15_17_BBp8_0_2_12_12_15_17_k26_d12	SmallGroup_18_1_	648	26	12	100000	dist-m4ri	p0_0_1_5_14_15_17	p8_0_2_12_12_15_17	results/smoke_SG18_1_20260129T115419Z	results/smoke_SG18_1_20260129T115419Z/best_codes/SmallGroup_18_1__AAp0_0_1_5_14_15_17_BBp8_0_2_12_12_15_17_k26_d12	best_codes/collected/SmallGroup_18_1__AAp0_0_1_5_14_15_17_BBp8_0_2_12_12_15_17_k26_d12
SmallGroup_18_1__AAp8_0_3_6_6_8_12_BBp8_0_2_4_4_11_17_k28_d20	SmallGroup_18_1_	648	28	20	100000	dist-m4ri	p8_0_3_6_6_8_12	p8_0_2_4_4_11_17	results/smoke_SG18_1_20260129T115419Z	results/smoke_SG18_1_20260129T115419Z/best_codes/SmallGroup_18_1__AAp8_0_3_6_6_8_12_BBp8_0_2_4_4_11_17_k28_d20	best_codes/collected/SmallGroup_18_1__AAp8_0_3_6_6_8_12_BBp8_0_2_4_4_11_17_k28_d20
SmallGroup_18_1__AAp0_0_1_5_14_15_17_BBp2_0_3_4_7_8_16_k28_d11	SmallGroup_18_1_	648	28	11	100000	dist-m4ri	p0_0_1_5_14_15_17	p2_0_3_4_7_8_16	results/smoke_SG18_1_20260129T115419Z	results/smoke_SG18_1_20260129T115419Z/best_codes/SmallGroup_18_1__AAp0_0_1_5_14_15_17_BBp2_0_3_4_7_8_16_k28_d11	best_codes/collected/SmallGroup_18_1__AAp0_0_1_5_14_15_17_BBp2_0_3_4_7_8_16_k28_d11
SmallGroup_18_1__AAp8_0_3_6_6_8_12_BBp2_0_2_6_6_10_12_k30_d18	SmallGroup_18_1_	648	30	18	100000	dist-m4ri	p8_0_3_6_6_8_12	p2_0_2_6_6_10_12	results/smoke_SG18_1_20260129T115419Z	results/smoke_SG18_1_20260129T115419Z/best_codes/SmallGroup_18_1__AAp8_0_3_6_6_8_12_BBp2_0_2_6_6_10_12_k30_d18	best_codes/collected/SmallGroup_18_1__AAp8_0_3_6_6_8_12_BBp2_0_2_6_6_10_12_k30_d18
SmallGroup_18_1__AAp29_0_5_8_8_10_11_BBp8_0_2_12_12_15_17_k30_d16	SmallGroup_18_1_	648	30	16	100000	dist-m4ri	p29_0_5_8_8_10_11	p8_0_2_12_12_15_17	results/smoke_SG18_1_20260129T115419Z	results/smoke_SG18_1_20260129T115419Z/best_codes/SmallGroup_18_1__AAp29_0_5_8_8_10_11_BBp8_0_2_12_12_15_17_k30_d16	best_codes/collected/SmallGroup_18_1__AAp29_0_5_8_8_10_11_BBp8_0_2_12_12_15_17_k30_d16
SmallGroup_18_1__AAp8_0_3_6_6_8_12_BBp0_0_4_5_10_11_17_k30_d15	SmallGroup_18_1_	648	30	15	100000	dist-m4ri	p8_0_3_6_6_8_12	p0_0_4_5_10_11_17	results/smoke_SG18_1_20260129T115419Z	results/smoke_SG18_1_20260129T115419Z/best_codes/SmallGroup_18_1__AAp8_0_3_6_6_8_12_BBp0_0_4_5_10_11_17_k30_d15	best_codes/collected/SmallGroup_18_1__AAp8_0_3_6_6_8_12_BBp0_0_4_5_10_11_17_k30_d15
SmallGroup_18_1__AAp0_0_2_4_4_12_16_BBp29_0_6_8_8_9_12_k30_d9	SmallGroup_18_1_	648	30	9	100000	dist-m4ri	p0_0_2_4_4_12_16	p29_0_6_8_8_9_12	results/smoke_SG18_1_20260129T115419Z	results/smoke_SG18_1_20260129T115419Z/best_codes/SmallGroup_18_1__AAp0_0_2_4_4_12_16_BBp29_0_6_8_8_9_12_k30_d9	best_codes/collected/SmallGroup_18_1__AAp0_0_2_4_4_12_16_BBp29_0_6_8_8_9_12_k30_d9
SmallGroup_18_1__AAp0_0_2_4_4_12_16_BBp8_0_2_4_4_11_17_k32_d14	SmallGroup_18_1_	648	32	14	100000	dist-m4ri	p0_0_2_4_4_12_16	p8_0_2_4_4_11_17	results/smoke_SG18_1_20260129T115419Z	results/smoke_SG18_1_20260129T115419Z/best_codes/SmallGroup_18_1__AAp0_0_2_4_4_12_16_BBp8_0_2_4_4_11_17_k32_d14	best_codes/collected/SmallGroup_18_1__AAp0_0_2_4_4_12_16_BBp8_0_2_4_4_11_17_k32_d14
SmallGroup_18_1__AAp0_0_2_4_4_12_16_BBp2_0_3_4_7_8_16_k32_d9	SmallGroup_18_1_	648	32	9	100000	dist-m4ri	p0_0_2_4_4_12_16	p2_0_3_4_7_8_16	results/smoke_SG18_1_20260129T115419Z	results/smoke_SG18_1_20260129T115419Z/best_codes/SmallGroup_18_1__AAp0_0_2_4_4_12_16_BBp2_0_3_4_7_8_16_k32_d9	best_codes/collected/SmallGroup_18_1__AAp0_0_2_4_4_12_16_BBp2_0_3_4_7_8_16_k32_d9
SmallGroup_18_1__AAp6_0_1_10_10_11_15_BBp0_0_2_3_6_7_12_k34_d12	SmallGroup_18_1_	648	34	12	100000	dist-m4ri	p6_0_1_10_10_11_15	p0_0_2_3_6_7_12	results/smoke_SG18_1_20260129T115419Z	results/smoke_SG18_1_20260129T115419Z/best_codes/SmallGroup_18_1__AAp6_0_1_10_10_11_15_BBp0_0_2_3_6_7_12_k34_d12	best_codes/collected/SmallGroup_18_1__AAp6_0_1_10_10_11_15_BBp0_0_2_3_6_7_12_k34_d12
SmallGroup_18_1__AAp0_0_1_5_14_15_17_BBp0_0_1_2_2_13_16_k34_d9	SmallGroup_18_1_	648	34	9	100000	dist-m4ri	p0_0_1_5_14_15_17	p0_0_1_2_2_13_16	results/smoke_SG18_1_20260129T115419Z	results/smoke_SG18_1_20260129T115419Z/best_codes/SmallGroup_18_1__AAp0_0_1_5_14_15_17_BBp0_0_1_2_2_13_16_k34_d9	best_codes/collected/SmallGroup_18_1__AAp0_0_1_5_14_15_17_BBp0_0_1_2_2_13_16_k34_d9
SmallGroup_18_1__AAp8_0_3_6_6_8_12_BBp8_0_2_12_12_15_17_k36_d16	SmallGroup_18_1_	648	36	16	100000	dist-m4ri	p8_0_3_6_6_8_12	p8_0_2_12_12_15_17	results/smoke_SG18_1_20260129T115419Z	results/smoke_SG18_1_20260129T115419Z/best_codes/SmallGroup_18_1__AAp8_0_3_6_6_8_12_BBp8_0_2_12_12_15_17_k36_d16	best_codes/collected/SmallGroup_18_1__AAp8_0_3_6_6_8_12_BBp8_0_2_12_12_15_17_k36_d16
SmallGroup_18_1__AAp0_0_2_4_4_12_16_BBp7_0_1_5_8_11_15_k38_d12	SmallGroup_18_1_	648	38	12	100000	dist-m4ri	p0_0_2_4_4_12_16	p7_0_1_5_8_11_15	results/smoke_SG18_1_20260129T115419Z	results/smoke_SG18_1_20260129T115419Z/best_codes/SmallGroup_18_1__AAp0_0_2_4_4_12_16_BBp7_0_1_5_8_11_15_k38_d12	best_codes/collected/SmallGroup_18_1__AAp0_0_2_4_4_12_16_BBp7_0_1_5_8_11_15_k38_d12
SmallGroup_18_1__AAp0_0_2_4_4_12_16_BBp0_0_1_2_2_13_16_k38_d9	SmallGroup_18_1_	648	38	9	100000	dist-m4ri	p0_0_2_4_4_12_16	p0_0_1_2_2_13_16	results/smoke_SG18_1_20260129T115419Z	results/smoke_SG18_1_20260129T115419Z/best_codes/SmallGroup_18_1__AAp0_0_2_4_4_12_16_BBp0_0_1_2_2_13_16_k38_d9	best_codes/collected/SmallGroup_18_1__AAp0_0_2_4_4_12_16_BBp0_0_1_2_2_13_16_k38_d9
SmallGroup_18_1__AAp0_0_2_4_4_12_16_BBp8_0_1_6_6_8_15_k40_d14	SmallGroup_18_1_	648	40	14	100000	dist-m4ri	p0_0_2_4_4_12_16	p8_0_1_6_6_8_15	results/smoke_SG18_1_20260129T115419Z	results/smoke_SG18_1_20260129T115419Z/best_codes/SmallGroup_18_1__AAp0_0_2_4_4_12_16_BBp8_0_1_6_6_8_15_k40_d14	best_codes/collected/SmallGroup_18_1__AAp0_0_2_4_4_12_16_BBp8_0_1_6_6_8_15_k40_d14
SmallGroup_18_1__AAp0_0_2_4_4_12_16_BBp8_0_2_12_12_15_17_k40_d12	SmallGroup_18_1_	648	40	12	100000	dist-m4ri	p0_0_2_4_4_12_16	p8_0_2_12_12_15_17	results/smoke_SG18_1_20260129T115419Z	results/smoke_SG18_1_20260129T115419Z/best_codes/SmallGroup_18_1__AAp0_0_2_4_4_12_16_BBp8_0_2_12_12_15_17_k40_d12	best_codes/collected/SmallGroup_18_1__AAp0_0_2_4_4_12_16_BBp8_0_2_12_12_15_17_k40_d12
SmallGroup_18_1__AAp29_0_5_8_8_10_11_BBp0_0_2_3_6_7_12_k42_d12	SmallGroup_18_1_	648	42	12	100000	dist-m4ri	p29_0_5_8_8_10_11	p0_0_2_3_6_7_12	results/smoke_SG18_1_20260129T115419Z	results/smoke_SG18_1_20260129T115419Z/best_codes/SmallGroup_18_1__AAp29_0_5_8_8_10_11_BBp0_0_2_3_6_7_12_k42_d12	best_codes/collected/SmallGroup_18_1__AAp29_0_5_8_8_10_11_BBp0_0_2_3_6_7_12_k42_d12
SmallGroup_18_1__AAp0_0_2_4_4_12_16_BBp0_0_4_5_10_11_17_k42_d9	SmallGroup_18_1_	648	42	9	100000	dist-m4ri	p0_0_2_4_4_12_16	p0_0_4_5_10_11_17	results/smoke_SG18_1_20260129T115419Z	results/smoke_SG18_1_20260129T115419Z/best_codes/SmallGroup_18_1__AAp0_0_2_4_4_12_16_BBp0_0_4_5_10_11_17_k42_d9	best_codes/collected/SmallGroup_18_1__AAp0_0_2_4_4_12_16_BBp0_0_4_5_10_11_17_k42_d9
SmallGroup_18_1__AAp8_0_3_6_6_8_12_BBp0_0_2_3_6_7_12_k44_d12	SmallGroup_18_1_	648	44	12	100000	dist-m4ri	p8_0_3_6_6_8_12	p0_0_2_3_6_7_12	results/smoke_SG18_1_20260129T115419Z	results/smoke_SG18_1_20260129T115419Z/best_codes/SmallGroup_18_1__AAp8_0_3_6_6_8_12_BBp0_0_2_3_6_7_12_k44_d12	best_codes/collected/SmallGroup_18_1__AAp8_0_3_6_6_8_12_BBp0_0_2_3_6_7_12_k44_d12
SmallGroup_18_1__AAp0_0_1_5_14_15_17_BBp0_0_2_3_6_7_12_k46_d9	SmallGroup_18_1_	648	46	9	100000	dist-m4ri	p0_0_1_5_14_15_17	p0_0_2_3_6_7_12	results/smoke_SG18_1_20260129T115419Z	results/smoke_SG18_1_20260129T115419Z/best_codes/SmallGroup_18_1__AAp0_0_1_5_14_15_17_BBp0_0_2_3_6_7_12_k46_d9	best_codes/collected/SmallGroup_18_1__AAp0_0_1_5_14_15_17_BBp0_0_2_3_6_7_12_k46_d9
SmallGroup_18_1__AAp0_0_2_3_6_7_12_BBp2_0_3_6_9_14_17_k48_d9	SmallGroup_18_1_	648	48	9	100000	dist-m4ri	p0_0_2_3_6_7_12	p2_0_3_6_9_14_17	results/smoke_SG18_1_20260129T115419Z	results/smoke_SG18_1_20260129T115419Z/best_codes/SmallGroup_18_1__AAp0_0_2_3_6_7_12_BBp2_0_3_6_9_14_17_k48_d9	best_codes/collected/SmallGroup_18_1__AAp0_0_2_3_6_7_12_BBp2_0_3_6_9_14_17_k48_d9
SmallGroup_18_1__AAp0_0_1_2_3_7_13_BBp0_0_2_3_6_7_12_k50_d9	SmallGroup_18_1_	648	50	9	100000	dist-m4ri	p0_0_1_2_3_7_13	p0_0_2_3_6_7_12	results/smoke_SG18_1_20260129T115419Z	results/smoke_SG18_1_20260129T115419Z/best_codes/SmallGroup_18_1__AAp0_0_1_2_3_7_13_BBp0_0_2_3_6_7_12_k50_d9	best_codes/collected/SmallGroup_18_1__AAp0_0_1_2_3_7_13_BBp0_0_2_3_6_7_12_k50_d9
SmallGroup_18_1__AAp0_0_0_3_3_5_8_BBp0_0_4_5_10_11_17_k52_d9	SmallGroup_18_1_	648	52	9	100000	dist-m4ri	p0_0_0_3_3_5_8	p0_0_4_5_10_11_17	results/smoke_SG18_1_20260129T115419Z	results/smoke_SG18_1_20260129T115419Z/best_codes/SmallGroup_18_1__AAp0_0_0_3_3_5_8_BBp0_0_4_5_10_11_17_k52_d9	best_codes/collected/SmallGroup_18_1__AAp0_0_0_3_3_5_8_BBp0_0_4_5_10_11_17_k52_d9
SmallGroup_18_1__AAp29_0_1_5_5_8_11_BBp2_0_3_6_9_14_17_k52_d8	SmallGroup_18_1_	648	52	8	100000	dist-m4ri	p29_0_1_5_5_8_11	p2_0_3_6_9_14_17	results/smoke_SG18_1_20260129T115419Z	results/smoke_SG18_1_20260129T115419Z/best_codes/SmallGroup_18_1__AAp29_0_1_5_5_8_11_BBp2_0_3_6_9_14_17_k52_d8	best_codes/collected/SmallGroup_18_1__AAp29_0_1_5_5_8_11_BBp2_0_3_6_9_14_17_k52_d8
SmallGroup_18_1__AAp0_0_1_3_3_7_8_BBp0_0_2_3_6_7_12_k54_d9	SmallGroup_18_1_	648	54	9	100000	dist-m4ri	p0_0_1_3_3_7_8	p0_0_2_3_6_7_12	results/smoke_SG18_1_20260129T115419Z	results/smoke_SG18_1_20260129T115419Z/best_codes/SmallGroup_18_1__AAp0_0_1_3_3_7_8_BBp0_0_2_3_6_7_12_k54_d9	best_codes/collected/SmallGroup_18_1__AAp0_0_1_3_3_7_8_BBp0_0_2_3_6_7_12_k54_d9
SmallGroup_18_1__AAp0_0_2_4_4_12_16_BBp0_0_2_3_6_7_12_k56_d12	SmallGroup_18_1_	648	56	12	100000	dist-m4ri	p0_0_2_4_4_12_16	p0_0_2_3_6_7_12	results/smoke_SG18_1_20260129T115419Z	results/smoke_SG18_1_20260129T115419Z/best_codes/SmallGroup_18_1__AAp0_0_2_4_4_12_16_BBp0_0_2_3_6_7_12_k56_d12	best_codes/collected/SmallGroup_18_1__AAp0_0_2_4_4_12_16_BBp0_0_2_3_6_7_12_k56_d12
SmallGroup_18_1__AAp0_0_0_3_3_5_8_BBp0_0_2_3_6_7_12_k62_d8	SmallGroup_18_1_	648	62	8	100000	dist-m4ri	p0_0_0_3_3_5_8	p0_0_2_3_6_7_12	results/smoke_SG18_1_20260129T115419Z	results/smoke_SG18_1_20260129T115419Z/best_codes/SmallGroup_18_1__AAp0_0_0_3_3_5_8_BBp0_0_2_3_6_7_12_k62_d8	best_codes/collected/SmallGroup_18_1__AAp0_0_0_3_3_5_8_BBp0_0_2_3_6_7_12_k62_d8
SmallGroup_18_1__AAp29_0_1_5_5_8_11_BBp0_0_2_3_6_7_12_k64_d9	SmallGroup_18_1_	648	64	9	100000	dist-m4ri	p29_0_1_5_5_8_11	p0_0_2_3_6_7_12	results/smoke_SG18_1_20260129T115419Z	results/smoke_SG18_1_20260129T115419Z/best_codes/SmallGroup_18_1__AAp29_0_1_5_5_8_11_BBp0_0_2_3_6_7_12_k64_d9	best_codes/collected/SmallGroup_18_1__AAp29_0_1_5_5_8_11_BBp0_0_2_3_6_7_12_k64_d9
SmallGroup_18_1__AAp0_0_2_3_6_7_12_BBp0_0_2_3_12_13_16_k68_d8	SmallGroup_18_1_	648	68	8	100000	dist-m4ri	p0_0_2_3_6_7_12	p0_0_2_3_12_13_16	results/smoke_SG18_1_20260129T115419Z	results/smoke_SG18_1_20260129T115419Z/best_codes/SmallGroup_18_1__AAp0_0_2_3_6_7_12_BBp0_0_2_3_12_13_16_k68_d8	best_codes/collected/SmallGroup_18_1__AAp0_0_2_3_6_7_12_BBp0_0_2_3_12_13_16_k68_d8
SmallGroup_19_1__AAp11_0_0_0_0_0_9_BBp16_0_1_4_4_7_8_k2_d32	SmallGroup_19_1_	684	2	32	100000	dist-m4ri	p11_0_0_0_0_0_9	p16_0_1_4_4_7_8	results/smoke_SG19_1_20260129T115444Z	results/smoke_SG19_1_20260129T115444Z/best_codes/SmallGroup_19_1__AAp11_0_0_0_0_0_9_BBp16_0_1_4_4_7_8_k2_d32	best_codes/collected/SmallGroup_19_1__AAp11_0_0_0_0_0_9_BBp16_0_1_4_4_7_8_k2_d32
SmallGroup_19_1__AAp11_0_0_0_0_0_1_BBp16_0_3_7_7_11_14_k2_d30	SmallGroup_19_1_	684	2	30	100000	dist-m4ri	p11_0_0_0_0_0_1	p16_0_3_7_7_11_14	results/smoke_SG19_1_20260129T115444Z	results/smoke_SG19_1_20260129T115444Z/best_codes/SmallGroup_19_1__AAp11_0_0_0_0_0_1_BBp16_0_3_7_7_11_14_k2_d30	best_codes/collected/SmallGroup_19_1__AAp11_0_0_0_0_0_1_BBp16_0_3_7_7_11_14_k2_d30
SmallGroup_19_1__AAp11_0_0_0_0_0_10_BBp16_0_1_4_4_7_8_k2_d28	SmallGroup_19_1_	684	2	28	100000	dist-m4ri	p11_0_0_0_0_0_10	p16_0_1_4_4_7_8	results/smoke_SG19_1_20260129T115444Z	results/smoke_SG19_1_20260129T115444Z/best_codes/SmallGroup_19_1__AAp11_0_0_0_0_0_10_BBp16_0_1_4_4_7_8_k2_d28	best_codes/collected/SmallGroup_19_1__AAp11_0_0_0_0_0_10_BBp16_0_1_4_4_7_8_k2_d28
SmallGroup_19_1__AAp11_0_0_0_0_0_11_BBp27_0_0_2_7_12_12_k2_d26	SmallGroup_19_1_	684	2	26	100000	dist-m4ri	p11_0_0_0_0_0_11	p27_0_0_2_7_12_12	results/smoke_SG19_1_20260129T115444Z	results/smoke_SG19_1_20260129T115444Z/best_codes/SmallGroup_19_1__AAp11_0_0_0_0_0_11_BBp27_0_0_2_7_12_12_k2_d26	best_codes/collected/SmallGroup_19_1__AAp11_0_0_0_0_0_11_BBp27_0_0_2_7_12_12_k2_d26
SmallGroup_19_1__AAp11_0_0_0_0_0_1_BBp27_0_0_2_7_12_12_k2_d20	SmallGroup_19_1_	684	2	20	100000	dist-m4ri	p11_0_0_0_0_0_1	p27_0_0_2_7_12_12	results/smoke_SG19_1_20260129T115444Z	results/smoke_SG19_1_20260129T115444Z/best_codes/SmallGroup_19_1__AAp11_0_0_0_0_0_1_BBp27_0_0_2_7_12_12_k2_d20	best_codes/collected/SmallGroup_19_1__AAp11_0_0_0_0_0_1_BBp27_0_0_2_7_12_12_k2_d20
SmallGroup_19_1__AAp6_0_0_0_0_10_10_BBp16_0_1_4_4_7_8_k4_d31	SmallGroup_19_1_	684	4	31	100000	dist-m4ri	p6_0_0_0_0_10_10	p16_0_1_4_4_7_8	results/smoke_SG19_1_20260129T115444Z	results/smoke_SG19_1_20260129T115444Z/best_codes/SmallGroup_19_1__AAp6_0_0_0_0_10_10_BBp16_0_1_4_4_7_8_k4_d31	best_codes/collected/SmallGroup_19_1__AAp6_0_0_0_0_10_10_BBp16_0_1_4_4_7_8_k4_d31
SmallGroup_19_1__AAp6_0_0_0_0_1_1_BBp16_0_3_7_7_11_14_k4_d27	SmallGroup_19_1_	684	4	27	100000	dist-m4ri	p6_0_0_0_0_1_1	p16_0_3_7_7_11_14	results/smoke_SG19_1_20260129T115444Z	results/smoke_SG19_1_20260129T115444Z/best_codes/SmallGroup_19_1__AAp6_0_0_0_0_1_1_BBp16_0_3_7_7_11_14_k4_d27	best_codes/collected/SmallGroup_19_1__AAp6_0_0_0_0_1_1_BBp16_0_3_7_7_11_14_k4_d27
SmallGroup_19_1__AAp11_0_0_0_0_0_1_BBp6_0_5_6_10_10_15_k4_d22	SmallGroup_19_1_	684	4	22	100000	dist-m4ri	p11_0_0_0_0_0_1	p6_0_5_6_10_10_15	results/smoke_SG19_1_20260129T115444Z	results/smoke_SG19_1_20260129T115444Z/best_codes/SmallGroup_19_1__AAp11_0_0_0_0_0_1_BBp6_0_5_6_10_10_15_k4_d22	best_codes/collected/SmallGroup_19_1__AAp11_0_0_0_0_0_1_BBp6_0_5_6_10_10_15_k4_d22
SmallGroup_19_1__AAp0_0_2_3_6_7_9_BBp27_0_8_8_17_17_18_k6_d23	SmallGroup_19_1_	684	6	23	100000	dist-m4ri	p0_0_2_3_6_7_9	p27_0_8_8_17_17_18	results/smoke_SG19_1_20260129T115444Z	results/smoke_SG19_1_20260129T115444Z/best_codes/SmallGroup_19_1__AAp0_0_2_3_6_7_9_BBp27_0_8_8_17_17_18_k6_d23	best_codes/collected/SmallGroup_19_1__AAp0_0_2_3_6_7_9_BBp27_0_8_8_17_17_18_k6_d23
SmallGroup_19_1__AAp0_0_2_3_6_7_9_BBp11_0_0_0_0_0_10_k6_d18	SmallGroup_19_1_	684	6	18	100000	dist-m4ri	p0_0_2_3_6_7_9	p11_0_0_0_0_0_10	results/smoke_SG19_1_20260129T115444Z	results/smoke_SG19_1_20260129T115444Z/best_codes/SmallGroup_19_1__AAp0_0_2_3_6_7_9_BBp11_0_0_0_0_0_10_k6_d18	best_codes/collected/SmallGroup_19_1__AAp0_0_2_3_6_7_9_BBp11_0_0_0_0_0_10_k6_d18
SmallGroup_19_1__AAp11_0_0_0_0_0_1_BBp0_0_9_11_13_15_17_k6_d17	SmallGroup_19_1_	684	6	17	100000	dist-m4ri	p11_0_0_0_0_0_1	p0_0_9_11_13_15_17	results/smoke_SG19_1_20260129T115444Z	results/smoke_SG19_1_20260129T115444Z/best_codes/SmallGroup_19_1__AAp11_0_0_0_0_0_1_BBp0_0_9_11_13_15_17_k6_d17	best_codes/collected/SmallGroup_19_1__AAp11_0_0_0_0_0_1_BBp0_0_9_11_13_15_17_k6_d17
SmallGroup_19_1__AAp0_0_2_4_6_8_10_BBp11_0_0_0_0_0_1_k6_d13	SmallGroup_19_1_	684	6	13	100000	dist-m4ri	p0_0_2_4_6_8_10	p11_0_0_0_0_0_1	results/smoke_SG19_1_20260129T115444Z	results/smoke_SG19_1_20260129T115444Z/best_codes/SmallGroup_19_1__AAp0_0_2_4_6_8_10_BBp11_0_0_0_0_0_1_k6_d13	best_codes/collected/SmallGroup_19_1__AAp0_0_2_4_6_8_10_BBp11_0_0_0_0_0_1_k6_d13
SmallGroup_19_1__AAp6_0_0_0_0_11_11_BBp6_0_5_9_14_14_18_k8_d24	SmallGroup_19_1_	684	8	24	100000	dist-m4ri	p6_0_0_0_0_11_11	p6_0_5_9_14_14_18	results/smoke_SG19_1_20260129T115444Z	results/smoke_SG19_1_20260129T115444Z/best_codes/SmallGroup_19_1__AAp6_0_0_0_0_11_11_BBp6_0_5_9_14_14_18_k8_d24	best_codes/collected/SmallGroup_19_1__AAp6_0_0_0_0_11_11_BBp6_0_5_9_14_14_18_k8_d24
SmallGroup_19_1__AAp6_0_0_0_0_1_1_BBp6_0_5_6_10_10_15_k8_d22	SmallGroup_19_1_	684	8	22	100000	dist-m4ri	p6_0_0_0_0_1_1	p6_0_5_6_10_10_15	results/smoke_SG19_1_20260129T115444Z	results/smoke_SG19_1_20260129T115444Z/best_codes/SmallGroup_19_1__AAp6_0_0_0_0_1_1_BBp6_0_5_6_10_10_15_k8_d22	best_codes/collected/SmallGroup_19_1__AAp6_0_0_0_0_1_1_BBp6_0_5_6_10_10_15_k8_d22
SmallGroup_19_1__AAp0_0_1_3_11_13_14_BBp6_0_5_6_10_10_15_k12_d23	SmallGroup_19_1_	684	12	23	100000	dist-m4ri	p0_0_1_3_11_13_14	p6_0_5_6_10_10_15	results/smoke_SG19_1_20260129T115444Z	results/smoke_SG19_1_20260129T115444Z/best_codes/SmallGroup_19_1__AAp0_0_1_3_11_13_14_BBp6_0_5_6_10_10_15_k12_d23	best_codes/collected/SmallGroup_19_1__AAp0_0_1_3_11_13_14_BBp6_0_5_6_10_10_15_k12_d23
SmallGroup_19_1__AAp0_0_1_2_12_13_14_BBp6_0_5_6_10_10_15_k12_d18	SmallGroup_19_1_	684	12	18	100000	dist-m4ri	p0_0_1_2_12_13_14	p6_0_5_6_10_10_15	results/smoke_SG19_1_20260129T115444Z	results/smoke_SG19_1_20260129T115444Z/best_codes/SmallGroup_19_1__AAp0_0_1_2_12_13_14_BBp6_0_5_6_10_10_15_k12_d18	best_codes/collected/SmallGroup_19_1__AAp0_0_1_2_12_13_14_BBp6_0_5_6_10_10_15_k12_d18
SmallGroup_19_1__AAp6_0_0_0_0_1_1_BBp0_0_9_11_13_15_17_k12_d17	SmallGroup_19_1_	684	12	17	100000	dist-m4ri	p6_0_0_0_0_1_1	p0_0_9_11_13_15_17	results/smoke_SG19_1_20260129T115444Z	results/smoke_SG19_1_20260129T115444Z/best_codes/SmallGroup_19_1__AAp6_0_0_0_0_1_1_BBp0_0_9_11_13_15_17_k12_d17	best_codes/collected/SmallGroup_19_1__AAp6_0_0_0_0_1_1_BBp0_0_9_11_13_15_17_k12_d17
SmallGroup_19_1__AAp0_0_2_4_6_8_10_BBp6_0_0_0_0_1_1_k12_d13	SmallGroup_19_1_	684	12	13	100000	dist-m4ri	p0_0_2_4_6_8_10	p6_0_0_0_0_1_1	results/smoke_SG19_1_20260129T115444Z	results/smoke_SG19_1_20260129T115444Z/best_codes/SmallGroup_19_1__AAp0_0_2_4_6_8_10_BBp6_0_0_0_0_1_1_k12_d13	best_codes/collected/SmallGroup_19_1__AAp0_0_2_4_6_8_10_BBp6_0_0_0_0_1_1_k12_d13
SmallGroup_19_1__AAp0_0_0_1_1_1_10_BBp6_0_5_6_10_10_15_k12_d12	SmallGroup_19_1_	684	12	12	100000	dist-m4ri	p0_0_0_1_1_1_10	p6_0_5_6_10_10_15	results/smoke_SG19_1_20260129T115444Z	results/smoke_SG19_1_20260129T115444Z/best_codes/SmallGroup_19_1__AAp0_0_0_1_1_1_10_BBp6_0_5_6_10_10_15_k12_d12	best_codes/collected/SmallGroup_19_1__AAp0_0_0_1_1_1_10_BBp6_0_5_6_10_10_15_k12_d12
SmallGroup_19_1__AAp0_0_4_5_10_11_15_BBp0_0_2_7_9_12_14_k18_d17	SmallGroup_19_1_	684	18	17	100000	dist-m4ri	p0_0_4_5_10_11_15	p0_0_2_7_9_12_14	results/smoke_SG19_1_20260129T115444Z	results/smoke_SG19_1_20260129T115444Z/best_codes/SmallGroup_19_1__AAp0_0_4_5_10_11_15_BBp0_0_2_7_9_12_14_k18_d17	best_codes/collected/SmallGroup_19_1__AAp0_0_4_5_10_11_15_BBp0_0_2_7_9_12_14_k18_d17
SmallGroup_19_1__AAp0_0_1_4_11_14_15_BBp0_0_2_7_9_12_14_k18_d16	SmallGroup_19_1_	684	18	16	100000	dist-m4ri	p0_0_1_4_11_14_15	p0_0_2_7_9_12_14	results/smoke_SG19_1_20260129T115444Z	results/smoke_SG19_1_20260129T115444Z/best_codes/SmallGroup_19_1__AAp0_0_1_4_11_14_15_BBp0_0_2_7_9_12_14_k18_d16	best_codes/collected/SmallGroup_19_1__AAp0_0_1_4_11_14_15_BBp0_0_2_7_9_12_14_k18_d16
SmallGroup_19_1__AAp0_0_1_4_11_14_15_BBp0_0_2_7_8_13_14_k18_d15	SmallGroup_19_1_	684	18	15	100000	dist-m4ri	p0_0_1_4_11_14_15	p0_0_2_7_8_13_14	results/smoke_SG19_1_20260129T115444Z	results/smoke_SG19_1_20260129T115444Z/best_codes/SmallGroup_19_1__AAp0_0_1_4_11_14_15_BBp0_0_2_7_8_13_14_k18_d15	best_codes/collected/SmallGroup_19_1__AAp0_0_1_4_11_14_15_BBp0_0_2_7_8_13_14_k18_d15
SmallGroup_19_1__AAp0_0_1_2_12_13_14_BBp0_0_9_11_13_15_17_k18_d14	SmallGroup_19_1_	684	18	14	100000	dist-m4ri	p0_0_1_2_12_13_14	p0_0_9_11_13_15_17	results/smoke_SG19_1_20260129T115444Z	results/smoke_SG19_1_20260129T115444Z/best_codes/SmallGroup_19_1__AAp0_0_1_2_12_13_14_BBp0_0_9_11_13_15_17_k18_d14	best_codes/collected/SmallGroup_19_1__AAp0_0_1_2_12_13_14_BBp0_0_9_11_13_15_17_k18_d14
SmallGroup_19_1__AAp0_0_0_1_1_1_10_BBp0_0_9_11_13_15_17_k18_d13	SmallGroup_19_1_	684	18	13	100000	dist-m4ri	p0_0_0_1_1_1_10	p0_0_9_11_13_15_17	results/smoke_SG19_1_20260129T115444Z	results/smoke_SG19_1_20260129T115444Z/best_codes/SmallGroup_19_1__AAp0_0_0_1_1_1_10_BBp0_0_9_11_13_15_17_k18_d13	best_codes/collected/SmallGroup_19_1__AAp0_0_0_1_1_1_10_BBp0_0_9_11_13_15_17_k18_d13
SmallGroup_19_1__AAp27_0_0_7_7_12_17_BBp28_0_0_1_4_15_18_k38_d13	SmallGroup_19_1_	684	38	13	100000	dist-m4ri	p27_0_0_7_7_12_17	p28_0_0_1_4_15_18	results/smoke_SG19_1_20260129T115444Z	results/smoke_SG19_1_20260129T115444Z/best_codes/SmallGroup_19_1__AAp27_0_0_7_7_12_17_BBp28_0_0_1_4_15_18_k38_d13	best_codes/collected/SmallGroup_19_1__AAp27_0_0_7_7_12_17_BBp28_0_0_1_4_15_18_k38_d13
SmallGroup_19_1__AAp6_0_4_9_9_13_14_BBp28_0_0_1_4_15_18_k40_d13	SmallGroup_19_1_	684	40	13	100000	dist-m4ri	p6_0_4_9_9_13_14	p28_0_0_1_4_15_18	results/smoke_SG19_1_20260129T115444Z	results/smoke_SG19_1_20260129T115444Z/best_codes/SmallGroup_19_1__AAp6_0_4_9_9_13_14_BBp28_0_0_1_4_15_18_k40_d13	best_codes/collected/SmallGroup_19_1__AAp6_0_4_9_9_13_14_BBp28_0_0_1_4_15_18_k40_d13
SmallGroup_19_1__AAp0_0_1_2_12_13_14_BBp28_0_0_2_4_15_17_k42_d12	SmallGroup_19_1_	684	42	12	100000	dist-m4ri	p0_0_1_2_12_13_14	p28_0_0_2_4_15_17	results/smoke_SG19_1_20260129T115444Z	results/smoke_SG19_1_20260129T115444Z/best_codes/SmallGroup_19_1__AAp0_0_1_2_12_13_14_BBp28_0_0_2_4_15_17_k42_d12	best_codes/collected/SmallGroup_19_1__AAp0_0_1_2_12_13_14_BBp28_0_0_2_4_15_17_k42_d12
SmallGroup_19_1__AAp27_0_0_7_7_12_17_BBp0_0_0_1_10_11_11_k42_d9	SmallGroup_19_1_	684	42	9	100000	dist-m4ri	p27_0_0_7_7_12_17	p0_0_0_1_10_11_11	results/smoke_SG19_1_20260129T115444Z	results/smoke_SG19_1_20260129T115444Z/best_codes/SmallGroup_19_1__AAp27_0_0_7_7_12_17_BBp0_0_0_1_10_11_11_k42_d9	best_codes/collected/SmallGroup_19_1__AAp27_0_0_7_7_12_17_BBp0_0_0_1_10_11_11_k42_d9
SmallGroup_19_1__AAp29_0_3_7_7_11_18_BBp2_0_0_5_5_11_11_k44_d10	SmallGroup_19_1_	684	44	10	100000	dist-m4ri	p29_0_3_7_7_11_18	p2_0_0_5_5_11_11	results/smoke_SG19_1_20260129T115444Z	results/smoke_SG19_1_20260129T115444Z/best_codes/SmallGroup_19_1__AAp29_0_3_7_7_11_18_BBp2_0_0_5_5_11_11_k44_d10	best_codes/collected/SmallGroup_19_1__AAp29_0_3_7_7_11_18_BBp2_0_0_5_5_11_11_k44_d10
SmallGroup_19_1__AAp6_0_4_9_9_13_14_BBp2_0_0_5_5_11_11_k44_d9	SmallGroup_19_1_	684	44	9	100000	dist-m4ri	p6_0_4_9_9_13_14	p2_0_0_5_5_11_11	results/smoke_SG19_1_20260129T115444Z	results/smoke_SG19_1_20260129T115444Z/best_codes/SmallGroup_19_1__AAp6_0_4_9_9_13_14_BBp2_0_0_5_5_11_11_k44_d9	best_codes/collected/SmallGroup_19_1__AAp6_0_4_9_9_13_14_BBp2_0_0_5_5_11_11_k44_d9
SmallGroup_19_1__AAp6_0_4_9_9_13_14_BBp0_0_0_1_10_12_12_k48_d10	SmallGroup_19_1_	684	48	10	100000	dist-m4ri	p6_0_4_9_9_13_14	p0_0_0_1_10_12_12	results/smoke_SG19_1_20260129T115444Z	results/smoke_SG19_1_20260129T115444Z/best_codes/SmallGroup_19_1__AAp6_0_4_9_9_13_14_BBp0_0_0_1_10_12_12_k48_d10	best_codes/collected/SmallGroup_19_1__AAp6_0_4_9_9_13_14_BBp0_0_0_1_10_12_12_k48_d10
SmallGroup_19_1__AAp6_0_4_9_9_13_14_BBp0_0_0_1_10_11_11_k48_d9	SmallGroup_19_1_	684	48	9	100000	dist-m4ri	p6_0_4_9_9_13_14	p0_0_0_1_10_11_11	results/smoke_SG19_1_20260129T115444Z	results/smoke_SG19_1_20260129T115444Z/best_codes/SmallGroup_19_1__AAp6_0_4_9_9_13_14_BBp0_0_0_1_10_11_11_k48_d9	best_codes/collected/SmallGroup_19_1__AAp6_0_4_9_9_13_14_BBp0_0_0_1_10_11_11_k48_d9
SmallGroup_19_1__AAp0_0_2_4_6_8_10_BBp0_0_0_1_10_11_11_k54_d9	SmallGroup_19_1_	684	54	9	100000	dist-m4ri	p0_0_2_4_6_8_10	p0_0_0_1_10_11_11	results/smoke_SG19_1_20260129T115444Z	results/smoke_SG19_1_20260129T115444Z/best_codes/SmallGroup_19_1__AAp0_0_2_4_6_8_10_BBp0_0_0_1_10_11_11_k54_d9	best_codes/collected/SmallGroup_19_1__AAp0_0_2_4_6_8_10_BBp0_0_0_1_10_11_11_k54_d9
SmallGroup_1_1__AAp11_0_0_0_0_0_0_BBp11_0_0_0_0_0_0_k2_d4	SmallGroup_1_1_	36	2	4	20000	dist-m4ri	p11_0_0_0_0_0_0	p11_0_0_0_0_0_0	results/progressive_SmallGroup_1_1_20260123T124903Z	results/progressive_SmallGroup_1_1_20260123T124903Z/best_codes/SmallGroup_1_1__AAp11_0_0_0_0_0_0_BBp11_0_0_0_0_0_0_k2_d4	best_codes/collected/SmallGroup_1_1__AAp11_0_0_0_0_0_0_BBp11_0_0_0_0_0_0_k2_d4
SmallGroup_1_1__AAp11_0_0_0_0_0_0_BBp6_0_0_0_0_0_0_k4_d4	SmallGroup_1_1_	36	4	4	20000	dist-m4ri	p11_0_0_0_0_0_0	p6_0_0_0_0_0_0	results/progressive_SmallGroup_1_1_20260123T124903Z	results/progressive_SmallGroup_1_1_20260123T124903Z/best_codes/SmallGroup_1_1__AAp11_0_0_0_0_0_0_BBp6_0_0_0_0_0_0_k4_d4	best_codes/collected/SmallGroup_1_1__AAp11_0_0_0_0_0_0_BBp6_0_0_0_0_0_0_k4_d4
SmallGroup_1_1__AAp0_0_0_0_0_0_0_BBp11_0_0_0_0_0_0_k6_d3	SmallGroup_1_1_	36	6	3	20000	dist-m4ri	p0_0_0_0_0_0_0	p11_0_0_0_0_0_0	results/progressive_SmallGroup_1_1_20260123T124903Z	results/progressive_SmallGroup_1_1_20260123T124903Z/best_codes/SmallGroup_1_1__AAp0_0_0_0_0_0_0_BBp11_0_0_0_0_0_0_k6_d3	best_codes/collected/SmallGroup_1_1__AAp0_0_0_0_0_0_0_BBp11_0_0_0_0_0_0_k6_d3
SmallGroup_1_1__AAp6_0_0_0_0_0_0_BBp6_0_0_0_0_0_0_k8_d4	SmallGroup_1_1_	36	8	4	20000	dist-m4ri	p6_0_0_0_0_0_0	p6_0_0_0_0_0_0	results/progressive_SmallGroup_1_1_20260123T124903Z	results/progressive_SmallGroup_1_1_20260123T124903Z/best_codes/SmallGroup_1_1__AAp6_0_0_0_0_0_0_BBp6_0_0_0_0_0_0_k8_d4	best_codes/collected/SmallGroup_1_1__AAp6_0_0_0_0_0_0_BBp6_0_0_0_0_0_0_k8_d4
SmallGroup_1_1__AAp0_0_0_0_0_0_0_BBp6_0_0_0_0_0_0_k12_d3	SmallGroup_1_1_	36	12	3	20000	dist-m4ri	p0_0_0_0_0_0_0	p6_0_0_0_0_0_0	results/progressive_SmallGroup_1_1_20260123T124903Z	results/progressive_SmallGroup_1_1_20260123T124903Z/best_codes/SmallGroup_1_1__AAp0_0_0_0_0_0_0_BBp6_0_0_0_0_0_0_k12_d3	best_codes/collected/SmallGroup_1_1__AAp0_0_0_0_0_0_0_BBp6_0_0_0_0_0_0_k12_d3
SmallGroup_1_1__AAp0_0_0_0_0_0_0_BBp0_0_0_0_0_0_0_k18_d3	SmallGroup_1_1_	36	18	3	20000	dist-m4ri	p0_0_0_0_0_0_0	p0_0_0_0_0_0_0	results/progressive_SmallGroup_1_1_20260123T124903Z	results/progressive_SmallGroup_1_1_20260123T124903Z/best_codes/SmallGroup_1_1__AAp0_0_0_0_0_0_0_BBp0_0_0_0_0_0_0_k18_d3	best_codes/collected/SmallGroup_1_1__AAp0_0_0_0_0_0_0_BBp0_0_0_0_0_0_0_k18_d3
SmallGroup_2_1__AAp11_0_0_0_0_0_1_BBp12_0_0_0_1_1_1_k2_d8	SmallGroup_2_1_	72	2	8	20000	dist-m4ri	p11_0_0_0_0_0_1	p12_0_0_0_1_1_1	results/progressive_SmallGroup_2_1_20260123T124903Z	results/progressive_SmallGroup_2_1_20260123T124903Z/best_codes/SmallGroup_2_1__AAp11_0_0_0_0_0_1_BBp12_0_0_0_1_1_1_k2_d8	best_codes/collected/SmallGroup_2_1__AAp11_0_0_0_0_0_1_BBp12_0_0_0_1_1_1_k2_d8
SmallGroup_2_1__AAp11_0_0_0_0_0_1_BBp11_0_0_0_0_0_1_k2_d6	SmallGroup_2_1_	72	2	6	20000	dist-m4ri	p11_0_0_0_0_0_1	p11_0_0_0_0_0_1	results/progressive_SmallGroup_2_1_20260123T124903Z	results/progressive_SmallGroup_2_1_20260123T124903Z/best_codes/SmallGroup_2_1__AAp11_0_0_0_0_0_1_BBp11_0_0_0_0_0_1_k2_d6	best_codes/collected/SmallGroup_2_1__AAp11_0_0_0_0_0_1_BBp11_0_0_0_0_0_1_k2_d6
SmallGroup_2_1__AAp12_0_0_0_1_1_1_BBp6_0_0_0_0_1_1_k4_d8	SmallGroup_2_1_	72	4	8	20000	dist-m4ri	p12_0_0_0_1_1_1	p6_0_0_0_0_1_1	results/progressive_SmallGroup_2_1_20260123T124903Z	results/progressive_SmallGroup_2_1_20260123T124903Z/best_codes/SmallGroup_2_1__AAp12_0_0_0_1_1_1_BBp6_0_0_0_0_1_1_k4_d8	best_codes/collected/SmallGroup_2_1__AAp12_0_0_0_1_1_1_BBp6_0_0_0_0_1_1_k4_d8
SmallGroup_2_1__AAp12_0_0_0_1_1_1_BBp12_0_0_0_1_1_1_k4_d6	SmallGroup_2_1_	72	4	6	20000	dist-m4ri	p12_0_0_0_1_1_1	p12_0_0_0_1_1_1	results/progressive_SmallGroup_2_1_20260123T124903Z	results/progressive_SmallGroup_2_1_20260123T124903Z/best_codes/SmallGroup_2_1__AAp12_0_0_0_1_1_1_BBp12_0_0_0_1_1_1_k4_d6	best_codes/collected/SmallGroup_2_1__AAp12_0_0_0_1_1_1_BBp12_0_0_0_1_1_1_k4_d6
SmallGroup_2_1__AAp12_0_0_0_1_1_1_BBp6_0_0_0_0_0_1_k6_d4	SmallGroup_2_1_	72	6	4	20000	dist-m4ri	p12_0_0_0_1_1_1	p6_0_0_0_0_0_1	results/progressive_SmallGroup_2_1_20260123T124903Z	results/progressive_SmallGroup_2_1_20260123T124903Z/best_codes/SmallGroup_2_1__AAp12_0_0_0_1_1_1_BBp6_0_0_0_0_0_1_k6_d4	best_codes/collected/SmallGroup_2_1__AAp12_0_0_0_1_1_1_BBp6_0_0_0_0_0_1_k6_d4
SmallGroup_2_1__AAp6_0_0_0_0_1_1_BBp6_0_0_0_1_1_1_k8_d8	SmallGroup_2_1_	72	8	8	20000	dist-m4ri	p6_0_0_0_0_1_1	p6_0_0_0_1_1_1	results/progressive_SmallGroup_2_1_20260123T124903Z	results/progressive_SmallGroup_2_1_20260123T124903Z/best_codes/SmallGroup_2_1__AAp6_0_0_0_0_1_1_BBp6_0_0_0_1_1_1_k8_d8	best_codes/collected/SmallGroup_2_1__AAp6_0_0_0_0_1_1_BBp6_0_0_0_1_1_1_k8_d8
SmallGroup_2_1__AAp6_0_0_0_0_1_1_BBp6_0_0_0_0_1_1_k8_d6	SmallGroup_2_1_	72	8	6	20000	dist-m4ri	p6_0_0_0_0_1_1	p6_0_0_0_0_1_1	results/progressive_SmallGroup_2_1_20260123T124903Z	results/progressive_SmallGroup_2_1_20260123T124903Z/best_codes/SmallGroup_2_1__AAp6_0_0_0_0_1_1_BBp6_0_0_0_0_1_1_k8_d6	best_codes/collected/SmallGroup_2_1__AAp6_0_0_0_0_1_1_BBp6_0_0_0_0_1_1_k8_d6
SmallGroup_2_1__AAp12_0_0_0_1_1_1_BBp6_0_0_0_0_0_0_k8_d4	SmallGroup_2_1_	72	8	4	20000	dist-m4ri	p12_0_0_0_1_1_1	p6_0_0_0_0_0_0	results/progressive_SmallGroup_2_1_20260123T124903Z	results/progressive_SmallGroup_2_1_20260123T124903Z/best_codes/SmallGroup_2_1__AAp12_0_0_0_1_1_1_BBp6_0_0_0_0_0_0_k8_d4	best_codes/collected/SmallGroup_2_1__AAp12_0_0_0_1_1_1_BBp6_0_0_0_0_0_0_k8_d4
SmallGroup_2_1__AAp6_0_0_0_0_0_1_BBp6_0_0_0_0_0_1_k10_d4	SmallGroup_2_1_	72	10	4	20000	dist-m4ri	p6_0_0_0_0_0_1	p6_0_0_0_0_0_1	results/progressive_SmallGroup_2_1_20260123T124903Z	results/progressive_SmallGroup_2_1_20260123T124903Z/best_codes/SmallGroup_2_1__AAp6_0_0_0_0_0_1_BBp6_0_0_0_0_0_1_k10_d4	best_codes/collected/SmallGroup_2_1__AAp6_0_0_0_0_0_1_BBp6_0_0_0_0_0_1_k10_d4
SmallGroup_2_1__AAp6_0_0_0_0_0_0_BBp6_0_0_0_0_0_1_k12_d4	SmallGroup_2_1_	72	12	4	20000	dist-m4ri	p6_0_0_0_0_0_0	p6_0_0_0_0_0_1	results/progressive_SmallGroup_2_1_20260123T124903Z	results/progressive_SmallGroup_2_1_20260123T124903Z/best_codes/SmallGroup_2_1__AAp6_0_0_0_0_0_0_BBp6_0_0_0_0_0_1_k12_d4	best_codes/collected/SmallGroup_2_1__AAp6_0_0_0_0_0_0_BBp6_0_0_0_0_0_1_k12_d4
SmallGroup_2_1__AAp6_0_0_0_0_0_0_BBp6_0_0_0_0_0_0_k16_d4	SmallGroup_2_1_	72	16	4	20000	dist-m4ri	p6_0_0_0_0_0_0	p6_0_0_0_0_0_0	results/progressive_SmallGroup_2_1_20260123T124903Z	results/progressive_SmallGroup_2_1_20260123T124903Z/best_codes/SmallGroup_2_1__AAp6_0_0_0_0_0_0_BBp6_0_0_0_0_0_0_k16_d4	best_codes/collected/SmallGroup_2_1__AAp6_0_0_0_0_0_0_BBp6_0_0_0_0_0_0_k16_d4
SmallGroup_3_1__AAp12_0_0_0_1_1_2_BBp12_0_0_0_2_2_2_k2_d12	SmallGroup_3_1_	108	2	12	20000	dist-m4ri	p12_0_0_0_1_1_2	p12_0_0_0_2_2_2	results/progressive_SmallGroup_3_1_20260123T124903Z	results/progressive_SmallGroup_3_1_20260123T124903Z/best_codes/SmallGroup_3_1__AAp12_0_0_0_1_1_2_BBp12_0_0_0_2_2_2_k2_d12	best_codes/collected/SmallGroup_3_1__AAp12_0_0_0_1_1_2_BBp12_0_0_0_2_2_2_k2_d12
SmallGroup_3_1__AAp12_0_0_0_1_1_1_BBp12_0_0_0_2_2_2_k2_d11	SmallGroup_3_1_	108	2	11	20000	dist-m4ri	p12_0_0_0_1_1_1	p12_0_0_0_2_2_2	results/progressive_SmallGroup_3_1_20260123T124903Z	results/progressive_SmallGroup_3_1_20260123T124903Z/best_codes/SmallGroup_3_1__AAp12_0_0_0_1_1_1_BBp12_0_0_0_2_2_2_k2_d11	best_codes/collected/SmallGroup_3_1__AAp12_0_0_0_1_1_1_BBp12_0_0_0_2_2_2_k2_d11
SmallGroup_3_1__AAp11_0_0_1_1_2_2_BBp12_0_0_0_1_2_2_k2_d10	SmallGroup_3_1_	108	2	10	20000	dist-m4ri	p11_0_0_1_1_2_2	p12_0_0_0_1_2_2	results/progressive_SmallGroup_3_1_20260123T124903Z	results/progressive_SmallGroup_3_1_20260123T124903Z/best_codes/SmallGroup_3_1__AAp11_0_0_1_1_2_2_BBp12_0_0_0_1_2_2_k2_d10	best_codes/collected/SmallGroup_3_1__AAp11_0_0_1_1_2_2_BBp12_0_0_0_1_2_2_k2_d10
SmallGroup_3_1__AAp11_0_0_0_0_0_1_BBp15_0_0_1_1_2_2_k2_d9	SmallGroup_3_1_	108	2	9	20000	dist-m4ri	p11_0_0_0_0_0_1	p15_0_0_1_1_2_2	results/progressive_SmallGroup_3_1_20260123T124903Z	results/progressive_SmallGroup_3_1_20260123T124903Z/best_codes/SmallGroup_3_1__AAp11_0_0_0_0_0_1_BBp15_0_0_1_1_2_2_k2_d9	best_codes/collected/SmallGroup_3_1__AAp11_0_0_0_0_0_1_BBp15_0_0_1_1_2_2_k2_d9
SmallGroup_3_1__AAp11_0_0_0_0_0_1_BBp11_0_0_0_0_0_1_k2_d6	SmallGroup_3_1_	108	2	6	20000	dist-m4ri	p11_0_0_0_0_0_1	p11_0_0_0_0_0_1	results/progressive_SmallGroup_3_1_20260123T124903Z	results/progressive_SmallGroup_3_1_20260123T124903Z/best_codes/SmallGroup_3_1__AAp11_0_0_0_0_0_1_BBp11_0_0_0_0_0_1_k2_d6	best_codes/collected/SmallGroup_3_1__AAp11_0_0_0_0_0_1_BBp11_0_0_0_0_0_1_k2_d6
SmallGroup_3_1__AAp14_0_0_0_1_1_1_BBp14_0_0_0_2_2_2_k4_d11	SmallGroup_3_1_	108	4	11	20000	dist-m4ri	p14_0_0_0_1_1_1	p14_0_0_0_2_2_2	results/progressive_SmallGroup_3_1_20260123T124903Z	results/progressive_SmallGroup_3_1_20260123T124903Z/best_codes/SmallGroup_3_1__AAp14_0_0_0_1_1_1_BBp14_0_0_0_2_2_2_k4_d11	best_codes/collected/SmallGroup_3_1__AAp14_0_0_0_1_1_1_BBp14_0_0_0_2_2_2_k4_d11
SmallGroup_3_1__AAp29_0_0_1_1_1_2_BBp14_0_0_0_1_1_1_k4_d7	SmallGroup_3_1_	108	4	7	20000	dist-m4ri	p29_0_0_1_1_1_2	p14_0_0_0_1_1_1	results/progressive_SmallGroup_3_1_20260123T124903Z	results/progressive_SmallGroup_3_1_20260123T124903Z/best_codes/SmallGroup_3_1__AAp29_0_0_1_1_1_2_BBp14_0_0_0_1_1_1_k4_d7	best_codes/collected/SmallGroup_3_1__AAp29_0_0_1_1_1_2_BBp14_0_0_0_1_1_1_k4_d7
SmallGroup_3_1__AAp14_0_0_0_1_1_1_BBp14_0_0_0_1_1_1_k4_d6	SmallGroup_3_1_	108	4	6	20000	dist-m4ri	p14_0_0_0_1_1_1	p14_0_0_0_1_1_1	results/progressive_SmallGroup_3_1_20260123T124903Z	results/progressive_SmallGroup_3_1_20260123T124903Z/best_codes/SmallGroup_3_1__AAp14_0_0_0_1_1_1_BBp14_0_0_0_1_1_1_k4_d6	best_codes/collected/SmallGroup_3_1__AAp14_0_0_0_1_1_1_BBp14_0_0_0_1_1_1_k4_d6
SmallGroup_3_1__AAp15_0_0_1_1_2_2_BBp24_0_0_1_1_2_2_k6_d8	SmallGroup_3_1_	108	6	8	20000	dist-m4ri	p15_0_0_1_1_2_2	p24_0_0_1_1_2_2	results/progressive_SmallGroup_3_1_20260123T124903Z	results/progressive_SmallGroup_3_1_20260123T124903Z/best_codes/SmallGroup_3_1__AAp15_0_0_1_1_2_2_BBp24_0_0_1_1_2_2_k6_d8	best_codes/collected/SmallGroup_3_1__AAp15_0_0_1_1_2_2_BBp24_0_0_1_1_2_2_k6_d8
SmallGroup_3_1__AAp0_0_0_1_1_1_2_BBp15_0_0_1_1_2_2_k6_d7	SmallGroup_3_1_	108	6	7	20000	dist-m4ri	p0_0_0_1_1_1_2	p15_0_0_1_1_2_2	results/progressive_SmallGroup_3_1_20260123T124903Z	results/progressive_SmallGroup_3_1_20260123T124903Z/best_codes/SmallGroup_3_1__AAp0_0_0_1_1_1_2_BBp15_0_0_1_1_2_2_k6_d7	best_codes/collected/SmallGroup_3_1__AAp0_0_0_1_1_1_2_BBp15_0_0_1_1_2_2_k6_d7
SmallGroup_3_1__AAp6_0_0_0_0_1_1_BBp6_0_0_1_2_2_2_k8_d8	SmallGroup_3_1_	108	8	8	20000	dist-m4ri	p6_0_0_0_0_1_1	p6_0_0_1_2_2_2	results/progressive_SmallGroup_3_1_20260123T124903Z	results/progressive_SmallGroup_3_1_20260123T124903Z/best_codes/SmallGroup_3_1__AAp6_0_0_0_0_1_1_BBp6_0_0_1_2_2_2_k8_d8	best_codes/collected/SmallGroup_3_1__AAp6_0_0_0_0_1_1_BBp6_0_0_1_2_2_2_k8_d8
SmallGroup_3_1__AAp29_0_0_1_1_1_2_BBp15_0_0_1_1_2_2_k8_d7	SmallGroup_3_1_	108	8	7	20000	dist-m4ri	p29_0_0_1_1_1_2	p15_0_0_1_1_2_2	results/progressive_SmallGroup_3_1_20260123T124903Z	results/progressive_SmallGroup_3_1_20260123T124903Z/best_codes/SmallGroup_3_1__AAp29_0_0_1_1_1_2_BBp15_0_0_1_1_2_2_k8_d7	best_codes/collected/SmallGroup_3_1__AAp29_0_0_1_1_1_2_BBp15_0_0_1_1_2_2_k8_d7
SmallGroup_3_1__AAp0_0_0_1_1_2_2_BBp8_0_0_0_0_1_2_k10_d6	SmallGroup_3_1_	108	10	6	20000	dist-m4ri	p0_0_0_1_1_2_2	p8_0_0_0_0_1_2	results/progressive_SmallGroup_3_1_20260123T124903Z	results/progressive_SmallGroup_3_1_20260123T124903Z/best_codes/SmallGroup_3_1__AAp0_0_0_1_1_2_2_BBp8_0_0_0_0_1_2_k10_d6	best_codes/collected/SmallGroup_3_1__AAp0_0_0_1_1_2_2_BBp8_0_0_0_0_1_2_k10_d6
SmallGroup_3_1__AAp0_0_0_1_1_1_2_BBp6_0_0_1_2_2_2_k12_d6	SmallGroup_3_1_	108	12	6	20000	dist-m4ri	p0_0_0_1_1_1_2	p6_0_0_1_2_2_2	results/progressive_SmallGroup_3_1_20260123T124903Z	results/progressive_SmallGroup_3_1_20260123T124903Z/best_codes/SmallGroup_3_1__AAp0_0_0_1_1_1_2_BBp6_0_0_1_2_2_2_k12_d6	best_codes/collected/SmallGroup_3_1__AAp0_0_0_1_1_1_2_BBp6_0_0_1_2_2_2_k12_d6
SmallGroup_4_1__AAp11_0_0_1_2_3_3_BBp27_0_1_2_2_3_3_k2_d13	SmallGroup_4_1_	144	2	13	20000	dist-m4ri	p11_0_0_1_2_3_3	p27_0_1_2_2_3_3	results/progressive_SmallGroup_4_1_20260123T124903Z	results/progressive_SmallGroup_4_1_20260123T124903Z/best_codes/SmallGroup_4_1__AAp11_0_0_1_2_3_3_BBp27_0_1_2_2_3_3_k2_d13	best_codes/collected/SmallGroup_4_1__AAp11_0_0_1_2_3_3_BBp27_0_1_2_2_3_3_k2_d13
SmallGroup_4_1__AAp20_0_0_0_1_2_3_BBp11_0_0_1_1_2_3_k2_d12	SmallGroup_4_1_	144	2	12	20000	dist-m4ri	p20_0_0_0_1_2_3	p11_0_0_1_1_2_3	results/progressive_SmallGroup_4_1_20260123T124903Z	results/progressive_SmallGroup_4_1_20260123T124903Z/best_codes/SmallGroup_4_1__AAp20_0_0_0_1_2_3_BBp11_0_0_1_1_2_3_k2_d12	best_codes/collected/SmallGroup_4_1__AAp20_0_0_0_1_2_3_BBp11_0_0_1_1_2_3_k2_d12
SmallGroup_4_1__AAp11_0_0_0_0_0_1_BBp11_0_0_1_1_2_3_k2_d10	SmallGroup_4_1_	144	2	10	20000	dist-m4ri	p11_0_0_0_0_0_1	p11_0_0_1_1_2_3	results/progressive_SmallGroup_4_1_20260123T124903Z	results/progressive_SmallGroup_4_1_20260123T124903Z/best_codes/SmallGroup_4_1__AAp11_0_0_0_0_0_1_BBp11_0_0_1_1_2_3_k2_d10	best_codes/collected/SmallGroup_4_1__AAp11_0_0_0_0_0_1_BBp11_0_0_1_1_2_3_k2_d10
SmallGroup_4_1__AAp11_0_0_1_2_2_3_BBp20_0_0_0_1_2_3_k4_d12	SmallGroup_4_1_	144	4	12	20000	dist-m4ri	p11_0_0_1_2_2_3	p20_0_0_0_1_2_3	results/progressive_SmallGroup_4_1_20260123T124903Z	results/progressive_SmallGroup_4_1_20260123T124903Z/best_codes/SmallGroup_4_1__AAp11_0_0_1_2_2_3_BBp20_0_0_0_1_2_3_k4_d12	best_codes/collected/SmallGroup_4_1__AAp11_0_0_1_2_2_3_BBp20_0_0_0_1_2_3_k4_d12
SmallGroup_4_1__AAp12_0_0_0_1_3_3_BBp20_0_0_0_1_2_3_k6_d12	SmallGroup_4_1_	144	6	12	20000	dist-m4ri	p12_0_0_0_1_3_3	p20_0_0_0_1_2_3	results/progressive_SmallGroup_4_1_20260123T124903Z	results/progressive_SmallGroup_4_1_20260123T124903Z/best_codes/SmallGroup_4_1__AAp12_0_0_0_1_3_3_BBp20_0_0_0_1_2_3_k6_d12	best_codes/collected/SmallGroup_4_1__AAp12_0_0_0_1_3_3_BBp20_0_0_0_1_2_3_k6_d12
SmallGroup_4_1__AAp29_0_0_1_1_2_3_BBp11_0_0_1_2_2_3_k6_d10	SmallGroup_4_1_	144	6	10	20000	dist-m4ri	p29_0_0_1_1_2_3	p11_0_0_1_2_2_3	results/progressive_SmallGroup_4_1_20260123T124903Z	results/progressive_SmallGroup_4_1_20260123T124903Z/best_codes/SmallGroup_4_1__AAp29_0_0_1_1_2_3_BBp11_0_0_1_2_2_3_k6_d10	best_codes/collected/SmallGroup_4_1__AAp29_0_0_1_1_2_3_BBp11_0_0_1_2_2_3_k6_d10
SmallGroup_4_1__AAp0_0_0_1_1_1_2_BBp20_0_0_0_1_2_3_k6_d8	SmallGroup_4_1_	144	6	8	20000	dist-m4ri	p0_0_0_1_1_1_2	p20_0_0_0_1_2_3	results/progressive_SmallGroup_4_1_20260123T124903Z	results/progressive_SmallGroup_4_1_20260123T124903Z/best_codes/SmallGroup_4_1__AAp0_0_0_1_1_1_2_BBp20_0_0_0_1_2_3_k6_d8	best_codes/collected/SmallGroup_4_1__AAp0_0_0_1_1_1_2_BBp20_0_0_0_1_2_3_k6_d8
SmallGroup_4_1__AAp6_0_0_1_2_2_3_BBp6_0_0_0_1_2_3_k8_d11	SmallGroup_4_1_	144	8	11	20000	dist-m4ri	p6_0_0_1_2_2_3	p6_0_0_0_1_2_3	results/progressive_SmallGroup_4_1_20260123T124903Z	results/progressive_SmallGroup_4_1_20260123T124903Z/best_codes/SmallGroup_4_1__AAp6_0_0_1_2_2_3_BBp6_0_0_0_1_2_3_k8_d11	best_codes/collected/SmallGroup_4_1__AAp6_0_0_1_2_2_3_BBp6_0_0_0_1_2_3_k8_d11
SmallGroup_4_1__AAp15_0_0_2_2_3_3_BBp20_0_0_0_1_2_3_k8_d10	SmallGroup_4_1_	144	8	10	20000	dist-m4ri	p15_0_0_2_2_3_3	p20_0_0_0_1_2_3	results/progressive_SmallGroup_4_1_20260123T124903Z	results/progressive_SmallGroup_4_1_20260123T124903Z/best_codes/SmallGroup_4_1__AAp15_0_0_2_2_3_3_BBp20_0_0_0_1_2_3_k8_d10	best_codes/collected/SmallGroup_4_1__AAp15_0_0_2_2_3_3_BBp20_0_0_0_1_2_3_k8_d10
SmallGroup_4_1__AAp29_0_0_1_1_2_3_BBp29_0_0_1_2_3_3_k8_d8	SmallGroup_4_1_	144	8	8	20000	dist-m4ri	p29_0_0_1_1_2_3	p29_0_0_1_2_3_3	results/progressive_SmallGroup_4_1_20260123T124903Z	results/progressive_SmallGroup_4_1_20260123T124903Z/best_codes/SmallGroup_4_1__AAp29_0_0_1_1_2_3_BBp29_0_0_1_2_3_3_k8_d8	best_codes/collected/SmallGroup_4_1__AAp29_0_0_1_1_2_3_BBp29_0_0_1_2_3_3_k8_d8
SmallGroup_4_1__AAp29_0_0_1_1_2_3_BBp20_0_0_0_1_2_3_k10_d10	SmallGroup_4_1_	144	10	10	20000	dist-m4ri	p29_0_0_1_1_2_3	p20_0_0_0_1_2_3	results/progressive_SmallGroup_4_1_20260123T124903Z	results/progressive_SmallGroup_4_1_20260123T124903Z/best_codes/SmallGroup_4_1__AAp29_0_0_1_1_2_3_BBp20_0_0_0_1_2_3_k10_d10	best_codes/collected/SmallGroup_4_1__AAp29_0_0_1_1_2_3_BBp20_0_0_0_1_2_3_k10_d10
SmallGroup_4_1__AAp6_0_0_1_1_2_3_BBp0_0_0_1_1_2_3_k12_d8	SmallGroup_4_1_	144	12	8	20000	dist-m4ri	p6_0_0_1_1_2_3	p0_0_0_1_1_2_3	results/progressive_SmallGroup_4_1_20260123T124903Z	results/progressive_SmallGroup_4_1_20260123T124903Z/best_codes/SmallGroup_4_1__AAp6_0_0_1_1_2_3_BBp0_0_0_1_1_2_3_k12_d8	best_codes/collected/SmallGroup_4_1__AAp6_0_0_1_1_2_3_BBp0_0_0_1_1_2_3_k12_d8
SmallGroup_4_1__AAp6_0_0_0_0_2_2_BBp6_0_0_1_1_2_2_k16_d8	SmallGroup_4_1_	144	16	8	20000	dist-m4ri	p6_0_0_0_0_2_2	p6_0_0_1_1_2_2	results/progressive_SmallGroup_4_1_20260123T124903Z	results/progressive_SmallGroup_4_1_20260123T124903Z/best_codes/SmallGroup_4_1__AAp6_0_0_0_0_2_2_BBp6_0_0_1_1_2_2_k16_d8	best_codes/collected/SmallGroup_4_1__AAp6_0_0_0_0_2_2_BBp6_0_0_1_1_2_2_k16_d8
SmallGroup_4_2__AAp12_0_0_0_1_2_2_BBp12_0_0_0_1_3_3_k2_d12	SmallGroup_4_2_	144	2	12	20000	dist-m4ri	p12_0_0_0_1_2_2	p12_0_0_0_1_3_3	results/progressive_SmallGroup_4_2_20260123T124904Z	results/progressive_SmallGroup_4_2_20260123T124904Z/best_codes/SmallGroup_4_2__AAp12_0_0_0_1_2_2_BBp12_0_0_0_1_3_3_k2_d12	best_codes/collected/SmallGroup_4_2__AAp12_0_0_0_1_2_2_BBp12_0_0_0_1_3_3_k2_d12
SmallGroup_4_2__AAp12_0_0_0_1_2_2_BBp6_0_0_0_1_2_3_k4_d12	SmallGroup_4_2_	144	4	12	20000	dist-m4ri	p12_0_0_0_1_2_2	p6_0_0_0_1_2_3	results/progressive_SmallGroup_4_2_20260123T124904Z	results/progressive_SmallGroup_4_2_20260123T124904Z/best_codes/SmallGroup_4_2__AAp12_0_0_0_1_2_2_BBp6_0_0_0_1_2_3_k4_d12	best_codes/collected/SmallGroup_4_2__AAp12_0_0_0_1_2_2_BBp6_0_0_0_1_2_3_k4_d12
SmallGroup_4_2__AAp12_0_0_0_1_2_2_BBp15_0_0_1_2_3_3_k4_d10	SmallGroup_4_2_	144	4	10	20000	dist-m4ri	p12_0_0_0_1_2_2	p15_0_0_1_2_3_3	results/progressive_SmallGroup_4_2_20260123T124904Z	results/progressive_SmallGroup_4_2_20260123T124904Z/best_codes/SmallGroup_4_2__AAp12_0_0_0_1_2_2_BBp15_0_0_1_2_3_3_k4_d10	best_codes/collected/SmallGroup_4_2__AAp12_0_0_0_1_2_2_BBp15_0_0_1_2_3_3_k4_d10
SmallGroup_4_2__AAp12_0_0_0_1_2_2_BBp6_0_0_1_1_2_3_k6_d12	SmallGroup_4_2_	144	6	12	20000	dist-m4ri	p12_0_0_0_1_2_2	p6_0_0_1_1_2_3	results/progressive_SmallGroup_4_2_20260123T124904Z	results/progressive_SmallGroup_4_2_20260123T124904Z/best_codes/SmallGroup_4_2__AAp12_0_0_0_1_2_2_BBp6_0_0_1_1_2_3_k6_d12	best_codes/collected/SmallGroup_4_2__AAp12_0_0_0_1_2_2_BBp6_0_0_1_1_2_3_k6_d12
SmallGroup_4_2__AAp6_0_0_0_1_2_3_BBp6_0_0_1_1_2_3_k8_d12	SmallGroup_4_2_	144	8	12	20000	dist-m4ri	p6_0_0_0_1_2_3	p6_0_0_1_1_2_3	results/progressive_SmallGroup_4_2_20260123T124904Z	results/progressive_SmallGroup_4_2_20260123T124904Z/best_codes/SmallGroup_4_2__AAp6_0_0_0_1_2_3_BBp6_0_0_1_1_2_3_k8_d12	best_codes/collected/SmallGroup_4_2__AAp6_0_0_0_1_2_3_BBp6_0_0_1_1_2_3_k8_d12
SmallGroup_4_2__AAp15_0_0_1_2_3_3_BBp6_0_0_0_1_2_3_k8_d10	SmallGroup_4_2_	144	8	10	20000	dist-m4ri	p15_0_0_1_2_3_3	p6_0_0_0_1_2_3	results/progressive_SmallGroup_4_2_20260123T124904Z	results/progressive_SmallGroup_4_2_20260123T124904Z/best_codes/SmallGroup_4_2__AAp15_0_0_1_2_3_3_BBp6_0_0_0_1_2_3_k8_d10	best_codes/collected/SmallGroup_4_2__AAp15_0_0_1_2_3_3_BBp6_0_0_0_1_2_3_k8_d10
SmallGroup_4_2__AAp6_0_0_1_1_2_3_BBp6_0_0_1_2_2_3_k10_d10	SmallGroup_4_2_	144	10	10	20000	dist-m4ri	p6_0_0_1_1_2_3	p6_0_0_1_2_2_3	results/progressive_SmallGroup_4_2_20260123T124904Z	results/progressive_SmallGroup_4_2_20260123T124904Z/best_codes/SmallGroup_4_2__AAp6_0_0_1_1_2_3_BBp6_0_0_1_2_2_3_k10_d10	best_codes/collected/SmallGroup_4_2__AAp6_0_0_1_1_2_3_BBp6_0_0_1_2_2_3_k10_d10
SmallGroup_4_2__AAp13_0_1_1_2_2_3_BBp6_0_0_1_1_2_3_k12_d8	SmallGroup_4_2_	144	12	8	20000	dist-m4ri	p13_0_1_1_2_2_3	p6_0_0_1_1_2_3	results/progressive_SmallGroup_4_2_20260123T124904Z	results/progressive_SmallGroup_4_2_20260123T124904Z/best_codes/SmallGroup_4_2__AAp13_0_1_1_2_2_3_BBp6_0_0_1_1_2_3_k12_d8	best_codes/collected/SmallGroup_4_2__AAp13_0_1_1_2_2_3_BBp6_0_0_1_1_2_3_k12_d8
SmallGroup_4_2__AAp13_0_1_1_2_2_3_BBp29_0_0_1_1_3_3_k16_d8	SmallGroup_4_2_	144	16	8	20000	dist-m4ri	p13_0_1_1_2_2_3	p29_0_0_1_1_3_3	results/progressive_SmallGroup_4_2_20260123T124904Z	results/progressive_SmallGroup_4_2_20260123T124904Z/best_codes/SmallGroup_4_2__AAp13_0_1_1_2_2_3_BBp29_0_0_1_1_3_3_k16_d8	best_codes/collected/SmallGroup_4_2__AAp13_0_1_1_2_2_3_BBp29_0_0_1_1_3_3_k16_d8
SmallGroup_5_1__AAp12_0_0_0_1_2_4_BBp20_0_1_2_3_3_3_k2_d17	SmallGroup_5_1_	180	2	17	100000	dist-m4ri	p12_0_0_0_1_2_4	p20_0_1_2_3_3_3	results/progressive_SmallGroup_5_1_20260123T124903Z	results/progressive_SmallGroup_5_1_20260123T124903Z/best_codes/SmallGroup_5_1__AAp12_0_0_0_1_2_4_BBp20_0_1_2_3_3_3_k2_d17	best_codes/collected/SmallGroup_5_1__AAp12_0_0_0_1_2_4_BBp20_0_1_2_3_3_3_k2_d17
SmallGroup_5_1__AAp12_0_0_0_1_2_4_BBp8_0_2_2_3_3_3_k2_d16	SmallGroup_5_1_	180	2	16	100000	dist-m4ri	p12_0_0_0_1_2_4	p8_0_2_2_3_3_3	results/progressive_SmallGroup_5_1_20260123T124903Z	results/progressive_SmallGroup_5_1_20260123T124903Z/best_codes/SmallGroup_5_1__AAp12_0_0_0_1_2_4_BBp8_0_2_2_3_3_3_k2_d16	best_codes/collected/SmallGroup_5_1__AAp12_0_0_0_1_2_4_BBp8_0_2_2_3_3_3_k2_d16
SmallGroup_5_1__AAp11_0_0_1_1_2_4_BBp11_0_0_0_1_2_3_k2_d15	SmallGroup_5_1_	180	2	15	100000	dist-m4ri	p11_0_0_1_1_2_4	p11_0_0_0_1_2_3	results/progressive_SmallGroup_5_1_20260123T124903Z	results/progressive_SmallGroup_5_1_20260123T124903Z/best_codes/SmallGroup_5_1__AAp11_0_0_1_1_2_4_BBp11_0_0_0_1_2_3_k2_d15	best_codes/collected/SmallGroup_5_1__AAp11_0_0_1_1_2_4_BBp11_0_0_0_1_2_3_k2_d15
SmallGroup_5_1__AAp27_0_0_2_2_3_4_BBp27_0_1_1_2_2_3_k2_d14	SmallGroup_5_1_	180	2	14	100000	dist-m4ri	p27_0_0_2_2_3_4	p27_0_1_1_2_2_3	results/progressive_SmallGroup_5_1_20260123T124903Z	results/progressive_SmallGroup_5_1_20260123T124903Z/best_codes/SmallGroup_5_1__AAp27_0_0_2_2_3_4_BBp27_0_1_1_2_2_3_k2_d14	best_codes/collected/SmallGroup_5_1__AAp27_0_0_2_2_3_4_BBp27_0_1_1_2_2_3_k2_d14
SmallGroup_5_1__AAp27_0_0_1_1_2_4_BBp27_0_1_1_2_2_3_k2_d13	SmallGroup_5_1_	180	2	13	100000	dist-m4ri	p27_0_0_1_1_2_4	p27_0_1_1_2_2_3	results/progressive_SmallGroup_5_1_20260123T124903Z	results/progressive_SmallGroup_5_1_20260123T124903Z/best_codes/SmallGroup_5_1__AAp27_0_0_1_1_2_4_BBp27_0_1_1_2_2_3_k2_d13	best_codes/collected/SmallGroup_5_1__AAp27_0_0_1_1_2_4_BBp27_0_1_1_2_2_3_k2_d13
SmallGroup_5_1__AAp11_0_0_0_0_0_1_BBp27_0_0_1_2_3_3_k2_d12	SmallGroup_5_1_	180	2	12	100000	dist-m4ri	p11_0_0_0_0_0_1	p27_0_0_1_2_3_3	results/progressive_SmallGroup_5_1_20260123T124903Z	results/progressive_SmallGroup_5_1_20260123T124903Z/best_codes/SmallGroup_5_1__AAp11_0_0_0_0_0_1_BBp27_0_0_1_2_3_3_k2_d12	best_codes/collected/SmallGroup_5_1__AAp11_0_0_0_0_0_1_BBp27_0_0_1_2_3_3_k2_d12
SmallGroup_5_1__AAp27_0_0_1_1_2_4_BBp6_0_0_0_1_2_3_k4_d14	SmallGroup_5_1_	180	4	14	100000	dist-m4ri	p27_0_0_1_1_2_4	p6_0_0_0_1_2_3	results/progressive_SmallGroup_5_1_20260123T124903Z	results/progressive_SmallGroup_5_1_20260123T124903Z/best_codes/SmallGroup_5_1__AAp27_0_0_1_1_2_4_BBp6_0_0_0_1_2_3_k4_d14	best_codes/collected/SmallGroup_5_1__AAp27_0_0_1_1_2_4_BBp6_0_0_0_1_2_3_k4_d14
SmallGroup_5_1__AAp27_0_0_1_1_2_4_BBp6_0_0_0_0_1_1_k4_d12	SmallGroup_5_1_	180	4	12	100000	dist-m4ri	p27_0_0_1_1_2_4	p6_0_0_0_0_1_1	results/progressive_SmallGroup_5_1_20260123T124903Z	results/progressive_SmallGroup_5_1_20260123T124903Z/best_codes/SmallGroup_5_1__AAp27_0_0_1_1_2_4_BBp6_0_0_0_0_1_1_k4_d12	best_codes/collected/SmallGroup_5_1__AAp27_0_0_1_1_2_4_BBp6_0_0_0_0_1_1_k4_d12
SmallGroup_5_1__AAp8_0_0_1_1_2_4_BBp0_0_0_1_1_2_4_k6_d11	SmallGroup_5_1_	180	6	11	100000	dist-m4ri	p8_0_0_1_1_2_4	p0_0_0_1_1_2_4	results/progressive_SmallGroup_5_1_20260123T124903Z	results/progressive_SmallGroup_5_1_20260123T124903Z/best_codes/SmallGroup_5_1__AAp8_0_0_1_1_2_4_BBp0_0_0_1_1_2_4_k6_d11	best_codes/collected/SmallGroup_5_1__AAp8_0_0_1_1_2_4_BBp0_0_0_1_1_2_4_k6_d11
SmallGroup_5_1__AAp0_0_1_2_2_3_4_BBp27_0_0_1_2_3_3_k6_d10	SmallGroup_5_1_	180	6	10	100000	dist-m4ri	p0_0_1_2_2_3_4	p27_0_0_1_2_3_3	results/progressive_SmallGroup_5_1_20260123T124903Z	results/progressive_SmallGroup_5_1_20260123T124903Z/best_codes/SmallGroup_5_1__AAp0_0_1_2_2_3_4_BBp27_0_0_1_2_3_3_k6_d10	best_codes/collected/SmallGroup_5_1__AAp0_0_1_2_2_3_4_BBp27_0_0_1_2_3_3_k6_d10
SmallGroup_5_1__AAp17_0_0_1_1_2_2_BBp17_0_0_2_2_3_3_k8_d14	SmallGroup_5_1_	180	8	14	100000	dist-m4ri	p17_0_0_1_1_2_2	p17_0_0_2_2_3_3	results/progressive_SmallGroup_5_1_20260123T124903Z	results/progressive_SmallGroup_5_1_20260123T124903Z/best_codes/SmallGroup_5_1__AAp17_0_0_1_1_2_2_BBp17_0_0_2_2_3_3_k8_d14	best_codes/collected/SmallGroup_5_1__AAp17_0_0_1_1_2_2_BBp17_0_0_2_2_3_3_k8_d14
SmallGroup_5_1__AAp27_0_0_1_1_2_4_BBp17_0_0_1_1_4_4_k8_d11	SmallGroup_5_1_	180	8	11	100000	dist-m4ri	p27_0_0_1_1_2_4	p17_0_0_1_1_4_4	results/progressive_SmallGroup_5_1_20260123T124903Z	results/progressive_SmallGroup_5_1_20260123T124903Z/best_codes/SmallGroup_5_1__AAp27_0_0_1_1_2_4_BBp17_0_0_1_1_4_4_k8_d11	best_codes/collected/SmallGroup_5_1__AAp27_0_0_1_1_2_4_BBp17_0_0_1_1_4_4_k8_d11
SmallGroup_5_1__AAp16_0_1_2_3_3_4_BBp28_0_0_1_2_3_4_k10_d12	SmallGroup_5_1_	180	10	12	100000	dist-m4ri	p16_0_1_2_3_3_4	p28_0_0_1_2_3_4	results/progressive_SmallGroup_5_1_20260123T124903Z	results/progressive_SmallGroup_5_1_20260123T124903Z/best_codes/SmallGroup_5_1__AAp16_0_1_2_3_3_4_BBp28_0_0_1_2_3_4_k10_d12	best_codes/collected/SmallGroup_5_1__AAp16_0_1_2_3_3_4_BBp28_0_0_1_2_3_4_k10_d12
SmallGroup_5_1__AAp27_0_0_1_1_2_4_BBp28_0_0_1_2_3_4_k10_d11	SmallGroup_5_1_	180	10	11	100000	dist-m4ri	p27_0_0_1_1_2_4	p28_0_0_1_2_3_4	results/progressive_SmallGroup_5_1_20260123T124903Z	results/progressive_SmallGroup_5_1_20260123T124903Z/best_codes/SmallGroup_5_1__AAp27_0_0_1_1_2_4_BBp28_0_0_1_2_3_4_k10_d11	best_codes/collected/SmallGroup_5_1__AAp27_0_0_1_1_2_4_BBp28_0_0_1_2_3_4_k10_d11
SmallGroup_5_1__AAp29_0_0_1_1_3_4_BBp27_0_0_1_1_2_4_k12_d11	SmallGroup_5_1_	180	12	11	100000	dist-m4ri	p29_0_0_1_1_3_4	p27_0_0_1_1_2_4	results/progressive_SmallGroup_5_1_20260123T124903Z	results/progressive_SmallGroup_5_1_20260123T124903Z/best_codes/SmallGroup_5_1__AAp29_0_0_1_1_3_4_BBp27_0_0_1_1_2_4_k12_d11	best_codes/collected/SmallGroup_5_1__AAp29_0_0_1_1_3_4_BBp27_0_0_1_1_2_4_k12_d11
SmallGroup_5_1__AAp0_0_1_2_2_3_4_BBp6_0_0_1_2_4_4_k12_d10	SmallGroup_5_1_	180	12	10	100000	dist-m4ri	p0_0_1_2_2_3_4	p6_0_0_1_2_4_4	results/progressive_SmallGroup_5_1_20260123T124903Z	results/progressive_SmallGroup_5_1_20260123T124903Z/best_codes/SmallGroup_5_1__AAp0_0_1_2_2_3_4_BBp6_0_0_1_2_4_4_k12_d10	best_codes/collected/SmallGroup_5_1__AAp0_0_1_2_2_3_4_BBp6_0_0_1_2_4_4_k12_d10
SmallGroup_5_1__AAp27_0_0_1_1_2_4_BBp0_0_1_2_2_3_4_k14_d10	SmallGroup_5_1_	180	14	10	100000	dist-m4ri	p27_0_0_1_1_2_4	p0_0_1_2_2_3_4	results/progressive_SmallGroup_5_1_20260123T124903Z	results/progressive_SmallGroup_5_1_20260123T124903Z/best_codes/SmallGroup_5_1__AAp27_0_0_1_1_2_4_BBp0_0_1_2_2_3_4_k14_d10	best_codes/collected/SmallGroup_5_1__AAp27_0_0_1_1_2_4_BBp0_0_1_2_2_3_4_k14_d10
SmallGroup_6_1__AAp14_0_0_0_1_2_3_BBp27_0_0_1_2_4_5_k2_d18	SmallGroup_6_1_	216	2	18	100000	dist-m4ri	p14_0_0_0_1_2_3	p27_0_0_1_2_4_5	results/progressive_SmallGroup_6_1_20260123T124903Z	results/progressive_SmallGroup_6_1_20260123T124903Z/best_codes/SmallGroup_6_1__AAp14_0_0_0_1_2_3_BBp27_0_0_1_2_4_5_k2_d18	best_codes/collected/SmallGroup_6_1__AAp14_0_0_0_1_2_3_BBp27_0_0_1_2_4_5_k2_d18
SmallGroup_6_1__AAp12_0_1_1_2_3_5_BBp11_0_0_1_3_3_5_k2_d17	SmallGroup_6_1_	216	2	17	100000	dist-m4ri	p12_0_1_1_2_3_5	p11_0_0_1_3_3_5	results/progressive_SmallGroup_6_1_20260123T124903Z	results/progressive_SmallGroup_6_1_20260123T124903Z/best_codes/SmallGroup_6_1__AAp12_0_1_1_2_3_5_BBp11_0_0_1_3_3_5_k2_d17	best_codes/collected/SmallGroup_6_1__AAp12_0_1_1_2_3_5_BBp11_0_0_1_3_3_5_k2_d17
SmallGroup_6_1__AAp11_0_0_1_2_3_3_BBp11_0_0_1_3_3_5_k2_d16	SmallGroup_6_1_	216	2	16	100000	dist-m4ri	p11_0_0_1_2_3_3	p11_0_0_1_3_3_5	results/progressive_SmallGroup_6_1_20260123T124903Z	results/progressive_SmallGroup_6_1_20260123T124903Z/best_codes/SmallGroup_6_1__AAp11_0_0_1_2_3_3_BBp11_0_0_1_3_3_5_k2_d16	best_codes/collected/SmallGroup_6_1__AAp11_0_0_1_2_3_3_BBp11_0_0_1_3_3_5_k2_d16
SmallGroup_6_1__AAp10_0_0_1_2_3_3_BBp14_0_0_0_1_3_5_k4_d17	SmallGroup_6_1_	216	4	17	100000	dist-m4ri	p10_0_0_1_2_3_3	p14_0_0_0_1_3_5	results/progressive_SmallGroup_6_1_20260123T124903Z	results/progressive_SmallGroup_6_1_20260123T124903Z/best_codes/SmallGroup_6_1__AAp10_0_0_1_2_3_3_BBp14_0_0_0_1_3_5_k4_d17	best_codes/collected/SmallGroup_6_1__AAp10_0_0_1_2_3_3_BBp14_0_0_0_1_3_5_k4_d17
SmallGroup_6_1__AAp10_0_0_1_2_3_3_BBp12_0_0_1_2_2_3_k4_d16	SmallGroup_6_1_	216	4	16	100000	dist-m4ri	p10_0_0_1_2_3_3	p12_0_0_1_2_2_3	results/progressive_SmallGroup_6_1_20260123T124903Z	results/progressive_SmallGroup_6_1_20260123T124903Z/best_codes/SmallGroup_6_1__AAp10_0_0_1_2_3_3_BBp12_0_0_1_2_2_3_k4_d16	best_codes/collected/SmallGroup_6_1__AAp10_0_0_1_2_3_3_BBp12_0_0_1_2_2_3_k4_d16
SmallGroup_6_1__AAp27_0_1_1_1_2_4_BBp27_0_1_2_2_4_5_k6_d16	SmallGroup_6_1_	216	6	16	100000	dist-m4ri	p27_0_1_1_1_2_4	p27_0_1_2_2_4_5	results/progressive_SmallGroup_6_1_20260123T124903Z	results/progressive_SmallGroup_6_1_20260123T124903Z/best_codes/SmallGroup_6_1__AAp27_0_1_1_1_2_4_BBp27_0_1_2_2_4_5_k6_d16	best_codes/collected/SmallGroup_6_1__AAp27_0_1_1_1_2_4_BBp27_0_1_2_2_4_5_k6_d16
SmallGroup_6_1__AAp12_0_0_1_2_2_3_BBp27_0_1_2_2_4_5_k6_d14	SmallGroup_6_1_	216	6	14	100000	dist-m4ri	p12_0_0_1_2_2_3	p27_0_1_2_2_4_5	results/progressive_SmallGroup_6_1_20260123T124903Z	results/progressive_SmallGroup_6_1_20260123T124903Z/best_codes/SmallGroup_6_1__AAp12_0_0_1_2_2_3_BBp27_0_1_2_2_4_5_k6_d14	best_codes/collected/SmallGroup_6_1__AAp12_0_0_1_2_2_3_BBp27_0_1_2_2_4_5_k6_d14
SmallGroup_6_1__AAp11_0_0_1_2_3_3_BBp29_0_1_2_2_3_5_k6_d12	SmallGroup_6_1_	216	6	12	100000	dist-m4ri	p11_0_0_1_2_3_3	p29_0_1_2_2_3_5	results/progressive_SmallGroup_6_1_20260123T124903Z	results/progressive_SmallGroup_6_1_20260123T124903Z/best_codes/SmallGroup_6_1__AAp11_0_0_1_2_3_3_BBp29_0_1_2_2_3_5_k6_d12	best_codes/collected/SmallGroup_6_1__AAp11_0_0_1_2_3_3_BBp29_0_1_2_2_3_5_k6_d12
SmallGroup_6_1__AAp10_0_2_2_2_3_5_BBp27_0_1_2_2_4_5_k8_d16	SmallGroup_6_1_	216	8	16	100000	dist-m4ri	p10_0_2_2_2_3_5	p27_0_1_2_2_4_5	results/progressive_SmallGroup_6_1_20260123T124903Z	results/progressive_SmallGroup_6_1_20260123T124903Z/best_codes/SmallGroup_6_1__AAp10_0_2_2_2_3_5_BBp27_0_1_2_2_4_5_k8_d16	best_codes/collected/SmallGroup_6_1__AAp10_0_2_2_2_3_5_BBp27_0_1_2_2_4_5_k8_d16
SmallGroup_6_1__AAp10_0_0_1_2_3_3_BBp27_0_1_2_2_4_5_k8_d15	SmallGroup_6_1_	216	8	15	100000	dist-m4ri	p10_0_0_1_2_3_3	p27_0_1_2_2_4_5	results/progressive_SmallGroup_6_1_20260123T124903Z	results/progressive_SmallGroup_6_1_20260123T124903Z/best_codes/SmallGroup_6_1__AAp10_0_0_1_2_3_3_BBp27_0_1_2_2_4_5_k8_d15	best_codes/collected/SmallGroup_6_1__AAp10_0_0_1_2_3_3_BBp27_0_1_2_2_4_5_k8_d15
SmallGroup_6_1__AAp27_0_1_2_2_4_5_BBp29_0_1_2_2_3_5_k10_d12	SmallGroup_6_1_	216	10	12	100000	dist-m4ri	p27_0_1_2_2_4_5	p29_0_1_2_2_3_5	results/progressive_SmallGroup_6_1_20260123T124903Z	results/progressive_SmallGroup_6_1_20260123T124903Z/best_codes/SmallGroup_6_1__AAp27_0_1_2_2_4_5_BBp29_0_1_2_2_3_5_k10_d12	best_codes/collected/SmallGroup_6_1__AAp27_0_1_2_2_4_5_BBp29_0_1_2_2_3_5_k10_d12
SmallGroup_6_1__AAp10_0_0_1_2_3_3_BBp27_0_1_2_2_3_5_k12_d12	SmallGroup_6_1_	216	12	12	100000	dist-m4ri	p10_0_0_1_2_3_3	p27_0_1_2_2_3_5	results/progressive_SmallGroup_6_1_20260123T124903Z	results/progressive_SmallGroup_6_1_20260123T124903Z/best_codes/SmallGroup_6_1__AAp10_0_0_1_2_3_3_BBp27_0_1_2_2_3_5_k12_d12	best_codes/collected/SmallGroup_6_1__AAp10_0_0_1_2_3_3_BBp27_0_1_2_2_3_5_k12_d12
SmallGroup_6_1__AAp27_0_1_2_2_3_5_BBp27_0_1_2_2_4_5_k14_d12	SmallGroup_6_1_	216	14	12	100000	dist-m4ri	p27_0_1_2_2_3_5	p27_0_1_2_2_4_5	results/progressive_SmallGroup_6_1_20260123T124903Z	results/progressive_SmallGroup_6_1_20260123T124903Z/best_codes/SmallGroup_6_1__AAp27_0_1_2_2_3_5_BBp27_0_1_2_2_4_5_k14_d12	best_codes/collected/SmallGroup_6_1__AAp27_0_1_2_2_3_5_BBp27_0_1_2_2_4_5_k14_d12
SmallGroup_6_1__AAp27_0_1_2_2_3_5_BBp29_0_0_1_1_3_5_k16_d12	SmallGroup_6_1_	216	16	12	100000	dist-m4ri	p27_0_1_2_2_3_5	p29_0_0_1_1_3_5	results/progressive_SmallGroup_6_1_20260123T124903Z	results/progressive_SmallGroup_6_1_20260123T124903Z/best_codes/SmallGroup_6_1__AAp27_0_1_2_2_3_5_BBp29_0_0_1_1_3_5_k16_d12	best_codes/collected/SmallGroup_6_1__AAp27_0_1_2_2_3_5_BBp29_0_0_1_1_3_5_k16_d12
SmallGroup_6_2__AAp12_0_0_0_2_3_3_BBp11_0_0_1_2_2_3_k2_d18	SmallGroup_6_2_	216	2	18	100000	dist-m4ri	p12_0_0_0_2_3_3	p11_0_0_1_2_2_3	results/progressive_SmallGroup_6_2_20260123T124904Z	results/progressive_SmallGroup_6_2_20260123T124904Z/best_codes/SmallGroup_6_2__AAp12_0_0_0_2_3_3_BBp11_0_0_1_2_2_3_k2_d18	best_codes/collected/SmallGroup_6_2__AAp12_0_0_0_2_3_3_BBp11_0_0_1_2_2_3_k2_d18
SmallGroup_6_2__AAp11_0_0_1_2_3_3_BBp12_0_1_1_2_3_4_k2_d17	SmallGroup_6_2_	216	2	17	100000	dist-m4ri	p11_0_0_1_2_3_3	p12_0_1_1_2_3_4	results/progressive_SmallGroup_6_2_20260123T124904Z	results/progressive_SmallGroup_6_2_20260123T124904Z/best_codes/SmallGroup_6_2__AAp11_0_0_1_2_3_3_BBp12_0_1_1_2_3_4_k2_d17	best_codes/collected/SmallGroup_6_2__AAp11_0_0_1_2_3_3_BBp12_0_1_1_2_3_4_k2_d17
SmallGroup_6_2__AAp12_0_0_0_1_3_3_BBp8_0_0_0_1_2_5_k2_d16	SmallGroup_6_2_	216	2	16	100000	dist-m4ri	p12_0_0_0_1_3_3	p8_0_0_0_1_2_5	results/progressive_SmallGroup_6_2_20260123T124904Z	results/progressive_SmallGroup_6_2_20260123T124904Z/best_codes/SmallGroup_6_2__AAp12_0_0_0_1_3_3_BBp8_0_0_0_1_2_5_k2_d16	best_codes/collected/SmallGroup_6_2__AAp12_0_0_0_1_3_3_BBp8_0_0_0_1_2_5_k2_d16
SmallGroup_6_2__AAp11_0_0_1_2_2_3_BBp8_0_0_0_1_2_5_k2_d15	SmallGroup_6_2_	216	2	15	100000	dist-m4ri	p11_0_0_1_2_2_3	p8_0_0_0_1_2_5	results/progressive_SmallGroup_6_2_20260123T124904Z	results/progressive_SmallGroup_6_2_20260123T124904Z/best_codes/SmallGroup_6_2__AAp11_0_0_1_2_2_3_BBp8_0_0_0_1_2_5_k2_d15	best_codes/collected/SmallGroup_6_2__AAp11_0_0_1_2_2_3_BBp8_0_0_0_1_2_5_k2_d15
SmallGroup_6_2__AAp10_0_3_3_4_5_5_BBp14_0_0_0_5_5_5_k4_d18	SmallGroup_6_2_	216	4	18	100000	dist-m4ri	p10_0_3_3_4_5_5	p14_0_0_0_5_5_5	results/progressive_SmallGroup_6_2_20260123T124904Z	results/progressive_SmallGroup_6_2_20260123T124904Z/best_codes/SmallGroup_6_2__AAp10_0_3_3_4_5_5_BBp14_0_0_0_5_5_5_k4_d18	best_codes/collected/SmallGroup_6_2__AAp10_0_3_3_4_5_5_BBp14_0_0_0_5_5_5_k4_d18
SmallGroup_6_2__AAp17_0_1_2_2_2_3_BBp18_0_1_2_3_5_5_k4_d17	SmallGroup_6_2_	216	4	17	100000	dist-m4ri	p17_0_1_2_2_2_3	p18_0_1_2_3_5_5	results/progressive_SmallGroup_6_2_20260123T124904Z	results/progressive_SmallGroup_6_2_20260123T124904Z/best_codes/SmallGroup_6_2__AAp17_0_1_2_2_2_3_BBp18_0_1_2_3_5_5_k4_d17	best_codes/collected/SmallGroup_6_2__AAp17_0_1_2_2_2_3_BBp18_0_1_2_3_5_5_k4_d17
SmallGroup_6_2__AAp8_0_0_0_1_2_5_BBp10_0_1_2_3_5_5_k4_d16	SmallGroup_6_2_	216	4	16	100000	dist-m4ri	p8_0_0_0_1_2_5	p10_0_1_2_3_5_5	results/progressive_SmallGroup_6_2_20260123T124904Z	results/progressive_SmallGroup_6_2_20260123T124904Z/best_codes/SmallGroup_6_2__AAp8_0_0_0_1_2_5_BBp10_0_1_2_3_5_5_k4_d16	best_codes/collected/SmallGroup_6_2__AAp8_0_0_0_1_2_5_BBp10_0_1_2_3_5_5_k4_d16
SmallGroup_6_2__AAp8_0_0_0_1_2_5_BBp10_0_1_2_3_4_4_k4_d15	SmallGroup_6_2_	216	4	15	100000	dist-m4ri	p8_0_0_0_1_2_5	p10_0_1_2_3_4_4	results/progressive_SmallGroup_6_2_20260123T124904Z	results/progressive_SmallGroup_6_2_20260123T124904Z/best_codes/SmallGroup_6_2__AAp8_0_0_0_1_2_5_BBp10_0_1_2_3_4_4_k4_d15	best_codes/collected/SmallGroup_6_2__AAp8_0_0_0_1_2_5_BBp10_0_1_2_3_4_4_k4_d15
SmallGroup_6_2__AAp12_0_0_0_1_3_5_BBp6_0_1_2_4_5_5_k6_d16	SmallGroup_6_2_	216	6	16	100000	dist-m4ri	p12_0_0_0_1_3_5	p6_0_1_2_4_5_5	results/progressive_SmallGroup_6_2_20260123T124904Z	results/progressive_SmallGroup_6_2_20260123T124904Z/best_codes/SmallGroup_6_2__AAp12_0_0_0_1_3_5_BBp6_0_1_2_4_5_5_k6_d16	best_codes/collected/SmallGroup_6_2__AAp12_0_0_0_1_3_5_BBp6_0_1_2_4_5_5_k6_d16
SmallGroup_6_2__AAp13_0_1_1_2_3_4_BBp12_0_0_0_1_5_5_k6_d14	SmallGroup_6_2_	216	6	14	100000	dist-m4ri	p13_0_1_1_2_3_4	p12_0_0_0_1_5_5	results/progressive_SmallGroup_6_2_20260123T124904Z	results/progressive_SmallGroup_6_2_20260123T124904Z/best_codes/SmallGroup_6_2__AAp13_0_1_1_2_3_4_BBp12_0_0_0_1_5_5_k6_d14	best_codes/collected/SmallGroup_6_2__AAp13_0_1_1_2_3_4_BBp12_0_0_0_1_5_5_k6_d14
SmallGroup_6_2__AAp0_0_1_2_2_3_5_BBp11_0_0_1_2_2_3_k6_d13	SmallGroup_6_2_	216	6	13	100000	dist-m4ri	p0_0_1_2_2_3_5	p11_0_0_1_2_2_3	results/progressive_SmallGroup_6_2_20260123T124904Z	results/progressive_SmallGroup_6_2_20260123T124904Z/best_codes/SmallGroup_6_2__AAp0_0_1_2_2_3_5_BBp11_0_0_1_2_2_3_k6_d13	best_codes/collected/SmallGroup_6_2__AAp0_0_1_2_2_3_5_BBp11_0_0_1_2_2_3_k6_d13
SmallGroup_6_2__AAp6_0_1_2_2_3_5_BBp11_0_0_1_2_2_3_k6_d12	SmallGroup_6_2_	216	6	12	100000	dist-m4ri	p6_0_1_2_2_3_5	p11_0_0_1_2_2_3	results/progressive_SmallGroup_6_2_20260123T124904Z	results/progressive_SmallGroup_6_2_20260123T124904Z/best_codes/SmallGroup_6_2__AAp6_0_1_2_2_3_5_BBp11_0_0_1_2_2_3_k6_d12	best_codes/collected/SmallGroup_6_2__AAp6_0_1_2_2_3_5_BBp11_0_0_1_2_2_3_k6_d12
SmallGroup_6_2__AAp10_0_1_2_2_4_5_BBp8_0_0_0_1_3_4_k8_d16	SmallGroup_6_2_	216	8	16	100000	dist-m4ri	p10_0_1_2_2_4_5	p8_0_0_0_1_3_4	results/progressive_SmallGroup_6_2_20260123T124904Z	results/progressive_SmallGroup_6_2_20260123T124904Z/best_codes/SmallGroup_6_2__AAp10_0_1_2_2_4_5_BBp8_0_0_0_1_3_4_k8_d16	best_codes/collected/SmallGroup_6_2__AAp10_0_1_2_2_4_5_BBp8_0_0_0_1_3_4_k8_d16
SmallGroup_6_2__AAp10_0_1_2_2_4_5_BBp8_0_0_0_1_2_5_k8_d15	SmallGroup_6_2_	216	8	15	100000	dist-m4ri	p10_0_1_2_2_4_5	p8_0_0_0_1_2_5	results/progressive_SmallGroup_6_2_20260123T124904Z	results/progressive_SmallGroup_6_2_20260123T124904Z/best_codes/SmallGroup_6_2__AAp10_0_1_2_2_4_5_BBp8_0_0_0_1_2_5_k8_d15	best_codes/collected/SmallGroup_6_2__AAp10_0_1_2_2_4_5_BBp8_0_0_0_1_2_5_k8_d15
SmallGroup_6_2__AAp6_0_0_1_1_2_3_BBp6_0_1_2_4_5_5_k10_d14	SmallGroup_6_2_	216	10	14	100000	dist-m4ri	p6_0_0_1_1_2_3	p6_0_1_2_4_5_5	results/progressive_SmallGroup_6_2_20260123T124904Z	results/progressive_SmallGroup_6_2_20260123T124904Z/best_codes/SmallGroup_6_2__AAp6_0_0_1_1_2_3_BBp6_0_1_2_4_5_5_k10_d14	best_codes/collected/SmallGroup_6_2__AAp6_0_0_1_1_2_3_BBp6_0_1_2_4_5_5_k10_d14
SmallGroup_6_2__AAp8_0_0_0_1_2_5_BBp15_0_0_1_1_2_4_k10_d13	SmallGroup_6_2_	216	10	13	100000	dist-m4ri	p8_0_0_0_1_2_5	p15_0_0_1_1_2_4	results/progressive_SmallGroup_6_2_20260123T124904Z	results/progressive_SmallGroup_6_2_20260123T124904Z/best_codes/SmallGroup_6_2__AAp8_0_0_0_1_2_5_BBp15_0_0_1_1_2_4_k10_d13	best_codes/collected/SmallGroup_6_2__AAp8_0_0_0_1_2_5_BBp15_0_0_1_1_2_4_k10_d13
SmallGroup_6_2__AAp8_0_0_0_1_2_5_BBp8_0_0_0_1_3_4_k10_d12	SmallGroup_6_2_	216	10	12	100000	dist-m4ri	p8_0_0_0_1_2_5	p8_0_0_0_1_3_4	results/progressive_SmallGroup_6_2_20260123T124904Z	results/progressive_SmallGroup_6_2_20260123T124904Z/best_codes/SmallGroup_6_2__AAp8_0_0_0_1_2_5_BBp8_0_0_0_1_3_4_k10_d12	best_codes/collected/SmallGroup_6_2__AAp8_0_0_0_1_2_5_BBp8_0_0_0_1_3_4_k10_d12
SmallGroup_6_2__AAp6_0_1_2_2_3_5_BBp8_0_0_0_1_2_5_k12_d12	SmallGroup_6_2_	216	12	12	100000	dist-m4ri	p6_0_1_2_2_3_5	p8_0_0_0_1_2_5	results/progressive_SmallGroup_6_2_20260123T124904Z	results/progressive_SmallGroup_6_2_20260123T124904Z/best_codes/SmallGroup_6_2__AAp6_0_1_2_2_3_5_BBp8_0_0_0_1_2_5_k12_d12	best_codes/collected/SmallGroup_6_2__AAp6_0_1_2_2_3_5_BBp8_0_0_0_1_2_5_k12_d12
SmallGroup_6_2__AAp6_0_2_3_3_4_5_BBp15_0_0_1_1_2_4_k14_d12	SmallGroup_6_2_	216	14	12	100000	dist-m4ri	p6_0_2_3_3_4_5	p15_0_0_1_1_2_4	results/progressive_SmallGroup_6_2_20260123T124904Z	results/progressive_SmallGroup_6_2_20260123T124904Z/best_codes/SmallGroup_6_2__AAp6_0_2_3_3_4_5_BBp15_0_0_1_1_2_4_k14_d12	best_codes/collected/SmallGroup_6_2__AAp6_0_2_3_3_4_5_BBp15_0_0_1_1_2_4_k14_d12
SmallGroup_6_2__AAp6_0_1_2_2_3_4_BBp6_0_1_2_3_3_4_k16_d12	SmallGroup_6_2_	216	16	12	100000	dist-m4ri	p6_0_1_2_2_3_4	p6_0_1_2_3_3_4	results/progressive_SmallGroup_6_2_20260123T124904Z	results/progressive_SmallGroup_6_2_20260123T124904Z/best_codes/SmallGroup_6_2__AAp6_0_1_2_2_3_4_BBp6_0_1_2_3_3_4_k16_d12	best_codes/collected/SmallGroup_6_2__AAp6_0_1_2_2_3_4_BBp6_0_1_2_3_3_4_k16_d12
SmallGroup_7_1__AAp11_0_0_1_3_4_6_BBp8_0_2_3_5_5_6_k2_d21	SmallGroup_7_1_	252	2	21	100000	dist-m4ri	p11_0_0_1_3_4_6	p8_0_2_3_5_5_6	results/progressive_SmallGroup_7_1_20260123T124935Z	results/progressive_SmallGroup_7_1_20260123T124935Z/best_codes/SmallGroup_7_1__AAp11_0_0_1_3_4_6_BBp8_0_2_3_5_5_6_k2_d21	best_codes/collected/SmallGroup_7_1__AAp11_0_0_1_3_4_6_BBp8_0_2_3_5_5_6_k2_d21
SmallGroup_7_1__AAp15_0_0_3_4_6_6_BBp15_0_2_2_3_3_6_k2_d20	SmallGroup_7_1_	252	2	20	100000	dist-m4ri	p15_0_0_3_4_6_6	p15_0_2_2_3_3_6	results/progressive_SmallGroup_7_1_20260123T124935Z	results/progressive_SmallGroup_7_1_20260123T124935Z/best_codes/SmallGroup_7_1__AAp15_0_0_3_4_6_6_BBp15_0_2_2_3_3_6_k2_d20	best_codes/collected/SmallGroup_7_1__AAp15_0_0_3_4_6_6_BBp15_0_2_2_3_3_6_k2_d20
SmallGroup_7_1__AAp15_0_1_1_2_3_4_BBp15_0_0_1_1_3_4_k2_d19	SmallGroup_7_1_	252	2	19	200000	dist-m4ri	p15_0_1_1_2_3_4	p15_0_0_1_1_3_4	results/progressive_SmallGroup_7_1_20260123T160806Z	results/progressive_SmallGroup_7_1_20260123T160806Z/best_codes/SmallGroup_7_1__AAp15_0_1_1_2_3_4_BBp15_0_0_1_1_3_4_k2_d19	best_codes/collected/SmallGroup_7_1__AAp15_0_1_1_2_3_4_BBp15_0_0_1_1_3_4_k2_d19
SmallGroup_7_1__AAp15_0_0_3_4_6_6_BBp15_0_0_1_1_3_4_k2_d17	SmallGroup_7_1_	252	2	17	200000	dist-m4ri	p15_0_0_3_4_6_6	p15_0_0_1_1_3_4	results/progressive_SmallGroup_7_1_20260123T160806Z	results/progressive_SmallGroup_7_1_20260123T160806Z/best_codes/SmallGroup_7_1__AAp15_0_0_3_4_6_6_BBp15_0_0_1_1_3_4_k2_d17	best_codes/collected/SmallGroup_7_1__AAp15_0_0_3_4_6_6_BBp15_0_0_1_1_3_4_k2_d17
SmallGroup_7_1__AAp6_0_0_0_1_2_3_BBp8_0_2_3_5_5_6_k4_d20	SmallGroup_7_1_	252	4	20	100000	dist-m4ri	p6_0_0_0_1_2_3	p8_0_2_3_5_5_6	results/progressive_SmallGroup_7_1_20260123T124935Z	results/progressive_SmallGroup_7_1_20260123T124935Z/best_codes/SmallGroup_7_1__AAp6_0_0_0_1_2_3_BBp8_0_2_3_5_5_6_k4_d20	best_codes/collected/SmallGroup_7_1__AAp6_0_0_0_1_2_3_BBp8_0_2_3_5_5_6_k4_d20
SmallGroup_7_1__AAp6_0_0_0_1_3_5_BBp27_0_2_3_5_5_6_k4_d19	SmallGroup_7_1_	252	4	19	100000	dist-m4ri	p6_0_0_0_1_3_5	p27_0_2_3_5_5_6	results/progressive_SmallGroup_7_1_20260123T124935Z	results/progressive_SmallGroup_7_1_20260123T124935Z/best_codes/SmallGroup_7_1__AAp6_0_0_0_1_3_5_BBp27_0_2_3_5_5_6_k4_d19	best_codes/collected/SmallGroup_7_1__AAp6_0_0_0_1_3_5_BBp27_0_2_3_5_5_6_k4_d19
SmallGroup_7_1__AAp6_0_0_0_1_2_3_BBp27_0_1_2_3_3_6_k4_d17	SmallGroup_7_1_	252	4	17	100000	dist-m4ri	p6_0_0_0_1_2_3	p27_0_1_2_3_3_6	results/progressive_SmallGroup_7_1_20260123T124935Z	results/progressive_SmallGroup_7_1_20260123T124935Z/best_codes/SmallGroup_7_1__AAp6_0_0_0_1_2_3_BBp27_0_1_2_3_3_6_k4_d17	best_codes/collected/SmallGroup_7_1__AAp6_0_0_0_1_2_3_BBp27_0_1_2_3_3_6_k4_d17
SmallGroup_7_1__AAp6_0_1_2_3_4_5_BBp27_0_1_2_3_3_6_k4_d16	SmallGroup_7_1_	252	4	16	200000	dist-m4ri	p6_0_1_2_3_4_5	p27_0_1_2_3_3_6	results/progressive_SmallGroup_7_1_20260123T160806Z	results/progressive_SmallGroup_7_1_20260123T160806Z/best_codes/SmallGroup_7_1__AAp6_0_1_2_3_4_5_BBp27_0_1_2_3_3_6_k4_d16	best_codes/collected/SmallGroup_7_1__AAp6_0_1_2_3_4_5_BBp27_0_1_2_3_3_6_k4_d16
SmallGroup_7_1__AAp11_0_0_0_0_0_1_BBp6_0_1_2_3_5_6_k4_d14	SmallGroup_7_1_	252	4	14	200000	dist-m4ri	p11_0_0_0_0_0_1	p6_0_1_2_3_5_6	results/progressive_SmallGroup_7_1_20260123T160806Z	results/progressive_SmallGroup_7_1_20260123T160806Z/best_codes/SmallGroup_7_1__AAp11_0_0_0_0_0_1_BBp6_0_1_2_3_5_6_k4_d14	best_codes/collected/SmallGroup_7_1__AAp11_0_0_0_0_0_1_BBp6_0_1_2_3_5_6_k4_d14
SmallGroup_7_1__AAp24_0_0_2_3_6_6_BBp10_0_2_2_3_4_6_k6_d20	SmallGroup_7_1_	252	6	20	100000	dist-m4ri	p24_0_0_2_3_6_6	p10_0_2_2_3_4_6	results/progressive_SmallGroup_7_1_20260123T124935Z	results/progressive_SmallGroup_7_1_20260123T124935Z/best_codes/SmallGroup_7_1__AAp24_0_0_2_3_6_6_BBp10_0_2_2_3_4_6_k6_d20	best_codes/collected/SmallGroup_7_1__AAp24_0_0_2_3_6_6_BBp10_0_2_2_3_4_6_k6_d20
SmallGroup_7_1__AAp13_0_1_3_4_4_6_BBp10_0_0_1_4_4_5_k6_d19	SmallGroup_7_1_	252	6	19	100000	dist-m4ri	p13_0_1_3_4_4_6	p10_0_0_1_4_4_5	results/progressive_SmallGroup_7_1_20260123T124935Z	results/progressive_SmallGroup_7_1_20260123T124935Z/best_codes/SmallGroup_7_1__AAp13_0_1_3_4_4_6_BBp10_0_0_1_4_4_5_k6_d19	best_codes/collected/SmallGroup_7_1__AAp13_0_1_3_4_4_6_BBp10_0_0_1_4_4_5_k6_d19
SmallGroup_7_1__AAp13_0_1_1_4_5_6_BBp10_0_0_1_4_4_5_k6_d18	SmallGroup_7_1_	252	6	18	200000	dist-m4ri	p13_0_1_1_4_5_6	p10_0_0_1_4_4_5	results/progressive_SmallGroup_7_1_20260123T160806Z	results/progressive_SmallGroup_7_1_20260123T160806Z/best_codes/SmallGroup_7_1__AAp13_0_1_1_4_5_6_BBp10_0_0_1_4_4_5_k6_d18	best_codes/collected/SmallGroup_7_1__AAp13_0_1_1_4_5_6_BBp10_0_0_1_4_4_5_k6_d18
SmallGroup_7_1__AAp13_0_1_1_4_5_6_BBp10_0_0_1_3_3_4_k6_d17	SmallGroup_7_1_	252	6	17	200000	dist-m4ri	p13_0_1_1_4_5_6	p10_0_0_1_3_3_4	results/progressive_SmallGroup_7_1_20260123T160806Z	results/progressive_SmallGroup_7_1_20260123T160806Z/best_codes/SmallGroup_7_1__AAp13_0_1_1_4_5_6_BBp10_0_0_1_3_3_4_k6_d17	best_codes/collected/SmallGroup_7_1__AAp13_0_1_1_4_5_6_BBp10_0_0_1_3_3_4_k6_d17
SmallGroup_7_1__AAp15_0_0_3_4_6_6_BBp10_0_0_1_3_3_4_k6_d16	SmallGroup_7_1_	252	6	16	200000	dist-m4ri	p15_0_0_3_4_6_6	p10_0_0_1_3_3_4	results/progressive_SmallGroup_7_1_20260123T160806Z	results/progressive_SmallGroup_7_1_20260123T160806Z/best_codes/SmallGroup_7_1__AAp15_0_0_3_4_6_6_BBp10_0_0_1_3_3_4_k6_d16	best_codes/collected/SmallGroup_7_1__AAp15_0_0_3_4_6_6_BBp10_0_0_1_3_3_4_k6_d16
SmallGroup_7_1__AAp6_0_0_0_1_2_3_BBp6_0_2_3_5_5_6_k8_d18	SmallGroup_7_1_	252	8	18	100000	dist-m4ri	p6_0_0_0_1_2_3	p6_0_2_3_5_5_6	results/progressive_SmallGroup_7_1_20260123T124935Z	results/progressive_SmallGroup_7_1_20260123T124935Z/best_codes/SmallGroup_7_1__AAp6_0_0_0_1_2_3_BBp6_0_2_3_5_5_6_k8_d18	best_codes/collected/SmallGroup_7_1__AAp6_0_0_0_1_2_3_BBp6_0_2_3_5_5_6_k8_d18
SmallGroup_7_1__AAp19_0_1_1_3_5_6_BBp15_0_1_2_5_6_6_k8_d17	SmallGroup_7_1_	252	8	17	100000	dist-m4ri	p19_0_1_1_3_5_6	p15_0_1_2_5_6_6	results/progressive_SmallGroup_7_1_20260123T124935Z	results/progressive_SmallGroup_7_1_20260123T124935Z/best_codes/SmallGroup_7_1__AAp19_0_1_1_3_5_6_BBp15_0_1_2_5_6_6_k8_d17	best_codes/collected/SmallGroup_7_1__AAp19_0_1_1_3_5_6_BBp15_0_1_2_5_6_6_k8_d17
SmallGroup_7_1__AAp6_0_1_2_3_4_5_BBp6_0_1_2_3_5_6_k8_d16	SmallGroup_7_1_	252	8	16	200000	dist-m4ri	p6_0_1_2_3_4_5	p6_0_1_2_3_5_6	results/progressive_SmallGroup_7_1_20260123T160806Z	results/progressive_SmallGroup_7_1_20260123T160806Z/best_codes/SmallGroup_7_1__AAp6_0_1_2_3_4_5_BBp6_0_1_2_3_5_6_k8_d16	best_codes/collected/SmallGroup_7_1__AAp6_0_1_2_3_4_5_BBp6_0_1_2_3_5_6_k8_d16
SmallGroup_7_1__AAp6_0_0_0_0_1_1_BBp6_0_1_2_3_5_6_k8_d14	SmallGroup_7_1_	252	8	14	200000	dist-m4ri	p6_0_0_0_0_1_1	p6_0_1_2_3_5_6	results/progressive_SmallGroup_7_1_20260123T160806Z	results/progressive_SmallGroup_7_1_20260123T160806Z/best_codes/SmallGroup_7_1__AAp6_0_0_0_0_1_1_BBp6_0_1_2_3_5_6_k8_d14	best_codes/collected/SmallGroup_7_1__AAp6_0_0_0_0_1_1_BBp6_0_1_2_3_5_6_k8_d14
SmallGroup_7_1__AAp11_0_0_1_1_3_4_BBp6_0_0_0_4_5_6_k10_d17	SmallGroup_7_1_	252	10	17	100000	dist-m4ri	p11_0_0_1_1_3_4	p6_0_0_0_4_5_6	results/progressive_SmallGroup_7_1_20260123T124935Z	results/progressive_SmallGroup_7_1_20260123T124935Z/best_codes/SmallGroup_7_1__AAp11_0_0_1_1_3_4_BBp6_0_0_0_4_5_6_k10_d17	best_codes/collected/SmallGroup_7_1__AAp11_0_0_1_1_3_4_BBp6_0_0_0_4_5_6_k10_d17
SmallGroup_7_1__AAp8_0_1_2_2_3_5_BBp6_0_0_0_1_4_5_k10_d16	SmallGroup_7_1_	252	10	16	100000	dist-m4ri	p8_0_1_2_2_3_5	p6_0_0_0_1_4_5	results/progressive_SmallGroup_7_1_20260123T124935Z	results/progressive_SmallGroup_7_1_20260123T124935Z/best_codes/SmallGroup_7_1__AAp8_0_1_2_2_3_5_BBp6_0_0_0_1_4_5_k10_d16	best_codes/collected/SmallGroup_7_1__AAp8_0_1_2_2_3_5_BBp6_0_0_0_1_4_5_k10_d16
SmallGroup_7_1__AAp1_0_1_2_2_3_5_BBp8_0_1_2_3_3_6_k10_d15	SmallGroup_7_1_	252	10	15	100000	dist-m4ri	p1_0_1_2_2_3_5	p8_0_1_2_3_3_6	results/progressive_SmallGroup_7_1_20260123T124935Z	results/progressive_SmallGroup_7_1_20260123T124935Z/best_codes/SmallGroup_7_1__AAp1_0_1_2_2_3_5_BBp8_0_1_2_3_3_6_k10_d15	best_codes/collected/SmallGroup_7_1__AAp1_0_1_2_2_3_5_BBp8_0_1_2_3_3_6_k10_d15
SmallGroup_7_1__AAp13_0_1_1_4_5_6_BBp27_0_2_3_4_4_5_k10_d14	SmallGroup_7_1_	252	10	14	100000	dist-m4ri	p13_0_1_1_4_5_6	p27_0_2_3_4_4_5	results/progressive_SmallGroup_7_1_20260123T124935Z	results/progressive_SmallGroup_7_1_20260123T124935Z/best_codes/SmallGroup_7_1__AAp13_0_1_1_4_5_6_BBp27_0_2_3_4_4_5_k10_d14	best_codes/collected/SmallGroup_7_1__AAp13_0_1_1_4_5_6_BBp27_0_2_3_4_4_5_k10_d14
SmallGroup_7_1__AAp10_0_1_2_2_4_6_BBp25_0_0_1_3_4_6_k12_d16	SmallGroup_7_1_	252	12	16	100000	dist-m4ri	p10_0_1_2_2_4_6	p25_0_0_1_3_4_6	results/progressive_SmallGroup_7_1_20260123T124935Z	results/progressive_SmallGroup_7_1_20260123T124935Z/best_codes/SmallGroup_7_1__AAp10_0_1_2_2_4_6_BBp25_0_0_1_3_4_6_k12_d16	best_codes/collected/SmallGroup_7_1__AAp10_0_1_2_2_4_6_BBp25_0_0_1_3_4_6_k12_d16
SmallGroup_7_1__AAp6_0_1_2_3_4_5_BBp10_0_0_1_4_4_5_k12_d15	SmallGroup_7_1_	252	12	15	100000	dist-m4ri	p6_0_1_2_3_4_5	p10_0_0_1_4_4_5	results/progressive_SmallGroup_7_1_20260123T124935Z	results/progressive_SmallGroup_7_1_20260123T124935Z/best_codes/SmallGroup_7_1__AAp6_0_1_2_3_4_5_BBp10_0_0_1_4_4_5_k12_d15	best_codes/collected/SmallGroup_7_1__AAp6_0_1_2_3_4_5_BBp10_0_0_1_4_4_5_k12_d15
SmallGroup_7_1__AAp6_0_1_2_3_4_5_BBp10_0_0_1_3_3_4_k12_d14	SmallGroup_7_1_	252	12	14	200000	dist-m4ri	p6_0_1_2_3_4_5	p10_0_0_1_3_3_4	results/progressive_SmallGroup_7_1_20260123T160806Z	results/progressive_SmallGroup_7_1_20260123T160806Z/best_codes/SmallGroup_7_1__AAp6_0_1_2_3_4_5_BBp10_0_0_1_3_3_4_k12_d14	best_codes/collected/SmallGroup_7_1__AAp6_0_1_2_3_4_5_BBp10_0_0_1_3_3_4_k12_d14
SmallGroup_7_1__AAp6_0_0_1_2_2_5_BBp6_0_0_0_2_3_6_k14_d14	SmallGroup_7_1_	252	14	14	100000	dist-m4ri	p6_0_0_1_2_2_5	p6_0_0_0_2_3_6	results/progressive_SmallGroup_7_1_20260123T124935Z	results/progressive_SmallGroup_7_1_20260123T124935Z/best_codes/SmallGroup_7_1__AAp6_0_0_1_2_2_5_BBp6_0_0_0_2_3_6_k14_d14	best_codes/collected/SmallGroup_7_1__AAp6_0_0_1_2_2_5_BBp6_0_0_0_2_3_6_k14_d14
SmallGroup_7_1__AAp6_0_1_2_4_5_6_BBp11_0_1_2_2_4_6_k16_d14	SmallGroup_7_1_	252	16	14	100000	dist-m4ri	p6_0_1_2_4_5_6	p11_0_1_2_2_4_6	results/progressive_SmallGroup_7_1_20260123T124935Z	results/progressive_SmallGroup_7_1_20260123T124935Z/best_codes/SmallGroup_7_1__AAp6_0_1_2_4_5_6_BBp11_0_1_2_2_4_6_k16_d14	best_codes/collected/SmallGroup_7_1__AAp6_0_1_2_4_5_6_BBp11_0_1_2_2_4_6_k16_d14
SmallGroup_8_1__AAp11_0_0_1_4_7_7_BBp12_0_1_3_4_5_6_k2_d25	SmallGroup_8_1_	288	2	25	100000	dist-m4ri	p11_0_0_1_4_7_7	p12_0_1_3_4_5_6	results/progressive_SmallGroup_8_1_20260123T125211Z	results/progressive_SmallGroup_8_1_20260123T125211Z/best_codes/SmallGroup_8_1__AAp11_0_0_1_4_7_7_BBp12_0_1_3_4_5_6_k2_d25	best_codes/collected/SmallGroup_8_1__AAp11_0_0_1_4_7_7_BBp12_0_1_3_4_5_6_k2_d25
SmallGroup_8_1__AAp27_0_4_4_5_6_7_BBp11_0_1_4_5_6_7_k2_d24	SmallGroup_8_1_	288	2	24	100000	dist-m4ri	p27_0_4_4_5_6_7	p11_0_1_4_5_6_7	results/progressive_SmallGroup_8_1_20260123T125211Z	results/progressive_SmallGroup_8_1_20260123T125211Z/best_codes/SmallGroup_8_1__AAp27_0_4_4_5_6_7_BBp11_0_1_4_5_6_7_k2_d24	best_codes/collected/SmallGroup_8_1__AAp27_0_4_4_5_6_7_BBp11_0_1_4_5_6_7_k2_d24
SmallGroup_8_1__AAp11_0_0_1_3_6_7_BBp12_0_0_0_2_4_5_k2_d23	SmallGroup_8_1_	288	2	23	100000	dist-m4ri	p11_0_0_1_3_6_7	p12_0_0_0_2_4_5	results/progressive_SmallGroup_8_1_20260123T125211Z	results/progressive_SmallGroup_8_1_20260123T125211Z/best_codes/SmallGroup_8_1__AAp11_0_0_1_3_6_7_BBp12_0_0_0_2_4_5_k2_d23	best_codes/collected/SmallGroup_8_1__AAp11_0_0_1_3_6_7_BBp12_0_0_0_2_4_5_k2_d23
SmallGroup_8_1__AAp11_0_0_1_3_6_7_BBp11_0_0_1_1_2_4_k2_d21	SmallGroup_8_1_	288	2	21	100000	dist-m4ri	p11_0_0_1_3_6_7	p11_0_0_1_1_2_4	results/progressive_SmallGroup_8_1_20260123T125211Z	results/progressive_SmallGroup_8_1_20260123T125211Z/best_codes/SmallGroup_8_1__AAp11_0_0_1_3_6_7_BBp11_0_0_1_1_2_4_k2_d21	best_codes/collected/SmallGroup_8_1__AAp11_0_0_1_3_6_7_BBp11_0_0_1_1_2_4_k2_d21
SmallGroup_8_1__AAp11_0_0_1_2_2_4_BBp11_0_0_1_1_2_4_k2_d17	SmallGroup_8_1_	288	2	17	100000	dist-m4ri	p11_0_0_1_2_2_4	p11_0_0_1_1_2_4	results/progressive_SmallGroup_8_1_20260123T125211Z	results/progressive_SmallGroup_8_1_20260123T125211Z/best_codes/SmallGroup_8_1__AAp11_0_0_1_2_2_4_BBp11_0_0_1_1_2_4_k2_d17	best_codes/collected/SmallGroup_8_1__AAp11_0_0_1_2_2_4_BBp11_0_0_1_1_2_4_k2_d17
SmallGroup_8_1__AAp27_0_4_5_5_6_7_BBp12_0_3_3_4_7_7_k4_d23	SmallGroup_8_1_	288	4	23	100000	dist-m4ri	p27_0_4_5_5_6_7	p12_0_3_3_4_7_7	results/progressive_SmallGroup_8_1_20260123T125211Z	results/progressive_SmallGroup_8_1_20260123T125211Z/best_codes/SmallGroup_8_1__AAp27_0_4_5_5_6_7_BBp12_0_3_3_4_7_7_k4_d23	best_codes/collected/SmallGroup_8_1__AAp27_0_4_5_5_6_7_BBp12_0_3_3_4_7_7_k4_d23
SmallGroup_8_1__AAp27_0_1_2_2_3_7_BBp8_0_0_1_4_4_7_k4_d22	SmallGroup_8_1_	288	4	22	100000	dist-m4ri	p27_0_1_2_2_3_7	p8_0_0_1_4_4_7	results/progressive_SmallGroup_8_1_20260123T125211Z	results/progressive_SmallGroup_8_1_20260123T125211Z/best_codes/SmallGroup_8_1__AAp27_0_1_2_2_3_7_BBp8_0_0_1_4_4_7_k4_d22	best_codes/collected/SmallGroup_8_1__AAp27_0_1_2_2_3_7_BBp8_0_0_1_4_4_7_k4_d22
SmallGroup_8_1__AAp12_0_0_3_4_5_6_BBp11_0_1_1_2_5_7_k4_d20	SmallGroup_8_1_	288	4	20	100000	dist-m4ri	p12_0_0_3_4_5_6	p11_0_1_1_2_5_7	results/progressive_SmallGroup_8_1_20260123T125211Z	results/progressive_SmallGroup_8_1_20260123T125211Z/best_codes/SmallGroup_8_1__AAp12_0_0_3_4_5_6_BBp11_0_1_1_2_5_7_k4_d20	best_codes/collected/SmallGroup_8_1__AAp12_0_0_3_4_5_6_BBp11_0_1_1_2_5_7_k4_d20
SmallGroup_8_1__AAp11_0_0_1_3_6_7_BBp15_0_0_1_5_6_6_k4_d19	SmallGroup_8_1_	288	4	19	100000	dist-m4ri	p11_0_0_1_3_6_7	p15_0_0_1_5_6_6	results/progressive_SmallGroup_8_1_20260123T125211Z	results/progressive_SmallGroup_8_1_20260123T125211Z/best_codes/SmallGroup_8_1__AAp11_0_0_1_3_6_7_BBp15_0_0_1_5_6_6_k4_d19	best_codes/collected/SmallGroup_8_1__AAp11_0_0_1_3_6_7_BBp15_0_0_1_5_6_6_k4_d19
SmallGroup_8_1__AAp27_0_1_2_2_3_4_BBp29_0_0_1_2_4_4_k4_d18	SmallGroup_8_1_	288	4	18	100000	dist-m4ri	p27_0_1_2_2_3_4	p29_0_0_1_2_4_4	results/progressive_SmallGroup_8_1_20260123T125211Z	results/progressive_SmallGroup_8_1_20260123T125211Z/best_codes/SmallGroup_8_1__AAp27_0_1_2_2_3_4_BBp29_0_0_1_2_4_4_k4_d18	best_codes/collected/SmallGroup_8_1__AAp27_0_1_2_2_3_4_BBp29_0_0_1_2_4_4_k4_d18
SmallGroup_8_1__AAp11_0_0_1_3_6_7_BBp11_0_0_1_2_3_7_k4_d17	SmallGroup_8_1_	288	4	17	100000	dist-m4ri	p11_0_0_1_3_6_7	p11_0_0_1_2_3_7	results/progressive_SmallGroup_8_1_20260123T125211Z	results/progressive_SmallGroup_8_1_20260123T125211Z/best_codes/SmallGroup_8_1__AAp11_0_0_1_3_6_7_BBp11_0_0_1_2_3_7_k4_d17	best_codes/collected/SmallGroup_8_1__AAp11_0_0_1_3_6_7_BBp11_0_0_1_2_3_7_k4_d17
SmallGroup_8_1__AAp11_0_0_1_2_2_4_BBp11_0_0_1_2_3_7_k4_d16	SmallGroup_8_1_	288	4	16	100000	dist-m4ri	p11_0_0_1_2_2_4	p11_0_0_1_2_3_7	results/progressive_SmallGroup_8_1_20260123T125211Z	results/progressive_SmallGroup_8_1_20260123T125211Z/best_codes/SmallGroup_8_1__AAp11_0_0_1_2_2_4_BBp11_0_0_1_2_3_7_k4_d16	best_codes/collected/SmallGroup_8_1__AAp11_0_0_1_2_2_4_BBp11_0_0_1_2_3_7_k4_d16
SmallGroup_8_1__AAp27_0_1_2_2_3_7_BBp11_0_0_1_3_4_7_k6_d22	SmallGroup_8_1_	288	6	22	100000	dist-m4ri	p27_0_1_2_2_3_7	p11_0_0_1_3_4_7	results/progressive_SmallGroup_8_1_20260123T125211Z	results/progressive_SmallGroup_8_1_20260123T125211Z/best_codes/SmallGroup_8_1__AAp27_0_1_2_2_3_7_BBp11_0_0_1_3_4_7_k6_d22	best_codes/collected/SmallGroup_8_1__AAp27_0_1_2_2_3_7_BBp11_0_0_1_3_4_7_k6_d22
SmallGroup_8_1__AAp27_0_4_5_5_6_7_BBp12_0_0_0_1_4_7_k6_d21	SmallGroup_8_1_	288	6	21	100000	dist-m4ri	p27_0_4_5_5_6_7	p12_0_0_0_1_4_7	results/progressive_SmallGroup_8_1_20260123T125211Z	results/progressive_SmallGroup_8_1_20260123T125211Z/best_codes/SmallGroup_8_1__AAp27_0_4_5_5_6_7_BBp12_0_0_0_1_4_7_k6_d21	best_codes/collected/SmallGroup_8_1__AAp27_0_4_5_5_6_7_BBp12_0_0_0_1_4_7_k6_d21
SmallGroup_8_1__AAp27_0_1_2_2_3_4_BBp12_0_4_5_6_6_7_k6_d20	SmallGroup_8_1_	288	6	20	100000	dist-m4ri	p27_0_1_2_2_3_4	p12_0_4_5_6_6_7	results/progressive_SmallGroup_8_1_20260123T125211Z	results/progressive_SmallGroup_8_1_20260123T125211Z/best_codes/SmallGroup_8_1__AAp27_0_1_2_2_3_4_BBp12_0_4_5_6_6_7_k6_d20	best_codes/collected/SmallGroup_8_1__AAp27_0_1_2_2_3_4_BBp12_0_4_5_6_6_7_k6_d20
SmallGroup_8_1__AAp11_0_0_1_3_6_7_BBp12_0_4_5_6_6_7_k6_d19	SmallGroup_8_1_	288	6	19	100000	dist-m4ri	p11_0_0_1_3_6_7	p12_0_4_5_6_6_7	results/progressive_SmallGroup_8_1_20260123T125211Z	results/progressive_SmallGroup_8_1_20260123T125211Z/best_codes/SmallGroup_8_1__AAp11_0_0_1_3_6_7_BBp12_0_4_5_6_6_7_k6_d19	best_codes/collected/SmallGroup_8_1__AAp11_0_0_1_3_6_7_BBp12_0_4_5_6_6_7_k6_d19
SmallGroup_8_1__AAp29_0_0_1_1_4_6_BBp8_0_0_1_4_4_7_k6_d18	SmallGroup_8_1_	288	6	18	100000	dist-m4ri	p29_0_0_1_1_4_6	p8_0_0_1_4_4_7	results/progressive_SmallGroup_8_1_20260123T125211Z	results/progressive_SmallGroup_8_1_20260123T125211Z/best_codes/SmallGroup_8_1__AAp29_0_0_1_1_4_6_BBp8_0_0_1_4_4_7_k6_d18	best_codes/collected/SmallGroup_8_1__AAp29_0_0_1_1_4_6_BBp8_0_0_1_4_4_7_k6_d18
SmallGroup_8_1__AAp29_0_0_1_1_4_6_BBp11_0_0_3_4_6_7_k6_d17	SmallGroup_8_1_	288	6	17	100000	dist-m4ri	p29_0_0_1_1_4_6	p11_0_0_3_4_6_7	results/progressive_SmallGroup_8_1_20260123T125211Z	results/progressive_SmallGroup_8_1_20260123T125211Z/best_codes/SmallGroup_8_1__AAp29_0_0_1_1_4_6_BBp11_0_0_3_4_6_7_k6_d17	best_codes/collected/SmallGroup_8_1__AAp29_0_0_1_1_4_6_BBp11_0_0_3_4_6_7_k6_d17
SmallGroup_8_1__AAp29_0_0_1_1_4_6_BBp11_0_0_1_2_3_7_k6_d16	SmallGroup_8_1_	288	6	16	100000	dist-m4ri	p29_0_0_1_1_4_6	p11_0_0_1_2_3_7	results/progressive_SmallGroup_8_1_20260123T125211Z	results/progressive_SmallGroup_8_1_20260123T125211Z/best_codes/SmallGroup_8_1__AAp29_0_0_1_1_4_6_BBp11_0_0_1_2_3_7_k6_d16	best_codes/collected/SmallGroup_8_1__AAp29_0_0_1_1_4_6_BBp11_0_0_1_2_3_7_k6_d16
SmallGroup_8_1__AAp27_0_1_2_2_3_4_BBp12_0_0_2_4_4_6_k8_d20	SmallGroup_8_1_	288	8	20	100000	dist-m4ri	p27_0_1_2_2_3_4	p12_0_0_2_4_4_6	results/progressive_SmallGroup_8_1_20260123T125211Z	results/progressive_SmallGroup_8_1_20260123T125211Z/best_codes/SmallGroup_8_1__AAp27_0_1_2_2_3_4_BBp12_0_0_2_4_4_6_k8_d20	best_codes/collected/SmallGroup_8_1__AAp27_0_1_2_2_3_4_BBp12_0_0_2_4_4_6_k8_d20
SmallGroup_8_1__AAp11_0_0_1_3_6_7_BBp12_0_0_2_4_4_6_k8_d18	SmallGroup_8_1_	288	8	18	100000	dist-m4ri	p11_0_0_1_3_6_7	p12_0_0_2_4_4_6	results/progressive_SmallGroup_8_1_20260123T125211Z	results/progressive_SmallGroup_8_1_20260123T125211Z/best_codes/SmallGroup_8_1__AAp11_0_0_1_3_6_7_BBp12_0_0_2_4_4_6_k8_d18	best_codes/collected/SmallGroup_8_1__AAp11_0_0_1_3_6_7_BBp12_0_0_2_4_4_6_k8_d18
SmallGroup_8_1__AAp27_0_1_2_2_3_4_BBp20_0_0_0_1_2_7_k8_d16	SmallGroup_8_1_	288	8	16	100000	dist-m4ri	p27_0_1_2_2_3_4	p20_0_0_0_1_2_7	results/progressive_SmallGroup_8_1_20260123T125211Z	results/progressive_SmallGroup_8_1_20260123T125211Z/best_codes/SmallGroup_8_1__AAp27_0_1_2_2_3_4_BBp20_0_0_0_1_2_7_k8_d16	best_codes/collected/SmallGroup_8_1__AAp27_0_1_2_2_3_4_BBp20_0_0_0_1_2_7_k8_d16
SmallGroup_8_1__AAp27_0_1_2_2_3_4_BBp12_0_2_2_4_5_6_k10_d20	SmallGroup_8_1_	288	10	20	100000	dist-m4ri	p27_0_1_2_2_3_4	p12_0_2_2_4_5_6	results/progressive_SmallGroup_8_1_20260123T125211Z	results/progressive_SmallGroup_8_1_20260123T125211Z/best_codes/SmallGroup_8_1__AAp27_0_1_2_2_3_4_BBp12_0_2_2_4_5_6_k10_d20	best_codes/collected/SmallGroup_8_1__AAp27_0_1_2_2_3_4_BBp12_0_2_2_4_5_6_k10_d20
SmallGroup_8_1__AAp27_0_1_2_2_3_4_BBp11_0_0_1_3_6_7_k10_d18	SmallGroup_8_1_	288	10	18	100000	dist-m4ri	p27_0_1_2_2_3_4	p11_0_0_1_3_6_7	results/progressive_SmallGroup_8_1_20260123T125211Z	results/progressive_SmallGroup_8_1_20260123T125211Z/best_codes/SmallGroup_8_1__AAp27_0_1_2_2_3_4_BBp11_0_0_1_3_6_7_k10_d18	best_codes/collected/SmallGroup_8_1__AAp27_0_1_2_2_3_4_BBp11_0_0_1_3_6_7_k10_d18
SmallGroup_8_1__AAp29_0_0_1_1_4_6_BBp11_0_1_2_3_4_6_k10_d16	SmallGroup_8_1_	288	10	16	100000	dist-m4ri	p29_0_0_1_1_4_6	p11_0_1_2_3_4_6	results/progressive_SmallGroup_8_1_20260123T125211Z	results/progressive_SmallGroup_8_1_20260123T125211Z/best_codes/SmallGroup_8_1__AAp29_0_0_1_1_4_6_BBp11_0_1_2_3_4_6_k10_d16	best_codes/collected/SmallGroup_8_1__AAp29_0_0_1_1_4_6_BBp11_0_1_2_3_4_6_k10_d16
SmallGroup_8_1__AAp29_0_0_1_1_4_6_BBp11_0_0_1_3_6_7_k12_d18	SmallGroup_8_1_	288	12	18	100000	dist-m4ri	p29_0_0_1_1_4_6	p11_0_0_1_3_6_7	results/progressive_SmallGroup_8_1_20260123T125211Z	results/progressive_SmallGroup_8_1_20260123T125211Z/best_codes/SmallGroup_8_1__AAp29_0_0_1_1_4_6_BBp11_0_0_1_3_6_7_k12_d18	best_codes/collected/SmallGroup_8_1__AAp29_0_0_1_1_4_6_BBp11_0_0_1_3_6_7_k12_d18
SmallGroup_8_1__AAp29_0_0_1_1_4_6_BBp8_0_3_4_4_6_6_k14_d16	SmallGroup_8_1_	288	14	16	100000	dist-m4ri	p29_0_0_1_1_4_6	p8_0_3_4_4_6_6	results/progressive_SmallGroup_8_1_20260123T125211Z	results/progressive_SmallGroup_8_1_20260123T125211Z/best_codes/SmallGroup_8_1__AAp29_0_0_1_1_4_6_BBp8_0_3_4_4_6_6_k14_d16	best_codes/collected/SmallGroup_8_1__AAp29_0_0_1_1_4_6_BBp8_0_3_4_4_6_6_k14_d16
SmallGroup_8_2__AAp11_0_4_4_5_6_7_BBp27_0_2_2_5_6_7_k2_d25	SmallGroup_8_2_	288	2	25	100000	dist-m4ri	p11_0_4_4_5_6_7	p27_0_2_2_5_6_7	results/progressive_SmallGroup_8_2_20260123T134937Z	results/progressive_SmallGroup_8_2_20260123T134937Z/best_codes/SmallGroup_8_2__AAp11_0_4_4_5_6_7_BBp27_0_2_2_5_6_7_k2_d25	best_codes/collected/SmallGroup_8_2__AAp11_0_4_4_5_6_7_BBp27_0_2_2_5_6_7_k2_d25
SmallGroup_8_2__AAp11_0_1_1_3_5_6_BBp12_0_2_3_5_6_7_k2_d24	SmallGroup_8_2_	288	2	24	100000	dist-m4ri	p11_0_1_1_3_5_6	p12_0_2_3_5_6_7	results/progressive_SmallGroup_8_2_20260123T134937Z	results/progressive_SmallGroup_8_2_20260123T134937Z/best_codes/SmallGroup_8_2__AAp11_0_1_1_3_5_6_BBp12_0_2_3_5_6_7_k2_d24	best_codes/collected/SmallGroup_8_2__AAp11_0_1_1_3_5_6_BBp12_0_2_3_5_6_7_k2_d24
SmallGroup_8_2__AAp11_0_0_2_3_5_7_BBp11_0_0_2_4_5_6_k2_d23	SmallGroup_8_2_	288	2	23	100000	dist-m4ri	p11_0_0_2_3_5_7	p11_0_0_2_4_5_6	results/progressive_SmallGroup_8_2_20260123T134937Z	results/progressive_SmallGroup_8_2_20260123T134937Z/best_codes/SmallGroup_8_2__AAp11_0_0_2_3_5_7_BBp11_0_0_2_4_5_6_k2_d23	best_codes/collected/SmallGroup_8_2__AAp11_0_0_2_3_5_7_BBp11_0_0_2_4_5_6_k2_d23
SmallGroup_8_2__AAp11_0_0_1_3_3_6_BBp12_0_2_3_5_6_7_k2_d22	SmallGroup_8_2_	288	2	22	100000	dist-m4ri	p11_0_0_1_3_3_6	p12_0_2_3_5_6_7	results/progressive_SmallGroup_8_2_20260123T134937Z	results/progressive_SmallGroup_8_2_20260123T134937Z/best_codes/SmallGroup_8_2__AAp11_0_0_1_3_3_6_BBp12_0_2_3_5_6_7_k2_d22	best_codes/collected/SmallGroup_8_2__AAp11_0_0_1_3_3_6_BBp12_0_2_3_5_6_7_k2_d22
SmallGroup_8_2__AAp11_0_0_1_2_3_5_BBp12_0_2_3_5_6_7_k2_d19	SmallGroup_8_2_	288	2	19	100000	dist-m4ri	p11_0_0_1_2_3_5	p12_0_2_3_5_6_7	results/progressive_SmallGroup_8_2_20260123T134937Z	results/progressive_SmallGroup_8_2_20260123T134937Z/best_codes/SmallGroup_8_2__AAp11_0_0_1_2_3_5_BBp12_0_2_3_5_6_7_k2_d19	best_codes/collected/SmallGroup_8_2__AAp11_0_0_1_2_3_5_BBp12_0_2_3_5_6_7_k2_d19
SmallGroup_8_2__AAp11_0_0_1_2_3_5_BBp11_0_0_2_4_5_6_k2_d18	SmallGroup_8_2_	288	2	18	200000	dist-m4ri	p11_0_0_1_2_3_5	p11_0_0_2_4_5_6	results/progressive_SmallGroup_8_2_20260123T160806Z	results/progressive_SmallGroup_8_2_20260123T160806Z/best_codes/SmallGroup_8_2__AAp11_0_0_1_2_3_5_BBp11_0_0_2_4_5_6_k2_d18	best_codes/collected/SmallGroup_8_2__AAp11_0_0_1_2_3_5_BBp11_0_0_2_4_5_6_k2_d18
SmallGroup_8_2__AAp11_0_0_1_2_3_5_BBp11_0_0_1_1_2_5_k2_d16	SmallGroup_8_2_	288	2	16	200000	dist-m4ri	p11_0_0_1_2_3_5	p11_0_0_1_1_2_5	results/progressive_SmallGroup_8_2_20260123T160806Z	results/progressive_SmallGroup_8_2_20260123T160806Z/best_codes/SmallGroup_8_2__AAp11_0_0_1_2_3_5_BBp11_0_0_1_1_2_5_k2_d16	best_codes/collected/SmallGroup_8_2__AAp11_0_0_1_2_3_5_BBp11_0_0_1_1_2_5_k2_d16
SmallGroup_8_2__AAp11_0_1_4_5_6_7_BBp11_0_2_2_3_4_7_k4_d23	SmallGroup_8_2_	288	4	23	100000	dist-m4ri	p11_0_1_4_5_6_7	p11_0_2_2_3_4_7	results/progressive_SmallGroup_8_2_20260123T134937Z	results/progressive_SmallGroup_8_2_20260123T134937Z/best_codes/SmallGroup_8_2__AAp11_0_1_4_5_6_7_BBp11_0_2_2_3_4_7_k4_d23	best_codes/collected/SmallGroup_8_2__AAp11_0_1_4_5_6_7_BBp11_0_2_2_3_4_7_k4_d23
SmallGroup_8_2__AAp11_0_0_2_3_4_7_BBp12_0_2_3_5_6_7_k4_d22	SmallGroup_8_2_	288	4	22	100000	dist-m4ri	p11_0_0_2_3_4_7	p12_0_2_3_5_6_7	results/progressive_SmallGroup_8_2_20260123T134937Z	results/progressive_SmallGroup_8_2_20260123T134937Z/best_codes/SmallGroup_8_2__AAp11_0_0_2_3_4_7_BBp12_0_2_3_5_6_7_k4_d22	best_codes/collected/SmallGroup_8_2__AAp11_0_0_2_3_4_7_BBp12_0_2_3_5_6_7_k4_d22
SmallGroup_8_2__AAp11_0_0_1_3_6_6_BBp27_0_2_3_5_6_7_k4_d21	SmallGroup_8_2_	288	4	21	100000	dist-m4ri	p11_0_0_1_3_6_6	p27_0_2_3_5_6_7	results/progressive_SmallGroup_8_2_20260123T134937Z	results/progressive_SmallGroup_8_2_20260123T134937Z/best_codes/SmallGroup_8_2__AAp11_0_0_1_3_6_6_BBp27_0_2_3_5_6_7_k4_d21	best_codes/collected/SmallGroup_8_2__AAp11_0_0_1_3_6_6_BBp27_0_2_3_5_6_7_k4_d21
SmallGroup_8_2__AAp11_0_0_1_3_5_6_BBp11_0_0_2_4_5_6_k4_d20	SmallGroup_8_2_	288	4	20	100000	dist-m4ri	p11_0_0_1_3_5_6	p11_0_0_2_4_5_6	results/progressive_SmallGroup_8_2_20260123T134937Z	results/progressive_SmallGroup_8_2_20260123T134937Z/best_codes/SmallGroup_8_2__AAp11_0_0_1_3_5_6_BBp11_0_0_2_4_5_6_k4_d20	best_codes/collected/SmallGroup_8_2__AAp11_0_0_1_3_5_6_BBp11_0_0_2_4_5_6_k4_d20
SmallGroup_8_2__AAp6_0_1_2_3_4_5_BBp12_0_2_3_5_6_7_k4_d19	SmallGroup_8_2_	288	4	19	100000	dist-m4ri	p6_0_1_2_3_4_5	p12_0_2_3_5_6_7	results/progressive_SmallGroup_8_2_20260123T134937Z	results/progressive_SmallGroup_8_2_20260123T134937Z/best_codes/SmallGroup_8_2__AAp6_0_1_2_3_4_5_BBp12_0_2_3_5_6_7_k4_d19	best_codes/collected/SmallGroup_8_2__AAp6_0_1_2_3_4_5_BBp12_0_2_3_5_6_7_k4_d19
SmallGroup_8_2__AAp6_0_1_2_3_4_5_BBp11_0_0_2_4_5_6_k4_d18	SmallGroup_8_2_	288	4	18	200000	dist-m4ri	p6_0_1_2_3_4_5	p11_0_0_2_4_5_6	results/progressive_SmallGroup_8_2_20260123T160806Z	results/progressive_SmallGroup_8_2_20260123T160806Z/best_codes/SmallGroup_8_2__AAp6_0_1_2_3_4_5_BBp11_0_0_2_4_5_6_k4_d18	best_codes/collected/SmallGroup_8_2__AAp6_0_1_2_3_4_5_BBp11_0_0_2_4_5_6_k4_d18
SmallGroup_8_2__AAp11_0_0_1_2_6_7_BBp11_0_0_2_4_5_6_k4_d17	SmallGroup_8_2_	288	4	17	200000	dist-m4ri	p11_0_0_1_2_6_7	p11_0_0_2_4_5_6	results/progressive_SmallGroup_8_2_20260123T160806Z	results/progressive_SmallGroup_8_2_20260123T160806Z/best_codes/SmallGroup_8_2__AAp11_0_0_1_2_6_7_BBp11_0_0_2_4_5_6_k4_d17	best_codes/collected/SmallGroup_8_2__AAp11_0_0_1_2_6_7_BBp11_0_0_2_4_5_6_k4_d17
SmallGroup_8_2__AAp11_0_0_1_2_6_7_BBp11_0_0_1_1_2_5_k4_d16	SmallGroup_8_2_	288	4	16	200000	dist-m4ri	p11_0_0_1_2_6_7	p11_0_0_1_1_2_5	results/progressive_SmallGroup_8_2_20260123T160806Z	results/progressive_SmallGroup_8_2_20260123T160806Z/best_codes/SmallGroup_8_2__AAp11_0_0_1_2_6_7_BBp11_0_0_1_1_2_5_k4_d16	best_codes/collected/SmallGroup_8_2__AAp11_0_0_1_2_6_7_BBp11_0_0_1_1_2_5_k4_d16
SmallGroup_8_2__AAp11_0_1_2_3_4_5_BBp6_0_2_3_5_6_7_k6_d22	SmallGroup_8_2_	288	6	22	100000	dist-m4ri	p11_0_1_2_3_4_5	p6_0_2_3_5_6_7	results/progressive_SmallGroup_8_2_20260123T134937Z	results/progressive_SmallGroup_8_2_20260123T134937Z/best_codes/SmallGroup_8_2__AAp11_0_1_2_3_4_5_BBp6_0_2_3_5_6_7_k6_d22	best_codes/collected/SmallGroup_8_2__AAp11_0_1_2_3_4_5_BBp6_0_2_3_5_6_7_k6_d22
SmallGroup_8_2__AAp11_0_0_1_4_4_5_BBp6_0_2_3_5_6_7_k6_d20	SmallGroup_8_2_	288	6	20	100000	dist-m4ri	p11_0_0_1_4_4_5	p6_0_2_3_5_6_7	results/progressive_SmallGroup_8_2_20260123T134937Z	results/progressive_SmallGroup_8_2_20260123T134937Z/best_codes/SmallGroup_8_2__AAp11_0_0_1_4_4_5_BBp6_0_2_3_5_6_7_k6_d20	best_codes/collected/SmallGroup_8_2__AAp11_0_0_1_4_4_5_BBp6_0_2_3_5_6_7_k6_d20
SmallGroup_8_2__AAp11_0_0_1_2_3_5_BBp6_0_1_2_3_5_7_k6_d19	SmallGroup_8_2_	288	6	19	200000	dist-m4ri	p11_0_0_1_2_3_5	p6_0_1_2_3_5_7	results/progressive_SmallGroup_8_2_20260123T160806Z	results/progressive_SmallGroup_8_2_20260123T160806Z/best_codes/SmallGroup_8_2__AAp11_0_0_1_2_3_5_BBp6_0_1_2_3_5_7_k6_d19	best_codes/collected/SmallGroup_8_2__AAp11_0_0_1_2_3_5_BBp6_0_1_2_3_5_7_k6_d19
SmallGroup_8_2__AAp11_0_1_1_3_6_7_BBp6_0_1_2_3_5_7_k8_d20	SmallGroup_8_2_	288	8	20	100000	dist-m4ri	p11_0_1_1_3_6_7	p6_0_1_2_3_5_7	results/progressive_SmallGroup_8_2_20260123T134937Z	results/progressive_SmallGroup_8_2_20260123T134937Z/best_codes/SmallGroup_8_2__AAp11_0_1_1_3_6_7_BBp6_0_1_2_3_5_7_k8_d20	best_codes/collected/SmallGroup_8_2__AAp11_0_1_1_3_6_7_BBp6_0_1_2_3_5_7_k8_d20
SmallGroup_8_2__AAp11_0_0_1_3_4_7_BBp6_0_1_2_3_5_7_k8_d19	SmallGroup_8_2_	288	8	19	100000	dist-m4ri	p11_0_0_1_3_4_7	p6_0_1_2_3_5_7	results/progressive_SmallGroup_8_2_20260123T134937Z	results/progressive_SmallGroup_8_2_20260123T134937Z/best_codes/SmallGroup_8_2__AAp11_0_0_1_3_4_7_BBp6_0_1_2_3_5_7_k8_d19	best_codes/collected/SmallGroup_8_2__AAp11_0_0_1_3_4_7_BBp6_0_1_2_3_5_7_k8_d19
SmallGroup_8_2__AAp11_0_0_1_2_3_5_BBp11_0_0_1_1_2_6_k8_d18	SmallGroup_8_2_	288	8	18	100000	dist-m4ri	p11_0_0_1_2_3_5	p11_0_0_1_1_2_6	results/progressive_SmallGroup_8_2_20260123T134937Z	results/progressive_SmallGroup_8_2_20260123T134937Z/best_codes/SmallGroup_8_2__AAp11_0_0_1_2_3_5_BBp11_0_0_1_1_2_6_k8_d18	best_codes/collected/SmallGroup_8_2__AAp11_0_0_1_2_3_5_BBp11_0_0_1_1_2_6_k8_d18
SmallGroup_8_2__AAp11_0_1_1_3_4_7_BBp6_0_1_2_3_5_7_k10_d20	SmallGroup_8_2_	288	10	20	100000	dist-m4ri	p11_0_1_1_3_4_7	p6_0_1_2_3_5_7	results/progressive_SmallGroup_8_2_20260123T134937Z	results/progressive_SmallGroup_8_2_20260123T134937Z/best_codes/SmallGroup_8_2__AAp11_0_1_1_3_4_7_BBp6_0_1_2_3_5_7_k10_d20	best_codes/collected/SmallGroup_8_2__AAp11_0_1_1_3_4_7_BBp6_0_1_2_3_5_7_k10_d20
SmallGroup_8_2__AAp6_0_1_2_3_4_5_BBp11_0_0_1_2_3_5_k10_d17	SmallGroup_8_2_	288	10	17	100000	dist-m4ri	p6_0_1_2_3_4_5	p11_0_0_1_2_3_5	results/progressive_SmallGroup_8_2_20260123T134937Z	results/progressive_SmallGroup_8_2_20260123T134937Z/best_codes/SmallGroup_8_2__AAp6_0_1_2_3_4_5_BBp11_0_0_1_2_3_5_k10_d17	best_codes/collected/SmallGroup_8_2__AAp6_0_1_2_3_4_5_BBp11_0_0_1_2_3_5_k10_d17
SmallGroup_8_2__AAp6_0_1_2_3_4_5_BBp11_0_0_1_1_2_6_k10_d16	SmallGroup_8_2_	288	10	16	100000	dist-m4ri	p6_0_1_2_3_4_5	p11_0_0_1_1_2_6	results/progressive_SmallGroup_8_2_20260123T134937Z	results/progressive_SmallGroup_8_2_20260123T134937Z/best_codes/SmallGroup_8_2__AAp6_0_1_2_3_4_5_BBp11_0_0_1_1_2_6_k10_d16	best_codes/collected/SmallGroup_8_2__AAp6_0_1_2_3_4_5_BBp11_0_0_1_1_2_6_k10_d16
SmallGroup_8_2__AAp6_0_0_4_5_6_7_BBp11_0_1_1_2_4_7_k12_d18	SmallGroup_8_2_	288	12	18	100000	dist-m4ri	p6_0_0_4_5_6_7	p11_0_1_1_2_4_7	results/progressive_SmallGroup_8_2_20260123T134937Z	results/progressive_SmallGroup_8_2_20260123T134937Z/best_codes/SmallGroup_8_2__AAp6_0_0_4_5_6_7_BBp11_0_1_1_2_4_7_k12_d18	best_codes/collected/SmallGroup_8_2__AAp6_0_0_4_5_6_7_BBp11_0_1_1_2_4_7_k12_d18
SmallGroup_8_2__AAp11_0_1_1_2_4_7_BBp6_0_1_2_3_5_7_k12_d17	SmallGroup_8_2_	288	12	17	100000	dist-m4ri	p11_0_1_1_2_4_7	p6_0_1_2_3_5_7	results/progressive_SmallGroup_8_2_20260123T134937Z	results/progressive_SmallGroup_8_2_20260123T134937Z/best_codes/SmallGroup_8_2__AAp11_0_1_1_2_4_7_BBp6_0_1_2_3_5_7_k12_d17	best_codes/collected/SmallGroup_8_2__AAp11_0_1_1_2_4_7_BBp6_0_1_2_3_5_7_k12_d17
SmallGroup_8_2__AAp11_0_0_1_2_6_7_BBp6_0_1_2_3_5_7_k12_d16	SmallGroup_8_2_	288	12	16	200000	dist-m4ri	p11_0_0_1_2_6_7	p6_0_1_2_3_5_7	results/progressive_SmallGroup_8_2_20260123T160806Z	results/progressive_SmallGroup_8_2_20260123T160806Z/best_codes/SmallGroup_8_2__AAp11_0_0_1_2_6_7_BBp6_0_1_2_3_5_7_k12_d16	best_codes/collected/SmallGroup_8_2__AAp11_0_0_1_2_6_7_BBp6_0_1_2_3_5_7_k12_d16
SmallGroup_8_2__AAp12_0_1_2_3_4_6_BBp16_0_1_2_4_5_7_k14_d16	SmallGroup_8_2_	288	14	16	100000	dist-m4ri	p12_0_1_2_3_4_6	p16_0_1_2_4_5_7	results/progressive_SmallGroup_8_2_20260123T134937Z	results/progressive_SmallGroup_8_2_20260123T134937Z/best_codes/SmallGroup_8_2__AAp12_0_1_2_3_4_6_BBp16_0_1_2_4_5_7_k14_d16	best_codes/collected/SmallGroup_8_2__AAp12_0_1_2_3_4_6_BBp16_0_1_2_4_5_7_k14_d16
SmallGroup_8_2__AAp27_0_1_2_2_4_6_BBp3_0_1_4_5_6_7_k16_d16	SmallGroup_8_2_	288	16	16	100000	dist-m4ri	p27_0_1_2_2_4_6	p3_0_1_4_5_6_7	results/progressive_SmallGroup_8_2_20260123T134937Z	results/progressive_SmallGroup_8_2_20260123T134937Z/best_codes/SmallGroup_8_2__AAp27_0_1_2_2_4_6_BBp3_0_1_4_5_6_7_k16_d16	best_codes/collected/SmallGroup_8_2__AAp27_0_1_2_2_4_6_BBp3_0_1_4_5_6_7_k16_d16
SmallGroup_8_3__AAp11_0_0_1_3_4_4_BBp27_0_1_2_2_4_5_k2_d23	SmallGroup_8_3_	288	2	23	100000	dist-m4ri	p11_0_0_1_3_4_4	p27_0_1_2_2_4_5	results/progressive_SmallGroup_8_3_20260123T230948Z	results/progressive_SmallGroup_8_3_20260123T230948Z/best_codes/SmallGroup_8_3__AAp11_0_0_1_3_4_4_BBp27_0_1_2_2_4_5_k2_d23	best_codes/collected/SmallGroup_8_3__AAp11_0_0_1_3_4_4_BBp27_0_1_2_2_4_5_k2_d23
SmallGroup_8_3__AAp11_0_0_1_2_2_5_BBp27_0_1_2_2_4_5_k2_d22	SmallGroup_8_3_	288	2	22	100000	dist-m4ri	p11_0_0_1_2_2_5	p27_0_1_2_2_4_5	results/progressive_SmallGroup_8_3_20260123T230948Z	results/progressive_SmallGroup_8_3_20260123T230948Z/best_codes/SmallGroup_8_3__AAp11_0_0_1_2_2_5_BBp27_0_1_2_2_4_5_k2_d22	best_codes/collected/SmallGroup_8_3__AAp11_0_0_1_2_2_5_BBp27_0_1_2_2_4_5_k2_d22
SmallGroup_8_3__AAp11_0_0_1_2_2_5_BBp11_0_1_2_3_4_5_k2_d21	SmallGroup_8_3_	288	2	21	100000	dist-m4ri	p11_0_0_1_2_2_5	p11_0_1_2_3_4_5	results/progressive_SmallGroup_8_3_20260123T230948Z	results/progressive_SmallGroup_8_3_20260123T230948Z/best_codes/SmallGroup_8_3__AAp11_0_0_1_2_2_5_BBp11_0_1_2_3_4_5_k2_d21	best_codes/collected/SmallGroup_8_3__AAp11_0_0_1_2_2_5_BBp11_0_1_2_3_4_5_k2_d21
SmallGroup_8_3__AAp11_0_0_1_3_4_6_BBp11_0_0_2_3_4_4_k2_d18	SmallGroup_8_3_	288	2	18	100000	dist-m4ri	p11_0_0_1_3_4_6	p11_0_0_2_3_4_4	results/progressive_SmallGroup_8_3_20260123T230948Z	results/progressive_SmallGroup_8_3_20260123T230948Z/best_codes/SmallGroup_8_3__AAp11_0_0_1_3_4_6_BBp11_0_0_2_3_4_4_k2_d18	best_codes/collected/SmallGroup_8_3__AAp11_0_0_1_3_4_6_BBp11_0_0_2_3_4_4_k2_d18
SmallGroup_8_3__AAp11_0_0_1_3_4_4_BBp11_0_0_1_3_4_6_k2_d17	SmallGroup_8_3_	288	2	17	100000	dist-m4ri	p11_0_0_1_3_4_4	p11_0_0_1_3_4_6	results/progressive_SmallGroup_8_3_20260123T230948Z	results/progressive_SmallGroup_8_3_20260123T230948Z/best_codes/SmallGroup_8_3__AAp11_0_0_1_3_4_4_BBp11_0_0_1_3_4_6_k2_d17	best_codes/collected/SmallGroup_8_3__AAp11_0_0_1_3_4_4_BBp11_0_0_1_3_4_6_k2_d17
SmallGroup_8_3__AAp11_0_0_1_2_2_5_BBp11_0_0_1_3_3_6_k2_d16	SmallGroup_8_3_	288	2	16	200000	dist-m4ri	p11_0_0_1_2_2_5	p11_0_0_1_3_3_6	results/progressive_SmallGroup_8_3_20260123T160806Z	results/progressive_SmallGroup_8_3_20260123T160806Z/best_codes/SmallGroup_8_3__AAp11_0_0_1_2_2_5_BBp11_0_0_1_3_3_6_k2_d16	best_codes/collected/SmallGroup_8_3__AAp11_0_0_1_2_2_5_BBp11_0_0_1_3_3_6_k2_d16
SmallGroup_8_3__AAp27_0_1_2_2_3_6_BBp11_0_0_2_4_5_6_k4_d22	SmallGroup_8_3_	288	4	22	100000	dist-m4ri	p27_0_1_2_2_3_6	p11_0_0_2_4_5_6	results/progressive_SmallGroup_8_3_20260123T230948Z	results/progressive_SmallGroup_8_3_20260123T230948Z/best_codes/SmallGroup_8_3__AAp27_0_1_2_2_3_6_BBp11_0_0_2_4_5_6_k4_d22	best_codes/collected/SmallGroup_8_3__AAp27_0_1_2_2_3_6_BBp11_0_0_2_4_5_6_k4_d22
SmallGroup_8_3__AAp11_0_0_1_4_4_5_BBp11_0_1_2_4_5_6_k4_d21	SmallGroup_8_3_	288	4	21	100000	dist-m4ri	p11_0_0_1_4_4_5	p11_0_1_2_4_5_6	results/progressive_SmallGroup_8_3_20260123T230948Z	results/progressive_SmallGroup_8_3_20260123T230948Z/best_codes/SmallGroup_8_3__AAp11_0_0_1_4_4_5_BBp11_0_1_2_4_5_6_k4_d21	best_codes/collected/SmallGroup_8_3__AAp11_0_0_1_4_4_5_BBp11_0_1_2_4_5_6_k4_d21
SmallGroup_8_3__AAp11_0_0_1_3_3_6_BBp11_0_1_2_3_4_6_k4_d20	SmallGroup_8_3_	288	4	20	100000	dist-m4ri	p11_0_0_1_3_3_6	p11_0_1_2_3_4_6	results/progressive_SmallGroup_8_3_20260123T230948Z	results/progressive_SmallGroup_8_3_20260123T230948Z/best_codes/SmallGroup_8_3__AAp11_0_0_1_3_3_6_BBp11_0_1_2_3_4_6_k4_d20	best_codes/collected/SmallGroup_8_3__AAp11_0_0_1_3_3_6_BBp11_0_1_2_3_4_6_k4_d20
SmallGroup_8_3__AAp11_0_0_2_3_5_7_BBp11_0_0_1_3_4_4_k4_d19	SmallGroup_8_3_	288	4	19	100000	dist-m4ri	p11_0_0_2_3_5_7	p11_0_0_1_3_4_4	results/progressive_SmallGroup_8_3_20260123T230948Z	results/progressive_SmallGroup_8_3_20260123T230948Z/best_codes/SmallGroup_8_3__AAp11_0_0_2_3_5_7_BBp11_0_0_1_3_4_4_k4_d19	best_codes/collected/SmallGroup_8_3__AAp11_0_0_2_3_5_7_BBp11_0_0_1_3_4_4_k4_d19
SmallGroup_8_3__AAp11_0_0_1_3_3_6_BBp6_0_1_2_2_4_5_k4_d18	SmallGroup_8_3_	288	4	18	200000	dist-m4ri	p11_0_0_1_3_3_6	p6_0_1_2_2_4_5	results/progressive_SmallGroup_8_3_20260123T160806Z	results/progressive_SmallGroup_8_3_20260123T160806Z/best_codes/SmallGroup_8_3__AAp11_0_0_1_3_3_6_BBp6_0_1_2_2_4_5_k4_d18	best_codes/collected/SmallGroup_8_3__AAp11_0_0_1_3_3_6_BBp6_0_1_2_2_4_5_k4_d18
SmallGroup_8_3__AAp11_0_1_2_3_4_4_BBp19_0_1_2_2_3_5_k6_d19	SmallGroup_8_3_	288	6	19	100000	dist-m4ri	p11_0_1_2_3_4_4	p19_0_1_2_2_3_5	results/progressive_SmallGroup_8_3_20260123T230948Z	results/progressive_SmallGroup_8_3_20260123T230948Z/best_codes/SmallGroup_8_3__AAp11_0_1_2_3_4_4_BBp19_0_1_2_2_3_5_k6_d19	best_codes/collected/SmallGroup_8_3__AAp11_0_1_2_3_4_4_BBp19_0_1_2_2_3_5_k6_d19
SmallGroup_8_3__AAp11_0_0_1_2_4_5_BBp6_0_1_2_2_4_5_k6_d18	SmallGroup_8_3_	288	6	18	200000	dist-m4ri	p11_0_0_1_2_4_5	p6_0_1_2_2_4_5	results/progressive_SmallGroup_8_3_20260123T160806Z	results/progressive_SmallGroup_8_3_20260123T160806Z/best_codes/SmallGroup_8_3__AAp11_0_0_1_2_4_5_BBp6_0_1_2_2_4_5_k6_d18	best_codes/collected/SmallGroup_8_3__AAp11_0_0_1_2_4_5_BBp6_0_1_2_2_4_5_k6_d18
SmallGroup_8_3__AAp11_0_0_1_2_2_5_BBp6_0_1_2_2_4_5_k6_d16	SmallGroup_8_3_	288	6	16	200000	dist-m4ri	p11_0_0_1_2_2_5	p6_0_1_2_2_4_5	results/progressive_SmallGroup_8_3_20260123T160806Z	results/progressive_SmallGroup_8_3_20260123T160806Z/best_codes/SmallGroup_8_3__AAp11_0_0_1_2_2_5_BBp6_0_1_2_2_4_5_k6_d16	best_codes/collected/SmallGroup_8_3__AAp11_0_0_1_2_2_5_BBp6_0_1_2_2_4_5_k6_d16
SmallGroup_8_3__AAp11_0_1_2_3_4_6_BBp20_0_1_2_4_5_7_k8_d19	SmallGroup_8_3_	288	8	19	100000	dist-m4ri	p11_0_1_2_3_4_6	p20_0_1_2_4_5_7	results/progressive_SmallGroup_8_3_20260123T230948Z	results/progressive_SmallGroup_8_3_20260123T230948Z/best_codes/SmallGroup_8_3__AAp11_0_1_2_3_4_6_BBp20_0_1_2_4_5_7_k8_d19	best_codes/collected/SmallGroup_8_3__AAp11_0_1_2_3_4_6_BBp20_0_1_2_4_5_7_k8_d19
SmallGroup_8_3__AAp27_0_1_2_4_6_7_BBp11_0_0_1_2_4_5_k8_d18	SmallGroup_8_3_	288	8	18	100000	dist-m4ri	p27_0_1_2_4_6_7	p11_0_0_1_2_4_5	results/progressive_SmallGroup_8_3_20260123T230948Z	results/progressive_SmallGroup_8_3_20260123T230948Z/best_codes/SmallGroup_8_3__AAp27_0_1_2_4_6_7_BBp11_0_0_1_2_4_5_k8_d18	best_codes/collected/SmallGroup_8_3__AAp27_0_1_2_4_6_7_BBp11_0_0_1_2_4_5_k8_d18
SmallGroup_8_3__AAp11_0_0_1_2_2_5_BBp27_0_1_2_4_6_7_k8_d17	SmallGroup_8_3_	288	8	17	100000	dist-m4ri	p11_0_0_1_2_2_5	p27_0_1_2_4_6_7	results/progressive_SmallGroup_8_3_20260123T230948Z	results/progressive_SmallGroup_8_3_20260123T230948Z/best_codes/SmallGroup_8_3__AAp11_0_0_1_2_2_5_BBp27_0_1_2_4_6_7_k8_d17	best_codes/collected/SmallGroup_8_3__AAp11_0_0_1_2_2_5_BBp27_0_1_2_4_6_7_k8_d17
SmallGroup_8_3__AAp11_0_0_1_2_4_5_BBp12_0_1_2_3_4_5_k8_d16	SmallGroup_8_3_	288	8	16	200000	dist-m4ri	p11_0_0_1_2_4_5	p12_0_1_2_3_4_5	results/progressive_SmallGroup_8_3_20260123T160806Z	results/progressive_SmallGroup_8_3_20260123T160806Z/best_codes/SmallGroup_8_3__AAp11_0_0_1_2_4_5_BBp12_0_1_2_3_4_5_k8_d16	best_codes/collected/SmallGroup_8_3__AAp11_0_0_1_2_4_5_BBp12_0_1_2_3_4_5_k8_d16
SmallGroup_8_3__AAp11_0_0_1_2_4_5_BBp6_0_1_2_2_4_6_k10_d16	SmallGroup_8_3_	288	10	16	100000	dist-m4ri	p11_0_0_1_2_4_5	p6_0_1_2_2_4_6	results/progressive_SmallGroup_8_3_20260123T230948Z	results/progressive_SmallGroup_8_3_20260123T230948Z/best_codes/SmallGroup_8_3__AAp11_0_0_1_2_4_5_BBp6_0_1_2_2_4_6_k10_d16	best_codes/collected/SmallGroup_8_3__AAp11_0_0_1_2_4_5_BBp6_0_1_2_2_4_6_k10_d16
SmallGroup_8_3__AAp11_0_1_2_3_5_6_BBp6_0_1_2_2_4_5_k12_d17	SmallGroup_8_3_	288	12	17	100000	dist-m4ri	p11_0_1_2_3_5_6	p6_0_1_2_2_4_5	results/progressive_SmallGroup_8_3_20260123T230948Z	results/progressive_SmallGroup_8_3_20260123T230948Z/best_codes/SmallGroup_8_3__AAp11_0_1_2_3_5_6_BBp6_0_1_2_2_4_5_k12_d17	best_codes/collected/SmallGroup_8_3__AAp11_0_1_2_3_5_6_BBp6_0_1_2_2_4_5_k12_d17
SmallGroup_8_3__AAp11_0_1_2_3_4_6_BBp6_0_1_2_2_4_5_k12_d16	SmallGroup_8_3_	288	12	16	100000	dist-m4ri	p11_0_1_2_3_4_6	p6_0_1_2_2_4_5	results/progressive_SmallGroup_8_3_20260123T230948Z	results/progressive_SmallGroup_8_3_20260123T230948Z/best_codes/SmallGroup_8_3__AAp11_0_1_2_3_4_6_BBp6_0_1_2_2_4_5_k12_d16	best_codes/collected/SmallGroup_8_3__AAp11_0_1_2_3_4_6_BBp6_0_1_2_2_4_5_k12_d16
SmallGroup_8_3__AAp11_0_1_2_3_4_6_BBp6_0_3_5_5_6_6_k16_d16	SmallGroup_8_3_	288	16	16	100000	dist-m4ri	p11_0_1_2_3_4_6	p6_0_3_5_5_6_6	results/progressive_SmallGroup_8_3_20260123T230948Z	results/progressive_SmallGroup_8_3_20260123T230948Z/best_codes/SmallGroup_8_3__AAp11_0_1_2_3_4_6_BBp6_0_3_5_5_6_6_k16_d16	best_codes/collected/SmallGroup_8_3__AAp11_0_1_2_3_4_6_BBp6_0_3_5_5_6_6_k16_d16
SmallGroup_8_4__AAp11_0_1_2_3_6_7_BBp11_0_1_2_4_5_6_k2_d25	SmallGroup_8_4_	288	2	25	100000	dist-m4ri	p11_0_1_2_3_6_7	p11_0_1_2_4_5_6	results/progressive_SmallGroup_8_4_20260123T231333Z	results/progressive_SmallGroup_8_4_20260123T231333Z/best_codes/SmallGroup_8_4__AAp11_0_1_2_3_6_7_BBp11_0_1_2_4_5_6_k2_d25	best_codes/collected/SmallGroup_8_4__AAp11_0_1_2_3_6_7_BBp11_0_1_2_4_5_6_k2_d25
SmallGroup_8_4__AAp11_0_1_2_3_4_7_BBp11_0_0_1_2_3_5_k2_d24	SmallGroup_8_4_	288	2	24	100000	dist-m4ri	p11_0_1_2_3_4_7	p11_0_0_1_2_3_5	results/progressive_SmallGroup_8_4_20260123T231333Z	results/progressive_SmallGroup_8_4_20260123T231333Z/best_codes/SmallGroup_8_4__AAp11_0_1_2_3_4_7_BBp11_0_0_1_2_3_5_k2_d24	best_codes/collected/SmallGroup_8_4__AAp11_0_1_2_3_4_7_BBp11_0_0_1_2_3_5_k2_d24
SmallGroup_8_4__AAp11_0_0_2_3_4_4_BBp11_0_0_1_2_3_5_k2_d23	SmallGroup_8_4_	288	2	23	100000	dist-m4ri	p11_0_0_2_3_4_4	p11_0_0_1_2_3_5	results/progressive_SmallGroup_8_4_20260123T231333Z	results/progressive_SmallGroup_8_4_20260123T231333Z/best_codes/SmallGroup_8_4__AAp11_0_0_2_3_4_4_BBp11_0_0_1_2_3_5_k2_d23	best_codes/collected/SmallGroup_8_4__AAp11_0_0_2_3_4_4_BBp11_0_0_1_2_3_5_k2_d23
SmallGroup_8_4__AAp11_0_0_1_2_3_5_BBp11_0_0_1_3_4_6_k2_d22	SmallGroup_8_4_	288	2	22	100000	dist-m4ri	p11_0_0_1_2_3_5	p11_0_0_1_3_4_6	results/progressive_SmallGroup_8_4_20260123T231333Z	results/progressive_SmallGroup_8_4_20260123T231333Z/best_codes/SmallGroup_8_4__AAp11_0_0_1_2_3_5_BBp11_0_0_1_3_4_6_k2_d22	best_codes/collected/SmallGroup_8_4__AAp11_0_0_1_2_3_5_BBp11_0_0_1_3_4_6_k2_d22
SmallGroup_8_4__AAp11_0_0_1_2_2_5_BBp11_0_0_1_3_4_6_k2_d21	SmallGroup_8_4_	288	2	21	100000	dist-m4ri	p11_0_0_1_2_2_5	p11_0_0_1_3_4_6	results/progressive_SmallGroup_8_4_20260123T231333Z	results/progressive_SmallGroup_8_4_20260123T231333Z/best_codes/SmallGroup_8_4__AAp11_0_0_1_2_2_5_BBp11_0_0_1_3_4_6_k2_d21	best_codes/collected/SmallGroup_8_4__AAp11_0_0_1_2_2_5_BBp11_0_0_1_3_4_6_k2_d21
SmallGroup_8_4__AAp11_0_0_1_2_2_5_BBp11_0_0_1_3_3_6_k2_d20	SmallGroup_8_4_	288	2	20	100000	dist-m4ri	p11_0_0_1_2_2_5	p11_0_0_1_3_3_6	results/progressive_SmallGroup_8_4_20260123T231333Z	results/progressive_SmallGroup_8_4_20260123T231333Z/best_codes/SmallGroup_8_4__AAp11_0_0_1_2_2_5_BBp11_0_0_1_3_3_6_k2_d20	best_codes/collected/SmallGroup_8_4__AAp11_0_0_1_2_2_5_BBp11_0_0_1_3_3_6_k2_d20
SmallGroup_8_4__AAp11_0_1_4_5_6_7_BBp24_0_1_2_4_5_6_k4_d24	SmallGroup_8_4_	288	4	24	100000	dist-m4ri	p11_0_1_4_5_6_7	p24_0_1_2_4_5_6	results/progressive_SmallGroup_8_4_20260123T231333Z	results/progressive_SmallGroup_8_4_20260123T231333Z/best_codes/SmallGroup_8_4__AAp11_0_1_4_5_6_7_BBp24_0_1_2_4_5_6_k4_d24	best_codes/collected/SmallGroup_8_4__AAp11_0_1_4_5_6_7_BBp24_0_1_2_4_5_6_k4_d24
SmallGroup_8_4__AAp11_0_0_1_2_3_5_BBp15_0_1_2_3_4_6_k4_d23	SmallGroup_8_4_	288	4	23	100000	dist-m4ri	p11_0_0_1_2_3_5	p15_0_1_2_3_4_6	results/progressive_SmallGroup_8_4_20260123T231333Z	results/progressive_SmallGroup_8_4_20260123T231333Z/best_codes/SmallGroup_8_4__AAp11_0_0_1_2_3_5_BBp15_0_1_2_3_4_6_k4_d23	best_codes/collected/SmallGroup_8_4__AAp11_0_0_1_2_3_5_BBp15_0_1_2_3_4_6_k4_d23
SmallGroup_8_4__AAp12_0_2_3_4_5_6_BBp11_0_0_1_3_3_4_k4_d22	SmallGroup_8_4_	288	4	22	100000	dist-m4ri	p12_0_2_3_4_5_6	p11_0_0_1_3_3_4	results/progressive_SmallGroup_8_4_20260123T231333Z	results/progressive_SmallGroup_8_4_20260123T231333Z/best_codes/SmallGroup_8_4__AAp12_0_2_3_4_5_6_BBp11_0_0_1_3_3_4_k4_d22	best_codes/collected/SmallGroup_8_4__AAp12_0_2_3_4_5_6_BBp11_0_0_1_3_3_4_k4_d22
SmallGroup_8_4__AAp12_0_2_3_4_5_6_BBp11_0_0_1_2_3_5_k4_d21	SmallGroup_8_4_	288	4	21	100000	dist-m4ri	p12_0_2_3_4_5_6	p11_0_0_1_2_3_5	results/progressive_SmallGroup_8_4_20260123T231333Z	results/progressive_SmallGroup_8_4_20260123T231333Z/best_codes/SmallGroup_8_4__AAp12_0_2_3_4_5_6_BBp11_0_0_1_2_3_5_k4_d21	best_codes/collected/SmallGroup_8_4__AAp12_0_2_3_4_5_6_BBp11_0_0_1_2_3_5_k4_d21
SmallGroup_8_4__AAp11_0_0_1_2_2_5_BBp12_0_0_2_4_5_6_k4_d20	SmallGroup_8_4_	288	4	20	200000	dist-m4ri	p11_0_0_1_2_2_5	p12_0_0_2_4_5_6	results/progressive_SmallGroup_8_4_20260123T160806Z	results/progressive_SmallGroup_8_4_20260123T160806Z/best_codes/SmallGroup_8_4__AAp11_0_0_1_2_2_5_BBp12_0_0_2_4_5_6_k4_d20	best_codes/collected/SmallGroup_8_4__AAp11_0_0_1_2_2_5_BBp12_0_0_2_4_5_6_k4_d20
SmallGroup_8_4__AAp11_0_3_4_5_5_6_BBp11_0_0_1_2_2_5_k4_d20	SmallGroup_8_4_	288	4	20	100000	dist-m4ri	p11_0_3_4_5_5_6	p11_0_0_1_2_2_5	results/progressive_SmallGroup_8_4_20260123T231333Z	results/progressive_SmallGroup_8_4_20260123T231333Z/best_codes/SmallGroup_8_4__AAp11_0_3_4_5_5_6_BBp11_0_0_1_2_2_5_k4_d20	best_codes/collected/SmallGroup_8_4__AAp11_0_3_4_5_5_6_BBp11_0_0_1_2_2_5_k4_d20
SmallGroup_8_4__AAp11_0_3_4_5_5_6_BBp11_0_0_1_2_2_5_k4_d19	SmallGroup_8_4_	288	4	19	200000	dist-m4ri	p11_0_3_4_5_5_6	p11_0_0_1_2_2_5	results/progressive_SmallGroup_8_4_20260123T160806Z	results/progressive_SmallGroup_8_4_20260123T160806Z/best_codes/SmallGroup_8_4__AAp11_0_3_4_5_5_6_BBp11_0_0_1_2_2_5_k4_d19	best_codes/collected/SmallGroup_8_4__AAp11_0_3_4_5_5_6_BBp11_0_0_1_2_2_5_k4_d19
SmallGroup_8_4__AAp11_0_0_1_2_2_5_BBp11_0_3_4_5_5_6_k4_d18	SmallGroup_8_4_	288	4	18	200000	dist-m4ri	p11_0_0_1_2_2_5	p11_0_3_4_5_5_6	results/progressive_SmallGroup_8_4_20260123T160806Z	results/progressive_SmallGroup_8_4_20260123T160806Z/best_codes/SmallGroup_8_4__AAp11_0_0_1_2_2_5_BBp11_0_3_4_5_5_6_k4_d18	best_codes/collected/SmallGroup_8_4__AAp11_0_0_1_2_2_5_BBp11_0_3_4_5_5_6_k4_d18
SmallGroup_8_4__AAp11_0_0_1_2_2_5_BBp15_0_0_1_2_2_5_k4_d17	SmallGroup_8_4_	288	4	17	200000	dist-m4ri	p11_0_0_1_2_2_5	p15_0_0_1_2_2_5	results/progressive_SmallGroup_8_4_20260123T160806Z	results/progressive_SmallGroup_8_4_20260123T160806Z/best_codes/SmallGroup_8_4__AAp11_0_0_1_2_2_5_BBp15_0_0_1_2_2_5_k4_d17	best_codes/collected/SmallGroup_8_4__AAp11_0_0_1_2_2_5_BBp15_0_0_1_2_2_5_k4_d17
SmallGroup_8_4__AAp15_0_1_2_2_4_7_BBp15_0_3_4_6_6_7_k6_d21	SmallGroup_8_4_	288	6	21	100000	dist-m4ri	p15_0_1_2_2_4_7	p15_0_3_4_6_6_7	results/progressive_SmallGroup_8_4_20260123T231333Z	results/progressive_SmallGroup_8_4_20260123T231333Z/best_codes/SmallGroup_8_4__AAp15_0_1_2_2_4_7_BBp15_0_3_4_6_6_7_k6_d21	best_codes/collected/SmallGroup_8_4__AAp15_0_1_2_2_4_7_BBp15_0_3_4_6_6_7_k6_d21
SmallGroup_8_4__AAp15_0_0_1_4_6_6_BBp15_0_0_1_2_4_7_k6_d20	SmallGroup_8_4_	288	6	20	100000	dist-m4ri	p15_0_0_1_4_6_6	p15_0_0_1_2_4_7	results/progressive_SmallGroup_8_4_20260123T231333Z	results/progressive_SmallGroup_8_4_20260123T231333Z/best_codes/SmallGroup_8_4__AAp15_0_0_1_4_6_6_BBp15_0_0_1_2_4_7_k6_d20	best_codes/collected/SmallGroup_8_4__AAp15_0_0_1_4_6_6_BBp15_0_0_1_2_4_7_k6_d20
SmallGroup_8_4__AAp15_0_0_1_2_4_7_BBp15_0_0_1_4_6_6_k6_d19	SmallGroup_8_4_	288	6	19	100000	dist-m4ri	p15_0_0_1_2_4_7	p15_0_0_1_4_6_6	results/progressive_SmallGroup_8_4_20260123T231333Z	results/progressive_SmallGroup_8_4_20260123T231333Z/best_codes/SmallGroup_8_4__AAp15_0_0_1_2_4_7_BBp15_0_0_1_4_6_6_k6_d19	best_codes/collected/SmallGroup_8_4__AAp15_0_0_1_2_4_7_BBp15_0_0_1_4_6_6_k6_d19
SmallGroup_8_4__AAp15_0_0_1_2_4_4_BBp15_0_0_1_4_4_5_k6_d17	SmallGroup_8_4_	288	6	17	100000	dist-m4ri	p15_0_0_1_2_4_4	p15_0_0_1_4_4_5	results/progressive_SmallGroup_8_4_20260123T231333Z	results/progressive_SmallGroup_8_4_20260123T231333Z/best_codes/SmallGroup_8_4__AAp15_0_0_1_2_4_4_BBp15_0_0_1_4_4_5_k6_d17	best_codes/collected/SmallGroup_8_4__AAp15_0_0_1_2_4_4_BBp15_0_0_1_4_4_5_k6_d17
SmallGroup_8_4__AAp15_0_0_1_2_2_5_BBp15_0_0_1_4_6_6_k6_d16	SmallGroup_8_4_	288	6	16	100000	dist-m4ri	p15_0_0_1_2_2_5	p15_0_0_1_4_6_6	results/progressive_SmallGroup_8_4_20260123T231333Z	results/progressive_SmallGroup_8_4_20260123T231333Z/best_codes/SmallGroup_8_4__AAp15_0_0_1_2_2_5_BBp15_0_0_1_4_6_6_k6_d16	best_codes/collected/SmallGroup_8_4__AAp15_0_0_1_2_2_5_BBp15_0_0_1_4_6_6_k6_d16
SmallGroup_8_4__AAp6_0_0_1_1_2_4_BBp15_0_0_1_2_4_7_k8_d20	SmallGroup_8_4_	288	8	20	100000	dist-m4ri	p6_0_0_1_1_2_4	p15_0_0_1_2_4_7	results/progressive_SmallGroup_8_4_20260123T231333Z	results/progressive_SmallGroup_8_4_20260123T231333Z/best_codes/SmallGroup_8_4__AAp6_0_0_1_1_2_4_BBp15_0_0_1_2_4_7_k8_d20	best_codes/collected/SmallGroup_8_4__AAp6_0_0_1_1_2_4_BBp15_0_0_1_2_4_7_k8_d20
SmallGroup_8_4__AAp15_0_0_4_5_5_7_BBp15_0_1_2_2_4_7_k8_d19	SmallGroup_8_4_	288	8	19	100000	dist-m4ri	p15_0_0_4_5_5_7	p15_0_1_2_2_4_7	results/progressive_SmallGroup_8_4_20260123T231333Z	results/progressive_SmallGroup_8_4_20260123T231333Z/best_codes/SmallGroup_8_4__AAp15_0_0_4_5_5_7_BBp15_0_1_2_2_4_7_k8_d19	best_codes/collected/SmallGroup_8_4__AAp15_0_0_4_5_5_7_BBp15_0_1_2_2_4_7_k8_d19
SmallGroup_8_4__AAp15_0_1_1_4_4_6_BBp15_0_0_1_2_4_7_k8_d18	SmallGroup_8_4_	288	8	18	100000	dist-m4ri	p15_0_1_1_4_4_6	p15_0_0_1_2_4_7	results/progressive_SmallGroup_8_4_20260123T231333Z	results/progressive_SmallGroup_8_4_20260123T231333Z/best_codes/SmallGroup_8_4__AAp15_0_1_1_4_4_6_BBp15_0_0_1_2_4_7_k8_d18	best_codes/collected/SmallGroup_8_4__AAp15_0_1_1_4_4_6_BBp15_0_0_1_2_4_7_k8_d18
SmallGroup_8_4__AAp15_0_0_1_2_4_7_BBp15_0_1_1_4_4_6_k8_d17	SmallGroup_8_4_	288	8	17	100000	dist-m4ri	p15_0_0_1_2_4_7	p15_0_1_1_4_4_6	results/progressive_SmallGroup_8_4_20260123T231333Z	results/progressive_SmallGroup_8_4_20260123T231333Z/best_codes/SmallGroup_8_4__AAp15_0_0_1_2_4_7_BBp15_0_1_1_4_4_6_k8_d17	best_codes/collected/SmallGroup_8_4__AAp15_0_0_1_2_4_7_BBp15_0_1_1_4_4_6_k8_d17
SmallGroup_8_4__AAp11_0_3_4_5_5_6_BBp15_0_0_1_2_2_5_k8_d16	SmallGroup_8_4_	288	8	16	200000	dist-m4ri	p11_0_3_4_5_5_6	p15_0_0_1_2_2_5	results/progressive_SmallGroup_8_4_20260123T160806Z	results/progressive_SmallGroup_8_4_20260123T160806Z/best_codes/SmallGroup_8_4__AAp11_0_3_4_5_5_6_BBp15_0_0_1_2_2_5_k8_d16	best_codes/collected/SmallGroup_8_4__AAp11_0_3_4_5_5_6_BBp15_0_0_1_2_2_5_k8_d16
SmallGroup_8_4__AAp11_0_3_4_5_5_6_BBp12_0_1_2_3_4_5_k10_d16	SmallGroup_8_4_	288	10	16	100000	dist-m4ri	p11_0_3_4_5_5_6	p12_0_1_2_3_4_5	results/progressive_SmallGroup_8_4_20260123T231333Z	results/progressive_SmallGroup_8_4_20260123T231333Z/best_codes/SmallGroup_8_4__AAp11_0_3_4_5_5_6_BBp12_0_1_2_3_4_5_k10_d16	best_codes/collected/SmallGroup_8_4__AAp11_0_3_4_5_5_6_BBp12_0_1_2_3_4_5_k10_d16
SmallGroup_8_4__AAp12_0_1_2_3_4_5_BBp6_0_0_1_2_2_5_k12_d18	SmallGroup_8_4_	288	12	18	100000	dist-m4ri	p12_0_1_2_3_4_5	p6_0_0_1_2_2_5	results/progressive_SmallGroup_8_4_20260123T231333Z	results/progressive_SmallGroup_8_4_20260123T231333Z/best_codes/SmallGroup_8_4__AAp12_0_1_2_3_4_5_BBp6_0_0_1_2_2_5_k12_d18	best_codes/collected/SmallGroup_8_4__AAp12_0_1_2_3_4_5_BBp6_0_0_1_2_2_5_k12_d18
SmallGroup_8_4__AAp15_0_0_2_4_5_6_BBp6_0_0_1_2_2_5_k12_d17	SmallGroup_8_4_	288	12	17	100000	dist-m4ri	p15_0_0_2_4_5_6	p6_0_0_1_2_2_5	results/progressive_SmallGroup_8_4_20260123T231333Z	results/progressive_SmallGroup_8_4_20260123T231333Z/best_codes/SmallGroup_8_4__AAp15_0_0_2_4_5_6_BBp6_0_0_1_2_2_5_k12_d17	best_codes/collected/SmallGroup_8_4__AAp15_0_0_2_4_5_6_BBp6_0_0_1_2_2_5_k12_d17
SmallGroup_8_4__AAp15_0_0_2_4_5_6_BBp11_0_3_4_5_5_6_k12_d16	SmallGroup_8_4_	288	12	16	200000	dist-m4ri	p15_0_0_2_4_5_6	p11_0_3_4_5_5_6	results/progressive_SmallGroup_8_4_20260123T160806Z	results/progressive_SmallGroup_8_4_20260123T160806Z/best_codes/SmallGroup_8_4__AAp15_0_0_2_4_5_6_BBp11_0_3_4_5_5_6_k12_d16	best_codes/collected/SmallGroup_8_4__AAp15_0_0_2_4_5_6_BBp11_0_3_4_5_5_6_k12_d16
SmallGroup_8_4__AAp15_0_0_2_4_5_6_BBp8_0_0_1_1_2_6_k14_d16	SmallGroup_8_4_	288	14	16	100000	dist-m4ri	p15_0_0_2_4_5_6	p8_0_0_1_1_2_6	results/progressive_SmallGroup_8_4_20260123T231333Z	results/progressive_SmallGroup_8_4_20260123T231333Z/best_codes/SmallGroup_8_4__AAp15_0_0_2_4_5_6_BBp8_0_0_1_1_2_6_k14_d16	best_codes/collected/SmallGroup_8_4__AAp15_0_0_2_4_5_6_BBp8_0_0_1_1_2_6_k14_d16
SmallGroup_8_4__AAp15_0_0_1_1_2_6_BBp6_0_1_2_2_5_7_k16_d16	SmallGroup_8_4_	288	16	16	100000	dist-m4ri	p15_0_0_1_1_2_6	p6_0_1_2_2_5_7	results/progressive_SmallGroup_8_4_20260123T231333Z	results/progressive_SmallGroup_8_4_20260123T231333Z/best_codes/SmallGroup_8_4__AAp15_0_0_1_1_2_6_BBp6_0_1_2_2_5_7_k16_d16	best_codes/collected/SmallGroup_8_4__AAp15_0_0_1_1_2_6_BBp6_0_1_2_2_5_7_k16_d16
SmallGroup_8_5__AAp11_0_0_1_2_2_7_BBp11_0_0_1_2_3_5_k4_d20	SmallGroup_8_5_	288	4	20	100000	dist-m4ri	p11_0_0_1_2_2_7	p11_0_0_1_2_3_5	results/progressive_SmallGroup_8_5_20260129T091723Z	results/progressive_SmallGroup_8_5_20260129T091723Z/best_codes/SmallGroup_8_5__AAp11_0_0_1_2_2_7_BBp11_0_0_1_2_3_5_k4_d20	best_codes/collected/SmallGroup_8_5__AAp11_0_0_1_2_2_7_BBp11_0_0_1_2_3_5_k4_d20
SmallGroup_8_5__AAp11_0_0_1_2_3_3_BBp11_0_0_1_2_2_6_k4_d19	SmallGroup_8_5_	288	4	19	100000	dist-m4ri	p11_0_0_1_2_3_3	p11_0_0_1_2_2_6	results/progressive_SmallGroup_8_5_20260129T091723Z	results/progressive_SmallGroup_8_5_20260129T091723Z/best_codes/SmallGroup_8_5__AAp11_0_0_1_2_3_3_BBp11_0_0_1_2_2_6_k4_d19	best_codes/collected/SmallGroup_8_5__AAp11_0_0_1_2_3_3_BBp11_0_0_1_2_2_6_k4_d19
SmallGroup_8_5__AAp11_0_0_1_2_2_3_BBp11_0_0_1_2_3_6_k4_d18	SmallGroup_8_5_	288	4	18	100000	dist-m4ri	p11_0_0_1_2_2_3	p11_0_0_1_2_3_6	results/progressive_SmallGroup_8_5_20260129T091723Z	results/progressive_SmallGroup_8_5_20260129T091723Z/best_codes/SmallGroup_8_5__AAp11_0_0_1_2_2_3_BBp11_0_0_1_2_3_6_k4_d18	best_codes/collected/SmallGroup_8_5__AAp11_0_0_1_2_2_3_BBp11_0_0_1_2_3_6_k4_d18
SmallGroup_8_5__AAp11_0_0_1_2_2_3_BBp11_0_0_1_2_3_5_k4_d16	SmallGroup_8_5_	288	4	16	100000	dist-m4ri	p11_0_0_1_2_2_3	p11_0_0_1_2_3_5	results/progressive_SmallGroup_8_5_20260129T091723Z	results/progressive_SmallGroup_8_5_20260129T091723Z/best_codes/SmallGroup_8_5__AAp11_0_0_1_2_2_3_BBp11_0_0_1_2_3_5_k4_d16	best_codes/collected/SmallGroup_8_5__AAp11_0_0_1_2_2_3_BBp11_0_0_1_2_3_5_k4_d16
SmallGroup_8_5__AAp11_0_0_1_2_2_3_BBp6_0_1_2_3_4_5_k8_d20	SmallGroup_8_5_	288	8	20	100000	dist-m4ri	p11_0_0_1_2_2_3	p6_0_1_2_3_4_5	results/progressive_SmallGroup_8_5_20260129T091723Z	results/progressive_SmallGroup_8_5_20260129T091723Z/best_codes/SmallGroup_8_5__AAp11_0_0_1_2_2_3_BBp6_0_1_2_3_4_5_k8_d20	best_codes/collected/SmallGroup_8_5__AAp11_0_0_1_2_2_3_BBp6_0_1_2_3_4_5_k8_d20
SmallGroup_8_5__AAp11_0_1_3_4_5_7_BBp6_0_1_2_3_4_5_k12_d17	SmallGroup_8_5_	288	12	17	100000	dist-m4ri	p11_0_1_3_4_5_7	p6_0_1_2_3_4_5	results/progressive_SmallGroup_8_5_20260129T091723Z	results/progressive_SmallGroup_8_5_20260129T091723Z/best_codes/SmallGroup_8_5__AAp11_0_1_3_4_5_7_BBp6_0_1_2_3_4_5_k12_d17	best_codes/collected/SmallGroup_8_5__AAp11_0_1_3_4_5_7_BBp6_0_1_2_3_4_5_k12_d17
SmallGroup_8_5__AAp6_0_1_2_3_4_5_BBp6_0_1_2_4_5_7_k16_d19	SmallGroup_8_5_	288	16	19	100000	dist-m4ri	p6_0_1_2_3_4_5	p6_0_1_2_4_5_7	results/progressive_SmallGroup_8_5_20260129T091723Z	results/progressive_SmallGroup_8_5_20260129T091723Z/best_codes/SmallGroup_8_5__AAp6_0_1_2_3_4_5_BBp6_0_1_2_4_5_7_k16_d19	best_codes/collected/SmallGroup_8_5__AAp6_0_1_2_3_4_5_BBp6_0_1_2_4_5_7_k16_d19
SmallGroup_8_5__AAp6_0_0_0_1_2_5_BBp6_0_1_2_3_5_7_k16_d18	SmallGroup_8_5_	288	16	18	200000	dist-m4ri	p6_0_0_0_1_2_5	p6_0_1_2_3_5_7	results/smoke_SG8_5_20260129T115612Z	results/smoke_SG8_5_20260129T115612Z/best_codes/SmallGroup_8_5__AAp6_0_0_0_1_2_5_BBp6_0_1_2_3_5_7_k16_d18	best_codes/collected/SmallGroup_8_5__AAp6_0_0_0_1_2_5_BBp6_0_1_2_3_5_7_k16_d18
SmallGroup_8_5__AAp6_0_1_2_3_4_5_BBp6_0_1_2_3_5_7_k16_d18	SmallGroup_8_5_	288	16	18	200000	dist-m4ri	p6_0_1_2_3_4_5	p6_0_1_2_3_5_7	results/smoke_SG8_5_20260129T115612Z	results/smoke_SG8_5_20260129T115612Z/best_codes/SmallGroup_8_5__AAp6_0_1_2_3_4_5_BBp6_0_1_2_3_5_7_k16_d18	best_codes/collected/SmallGroup_8_5__AAp6_0_1_2_3_4_5_BBp6_0_1_2_3_5_7_k16_d18
SmallGroup_8_5__AAp6_0_1_2_3_4_5_BBp6_0_1_2_4_5_6_k16_d18	SmallGroup_8_5_	288	16	18	200000	dist-m4ri	p6_0_1_2_3_4_5	p6_0_1_2_4_5_6	results/smoke_SG8_5_20260129T115612Z	results/smoke_SG8_5_20260129T115612Z/best_codes/SmallGroup_8_5__AAp6_0_1_2_3_4_5_BBp6_0_1_2_4_5_6_k16_d18	best_codes/collected/SmallGroup_8_5__AAp6_0_1_2_3_4_5_BBp6_0_1_2_4_5_6_k16_d18
SmallGroup_8_5__AAp6_0_1_2_3_4_5_BBp6_0_2_4_5_6_7_k16_d18	SmallGroup_8_5_	288	16	18	200000	dist-m4ri	p6_0_1_2_3_4_5	p6_0_2_4_5_6_7	results/smoke_SG8_5_20260129T115612Z	results/smoke_SG8_5_20260129T115612Z/best_codes/SmallGroup_8_5__AAp6_0_1_2_3_4_5_BBp6_0_2_4_5_6_7_k16_d18	best_codes/collected/SmallGroup_8_5__AAp6_0_1_2_3_4_5_BBp6_0_2_4_5_6_7_k16_d18
SmallGroup_8_5__AAp6_0_1_2_3_5_7_BBp6_0_1_2_3_4_5_k16_d18	SmallGroup_8_5_	288	16	18	200000	dist-m4ri	p6_0_1_2_3_5_7	p6_0_1_2_3_4_5	results/smoke_SG8_5_20260129T115612Z	results/smoke_SG8_5_20260129T115612Z/best_codes/SmallGroup_8_5__AAp6_0_1_2_3_5_7_BBp6_0_1_2_3_4_5_k16_d18	best_codes/collected/SmallGroup_8_5__AAp6_0_1_2_3_5_7_BBp6_0_1_2_3_4_5_k16_d18
SmallGroup_8_5__AAp6_0_1_3_4_5_6_BBp6_0_0_0_1_2_7_k16_d18	SmallGroup_8_5_	288	16	18	200000	dist-m4ri	p6_0_1_3_4_5_6	p6_0_0_0_1_2_7	results/smoke_SG8_5_20260129T115612Z	results/smoke_SG8_5_20260129T115612Z/best_codes/SmallGroup_8_5__AAp6_0_1_3_4_5_6_BBp6_0_0_0_1_2_7_k16_d18	best_codes/collected/SmallGroup_8_5__AAp6_0_1_3_4_5_6_BBp6_0_0_0_1_2_7_k16_d18
SmallGroup_8_5__AAp6_0_2_3_5_6_7_BBp6_0_0_0_2_6_7_k16_d18	SmallGroup_8_5_	288	16	18	200000	dist-m4ri	p6_0_2_3_5_6_7	p6_0_0_0_2_6_7	results/smoke_SG8_5_20260129T115612Z	results/smoke_SG8_5_20260129T115612Z/best_codes/SmallGroup_8_5__AAp6_0_2_3_5_6_7_BBp6_0_0_0_2_6_7_k16_d18	best_codes/collected/SmallGroup_8_5__AAp6_0_2_3_5_6_7_BBp6_0_0_0_2_6_7_k16_d18
SmallGroup_8_5__AAp6_0_2_3_5_6_7_BBp6_0_1_2_3_4_7_k16_d18	SmallGroup_8_5_	288	16	18	200000	dist-m4ri	p6_0_2_3_5_6_7	p6_0_1_2_3_4_7	results/smoke_SG8_5_20260129T115612Z	results/smoke_SG8_5_20260129T115612Z/best_codes/SmallGroup_8_5__AAp6_0_2_3_5_6_7_BBp6_0_1_2_3_4_7_k16_d18	best_codes/collected/SmallGroup_8_5__AAp6_0_2_3_5_6_7_BBp6_0_1_2_3_4_7_k16_d18
SmallGroup_8_5__AAp6_0_3_4_5_6_7_BBp6_0_1_2_4_5_7_k16_d18	SmallGroup_8_5_	288	16	18	200000	dist-m4ri	p6_0_3_4_5_6_7	p6_0_1_2_4_5_7	results/smoke_SG8_5_20260129T115612Z	results/smoke_SG8_5_20260129T115612Z/best_codes/SmallGroup_8_5__AAp6_0_3_4_5_6_7_BBp6_0_1_2_4_5_7_k16_d18	best_codes/collected/SmallGroup_8_5__AAp6_0_3_4_5_6_7_BBp6_0_1_2_4_5_7_k16_d18
SmallGroup_8_5__AAp6_0_3_4_5_6_7_BBp6_0_2_3_5_6_7_k16_d18	SmallGroup_8_5_	288	16	18	200000	dist-m4ri	p6_0_3_4_5_6_7	p6_0_2_3_5_6_7	results/smoke_SG8_5_20260129T115612Z	results/smoke_SG8_5_20260129T115612Z/best_codes/SmallGroup_8_5__AAp6_0_3_4_5_6_7_BBp6_0_2_3_5_6_7_k16_d18	best_codes/collected/SmallGroup_8_5__AAp6_0_3_4_5_6_7_BBp6_0_2_3_5_6_7_k16_d18
SmallGroup_8_5__AAp6_0_1_2_3_4_5_BBp6_0_1_2_3_5_7_k16_d16	SmallGroup_8_5_	288	16	16	100000	dist-m4ri	p6_0_1_2_3_4_5	p6_0_1_2_3_5_7	results/progressive_SmallGroup_8_5_20260129T091723Z	results/progressive_SmallGroup_8_5_20260129T091723Z/best_codes/SmallGroup_8_5__AAp6_0_1_2_3_4_5_BBp6_0_1_2_3_5_7_k16_d16	best_codes/collected/SmallGroup_8_5__AAp6_0_1_2_3_4_5_BBp6_0_1_2_3_5_7_k16_d16
SmallGroup_9_1__AAp27_0_1_2_2_3_4_BBp27_0_2_3_6_6_7_k2_d21	SmallGroup_9_1_	324	2	21	200000	dist-m4ri	p27_0_1_2_2_3_4	p27_0_2_3_6_6_7	results/progressive_SmallGroup_9_1_20260123T160806Z	results/progressive_SmallGroup_9_1_20260123T160806Z/best_codes/SmallGroup_9_1__AAp27_0_1_2_2_3_4_BBp27_0_2_3_6_6_7_k2_d21	best_codes/collected/SmallGroup_9_1__AAp27_0_1_2_2_3_4_BBp27_0_2_3_6_6_7_k2_d21
SmallGroup_9_1__AAp27_0_1_2_2_3_4_BBp27_0_2_4_5_7_7_k2_d22	SmallGroup_9_1_	324	2	21	180000	dist-m4ri	p27_0_1_2_2_3_4	p27_0_2_4_5_7_7	results/progressive_SmallGroup_9_1_20260129T091723Z	results/progressive_SmallGroup_9_1_20260129T091723Z/best_codes/SmallGroup_9_1__AAp27_0_1_2_2_3_4_BBp27_0_2_4_5_7_7_k2_d22	best_codes/collected/SmallGroup_9_1__AAp27_0_1_2_2_3_4_BBp27_0_2_4_5_7_7_k2_d22
SmallGroup_9_1__AAp27_0_1_2_2_3_4_BBp11_0_0_1_2_7_7_k2_d19	SmallGroup_9_1_	324	2	19	200000	dist-m4ri	p27_0_1_2_2_3_4	p11_0_0_1_2_7_7	results/progressive_SmallGroup_9_1_20260123T160806Z	results/progressive_SmallGroup_9_1_20260123T160806Z/best_codes/SmallGroup_9_1__AAp27_0_1_2_2_3_4_BBp11_0_0_1_2_7_7_k2_d19	best_codes/collected/SmallGroup_9_1__AAp27_0_1_2_2_3_4_BBp11_0_0_1_2_7_7_k2_d19
SmallGroup_9_1__AAp27_0_1_2_2_3_4_BBp6_0_2_6_7_7_8_k4_d22	SmallGroup_9_1_	324	4	22	200000	dist-m4ri	p27_0_1_2_2_3_4	p6_0_2_6_7_7_8	results/progressive_SmallGroup_9_1_20260123T160806Z	results/progressive_SmallGroup_9_1_20260123T160806Z/best_codes/SmallGroup_9_1__AAp27_0_1_2_2_3_4_BBp6_0_2_6_7_7_8_k4_d22	best_codes/collected/SmallGroup_9_1__AAp27_0_1_2_2_3_4_BBp6_0_2_6_7_7_8_k4_d22
SmallGroup_9_1__AAp6_0_1_3_3_4_5_BBp11_0_0_1_2_7_7_k4_d18	SmallGroup_9_1_	324	4	18	200000	dist-m4ri	p6_0_1_3_3_4_5	p11_0_0_1_2_7_7	results/progressive_SmallGroup_9_1_20260123T160806Z	results/progressive_SmallGroup_9_1_20260123T160806Z/best_codes/SmallGroup_9_1__AAp6_0_1_3_3_4_5_BBp11_0_0_1_2_7_7_k4_d18	best_codes/collected/SmallGroup_9_1__AAp6_0_1_3_3_4_5_BBp11_0_0_1_2_7_7_k4_d18
SmallGroup_9_1__AAp27_0_2_3_3_5_6_BBp11_0_0_1_3_3_4_k6_d20	SmallGroup_9_1_	324	6	20	12000000	dist-m4ri	p27_0_2_3_3_5_6	p11_0_0_1_3_3_4	results/progressive_SmallGroup_9_1_20260129T091723Z	results/progressive_SmallGroup_9_1_20260129T091723Z/best_codes/SmallGroup_9_1__AAp27_0_2_3_3_5_6_BBp11_0_0_1_3_3_4_k6_d20	best_codes/collected/SmallGroup_9_1__AAp27_0_2_3_3_5_6_BBp11_0_0_1_3_3_4_k6_d20
SmallGroup_9_1__AAp11_0_0_1_1_2_4_BBp11_0_0_1_3_3_4_k6_d18	SmallGroup_9_1_	324	6	18	200000	dist-m4ri	p11_0_0_1_1_2_4	p11_0_0_1_3_3_4	results/progressive_SmallGroup_9_1_20260123T160806Z	results/progressive_SmallGroup_9_1_20260123T160806Z/best_codes/SmallGroup_9_1__AAp11_0_0_1_1_2_4_BBp11_0_0_1_3_3_4_k6_d18	best_codes/collected/SmallGroup_9_1__AAp11_0_0_1_1_2_4_BBp11_0_0_1_3_3_4_k6_d18
SmallGroup_9_1__AAp6_0_1_3_3_4_5_BBp11_0_0_1_3_3_7_k8_d19	SmallGroup_9_1_	324	8	19	100000	dist-m4ri	p6_0_1_3_3_4_5	p11_0_0_1_3_3_7	results/progressive_SmallGroup_9_1_20260129T091723Z	results/progressive_SmallGroup_9_1_20260129T091723Z/best_codes/SmallGroup_9_1__AAp6_0_1_3_3_4_5_BBp11_0_0_1_3_3_7_k8_d19	best_codes/collected/SmallGroup_9_1__AAp6_0_1_3_3_4_5_BBp11_0_0_1_3_3_7_k8_d19
SmallGroup_9_1__AAp6_0_1_3_3_4_5_BBp11_0_0_1_3_3_4_k8_d18	SmallGroup_9_1_	324	8	18	100000	dist-m4ri	p6_0_1_3_3_4_5	p11_0_0_1_3_3_4	results/progressive_SmallGroup_9_1_20260129T091723Z	results/progressive_SmallGroup_9_1_20260129T091723Z/best_codes/SmallGroup_9_1__AAp6_0_1_3_3_4_5_BBp11_0_0_1_3_3_4_k8_d18	best_codes/collected/SmallGroup_9_1__AAp6_0_1_3_3_4_5_BBp11_0_0_1_3_3_4_k8_d18
SmallGroup_9_1__AAp27_0_1_2_2_6_7_BBp0_0_1_2_2_3_7_k18_d18	SmallGroup_9_1_	324	18	18	100000	dist-m4ri	p27_0_1_2_2_6_7	p0_0_1_2_2_3_7	results/progressive_SmallGroup_9_1_20260129T091723Z	results/progressive_SmallGroup_9_1_20260129T091723Z/best_codes/SmallGroup_9_1__AAp27_0_1_2_2_6_7_BBp0_0_1_2_2_3_7_k18_d18	best_codes/collected/SmallGroup_9_1__AAp27_0_1_2_2_6_7_BBp0_0_1_2_2_3_7_k18_d18
SmallGroup_9_2__AAp11_0_0_1_1_2_7_BBp11_0_1_2_3_4_8_k2_d25	SmallGroup_9_2_	324	2	24	6000000	dist-m4ri	p11_0_0_1_1_2_7	p11_0_1_2_3_4_8	results/progressive_SmallGroup_9_2_20260129T091723Z	results/progressive_SmallGroup_9_2_20260129T091723Z/best_codes/SmallGroup_9_2__AAp11_0_0_1_1_2_7_BBp11_0_1_2_3_4_8_k2_d25	best_codes/collected/SmallGroup_9_2__AAp11_0_0_1_1_2_7_BBp11_0_1_2_3_4_8_k2_d25
SmallGroup_9_2__AAp11_0_0_1_1_2_2_BBp11_0_1_2_3_4_8_k2_d23	SmallGroup_9_2_	324	2	23	6000000	dist-m4ri	p11_0_0_1_1_2_2	p11_0_1_2_3_4_8	results/progressive_SmallGroup_9_2_20260129T091723Z	results/progressive_SmallGroup_9_2_20260129T091723Z/best_codes/SmallGroup_9_2__AAp11_0_0_1_1_2_2_BBp11_0_1_2_3_4_8_k2_d23	best_codes/collected/SmallGroup_9_2__AAp11_0_0_1_1_2_2_BBp11_0_1_2_3_4_8_k2_d23
SmallGroup_9_2__AAp11_0_0_1_2_2_6_BBp11_0_0_1_1_2_2_k2_d20	SmallGroup_9_2_	324	2	20	100000	dist-m4ri	p11_0_0_1_2_2_6	p11_0_0_1_1_2_2	results/progressive_SmallGroup_9_2_20260129T091723Z	results/progressive_SmallGroup_9_2_20260129T091723Z/best_codes/SmallGroup_9_2__AAp11_0_0_1_2_2_6_BBp11_0_0_1_1_2_2_k2_d20	best_codes/collected/SmallGroup_9_2__AAp11_0_0_1_2_2_6_BBp11_0_0_1_1_2_2_k2_d20
SmallGroup_9_2__AAp11_0_0_1_1_2_2_BBp11_0_0_1_1_2_7_k2_d18	SmallGroup_9_2_	324	2	18	100000	dist-m4ri	p11_0_0_1_1_2_2	p11_0_0_1_1_2_7	results/progressive_SmallGroup_9_2_20260129T091723Z	results/progressive_SmallGroup_9_2_20260129T091723Z/best_codes/SmallGroup_9_2__AAp11_0_0_1_1_2_2_BBp11_0_0_1_1_2_7_k2_d18	best_codes/collected/SmallGroup_9_2__AAp11_0_0_1_1_2_2_BBp11_0_0_1_1_2_7_k2_d18
SmallGroup_9_2__AAp10_0_1_1_2_4_6_BBp11_0_0_1_1_2_7_k4_d24	SmallGroup_9_2_	324	4	24	200000	dist-m4ri	p10_0_1_1_2_4_6	p11_0_0_1_1_2_7	results/progressive_SmallGroup_9_2_20260123T160805Z	results/progressive_SmallGroup_9_2_20260123T160805Z/best_codes/SmallGroup_9_2__AAp10_0_1_1_2_4_6_BBp11_0_0_1_1_2_7_k4_d24	best_codes/collected/SmallGroup_9_2__AAp10_0_1_1_2_4_6_BBp11_0_0_1_1_2_7_k4_d24
SmallGroup_9_2__AAp10_0_1_2_3_3_7_BBp10_0_0_1_1_2_2_k4_d23	SmallGroup_9_2_	324	4	23	100000	dist-m4ri	p10_0_1_2_3_3_7	p10_0_0_1_1_2_2	results/progressive_SmallGroup_9_2_20260129T091723Z	results/progressive_SmallGroup_9_2_20260129T091723Z/best_codes/SmallGroup_9_2__AAp10_0_1_2_3_3_7_BBp10_0_0_1_1_2_2_k4_d23	best_codes/collected/SmallGroup_9_2__AAp10_0_1_2_3_3_7_BBp10_0_0_1_1_2_2_k4_d23
SmallGroup_9_2__AAp10_0_1_2_3_6_7_BBp10_0_1_1_5_7_8_k4_d25	SmallGroup_9_2_	324	4	23	140000	dist-m4ri	p10_0_1_2_3_6_7	p10_0_1_1_5_7_8	results/progressive_SmallGroup_9_2_20260129T091723Z	results/progressive_SmallGroup_9_2_20260129T091723Z/best_codes/SmallGroup_9_2__AAp10_0_1_2_3_6_7_BBp10_0_1_1_5_7_8_k4_d25	best_codes/collected/SmallGroup_9_2__AAp10_0_1_2_3_6_7_BBp10_0_1_1_5_7_8_k4_d25
SmallGroup_9_2__AAp11_0_0_1_2_2_6_BBp10_0_1_1_5_7_8_k4_d24	SmallGroup_9_2_	324	4	23	260000	dist-m4ri	p11_0_0_1_2_2_6	p10_0_1_1_5_7_8	results/progressive_SmallGroup_9_2_20260129T091723Z	results/progressive_SmallGroup_9_2_20260129T091723Z/best_codes/SmallGroup_9_2__AAp11_0_0_1_2_2_6_BBp10_0_1_1_5_7_8_k4_d24	best_codes/collected/SmallGroup_9_2__AAp11_0_0_1_2_2_6_BBp10_0_1_1_5_7_8_k4_d24
SmallGroup_9_2__AAp10_0_1_2_3_3_7_BBp10_0_0_1_1_2_2_k4_d22	SmallGroup_9_2_	324	4	22	200000	dist-m4ri	p10_0_1_2_3_3_7	p10_0_0_1_1_2_2	results/progressive_SmallGroup_9_2_20260123T160805Z	results/progressive_SmallGroup_9_2_20260123T160805Z/best_codes/SmallGroup_9_2__AAp10_0_1_2_3_3_7_BBp10_0_0_1_1_2_2_k4_d22	best_codes/collected/SmallGroup_9_2__AAp10_0_1_2_3_3_7_BBp10_0_0_1_1_2_2_k4_d22
SmallGroup_9_2__AAp10_0_1_2_3_3_7_BBp11_0_0_1_1_2_7_k4_d20	SmallGroup_9_2_	324	4	20	100000	dist-m4ri	p10_0_1_2_3_3_7	p11_0_0_1_1_2_7	results/progressive_SmallGroup_9_2_20260129T091723Z	results/progressive_SmallGroup_9_2_20260129T091723Z/best_codes/SmallGroup_9_2__AAp10_0_1_2_3_3_7_BBp11_0_0_1_1_2_7_k4_d20	best_codes/collected/SmallGroup_9_2__AAp10_0_1_2_3_3_7_BBp11_0_0_1_1_2_7_k4_d20
SmallGroup_9_2__AAp11_0_0_1_2_3_6_BBp11_0_0_1_1_4_5_k6_d19	SmallGroup_9_2_	324	6	19	100000	dist-m4ri	p11_0_0_1_2_3_6	p11_0_0_1_1_4_5	results/progressive_SmallGroup_9_2_20260129T091723Z	results/progressive_SmallGroup_9_2_20260129T091723Z/best_codes/SmallGroup_9_2__AAp11_0_0_1_2_3_6_BBp11_0_0_1_1_4_5_k6_d19	best_codes/collected/SmallGroup_9_2__AAp11_0_0_1_2_3_6_BBp11_0_0_1_1_4_5_k6_d19
SmallGroup_9_2__AAp11_0_0_1_2_2_6_BBp11_0_0_1_1_2_7_k6_d18	SmallGroup_9_2_	324	6	18	100000	dist-m4ri	p11_0_0_1_2_2_6	p11_0_0_1_1_2_7	results/progressive_SmallGroup_9_2_20260129T091723Z	results/progressive_SmallGroup_9_2_20260129T091723Z/best_codes/SmallGroup_9_2__AAp11_0_0_1_2_2_6_BBp11_0_0_1_1_2_7_k6_d18	best_codes/collected/SmallGroup_9_2__AAp11_0_0_1_2_2_6_BBp11_0_0_1_1_2_7_k6_d18
SmallGroup_9_2__AAp10_0_1_4_4_5_6_BBp10_0_1_1_5_7_8_k8_d22	SmallGroup_9_2_	324	8	22	24000000	dist-m4ri	p10_0_1_4_4_5_6	p10_0_1_1_5_7_8	results/progressive_SmallGroup_9_2_20260129T091723Z	results/progressive_SmallGroup_9_2_20260129T091723Z/best_codes/SmallGroup_9_2__AAp10_0_1_4_4_5_6_BBp10_0_1_1_5_7_8_k8_d22	best_codes/collected/SmallGroup_9_2__AAp10_0_1_4_4_5_6_BBp10_0_1_1_5_7_8_k8_d22
SmallGroup_9_2__AAp10_0_1_1_2_4_6_BBp11_0_0_1_2_2_6_k8_d20	SmallGroup_9_2_	324	8	20	100000	dist-m4ri	p10_0_1_1_2_4_6	p11_0_0_1_2_2_6	results/progressive_SmallGroup_9_2_20260129T091723Z	results/progressive_SmallGroup_9_2_20260129T091723Z/best_codes/SmallGroup_9_2__AAp10_0_1_1_2_4_6_BBp11_0_0_1_2_2_6_k8_d20	best_codes/collected/SmallGroup_9_2__AAp10_0_1_1_2_4_6_BBp11_0_0_1_2_2_6_k8_d20
SmallGroup_9_2__AAp10_0_1_1_2_4_6_BBp10_0_1_1_5_7_8_k8_d18	SmallGroup_9_2_	324	8	18	100000	dist-m4ri	p10_0_1_1_2_4_6	p10_0_1_1_5_7_8	results/progressive_SmallGroup_9_2_20260129T091723Z	results/progressive_SmallGroup_9_2_20260129T091723Z/best_codes/SmallGroup_9_2__AAp10_0_1_1_2_4_6_BBp10_0_1_1_5_7_8_k8_d18	best_codes/collected/SmallGroup_9_2__AAp10_0_1_1_2_4_6_BBp10_0_1_1_5_7_8_k8_d18
SmallGroup_9_2__AAp11_0_1_3_4_5_8_BBp11_0_0_1_2_2_6_k10_d18	SmallGroup_9_2_	324	10	18	400000	dist-m4ri	p11_0_1_3_4_5_8	p11_0_0_1_2_2_6	results/progressive_SmallGroup_9_2_20260129T091723Z	results/progressive_SmallGroup_9_2_20260129T091723Z/best_codes/SmallGroup_9_2__AAp11_0_1_3_4_5_8_BBp11_0_0_1_2_2_6_k10_d18	best_codes/collected/SmallGroup_9_2__AAp11_0_1_3_4_5_8_BBp11_0_0_1_2_2_6_k10_d18
SmallGroup_9_2__AAp10_0_1_1_2_4_6_BBp10_0_1_2_4_5_7_k12_d18	SmallGroup_9_2_	324	12	18	100000	dist-m4ri	p10_0_1_1_2_4_6	p10_0_1_2_4_5_7	results/progressive_SmallGroup_9_2_20260129T091723Z	results/progressive_SmallGroup_9_2_20260129T091723Z/best_codes/SmallGroup_9_2__AAp10_0_1_1_2_4_6_BBp10_0_1_2_4_5_7_k12_d18	best_codes/collected/SmallGroup_9_2__AAp10_0_1_1_2_4_6_BBp10_0_1_2_4_5_7_k12_d18
